timestamp, name, index, pstate, clocks.current.graphics [MHz], clocks.current.memory [MHz], utilization.gpu [%], utilization.memory [%], power.draw [W]
2025/11/17 00:19:42.500, NVIDIA A100-SXM4-40GB, 0, P0, 1410 MHz, 1215 MHz, 91 %, 28 %, 91.16 W
2025/11/17 00:19:42.715, NVIDIA A100-SXM4-40GB, 0, P0, 1410 MHz, 1215 MHz, 6 %, 0 %, 82.01 W
2025/11/17 00:19:42.919, NVIDIA A100-SXM4-40GB, 0, P0, 1410 MHz, 1215 MHz, 0 %, 0 %, 81.41 W
2025/11/17 00:19:43.122, NVIDIA A100-SXM4-40GB, 0, P0, 1410 MHz, 1215 MHz, 2 %, 0 %, 204.61 W
2025/11/17 00:19:43.325, NVIDIA A100-SXM4-40GB, 0, P0, 1410 MHz, 1215 MHz, 97 %, 21 %, 302.94 W
2025/11/17 00:19:43.528, NVIDIA A100-SXM4-40GB, 0, P0, 1410 MHz, 1215 MHz, 56 %, 17 %, 83.20 W
2025/11/17 00:19:43.731, NVIDIA A100-SXM4-40GB, 0, P0, 1410 MHz, 1215 MHz, 0 %, 0 %, 82.28 W
2025/11/17 00:19:43.935, NVIDIA A100-SXM4-40GB, 0, P0, 1410 MHz, 1215 MHz, 0 %, 0 %, 81.41 W
2025/11/17 00:19:44.138, NVIDIA A100-SXM4-40GB, 0, P0, 1410 MHz, 1215 MHz, 0 %, 0 %, 81.68 W
2025/11/17 00:19:44.342, NVIDIA A100-SXM4-40GB, 0, P0, 1410 MHz, 1215 MHz, 0 %, 0 %, 81.59 W
2025/11/17 00:19:44.547, NVIDIA A100-SXM4-40GB, 0, P0, 1410 MHz, 1215 MHz, 0 %, 0 %, 81.92 W
2025/11/17 00:19:44.750, NVIDIA A100-SXM4-40GB, 0, P0, 1410 MHz, 1215 MHz, 0 %, 0 %, 81.92 W
2025/11/17 00:19:44.953, NVIDIA A100-SXM4-40GB, 0, P0, 1410 MHz, 1215 MHz, 0 %, 0 %, 82.28 W
2025/11/17 00:19:45.157, NVIDIA A100-SXM4-40GB, 0, P0, 1410 MHz, 1215 MHz, 0 %, 0 %, 83.20 W
2025/11/17 00:19:45.360, NVIDIA A100-SXM4-40GB, 0, P0, 1095 MHz, 1215 MHz, 0 %, 0 %, 67.26 W
2025/11/17 00:19:45.567, NVIDIA A100-SXM4-40GB, 0, P0, 270 MHz, 1215 MHz, 0 %, 0 %, 54.80 W
2025/11/17 00:19:45.771, NVIDIA A100-SXM4-40GB, 0, P0, 255 MHz, 1215 MHz, 0 %, 0 %, 54.54 W
2025/11/17 00:19:45.975, NVIDIA A100-SXM4-40GB, 0, P0, 225 MHz, 1215 MHz, 0 %, 0 %, 54.15 W
2025/11/17 00:19:46.179, NVIDIA A100-SXM4-40GB, 0, P0, 210 MHz, 1215 MHz, 0 %, 0 %, 54.21 W
2025/11/17 00:19:46.382, NVIDIA A100-SXM4-40GB, 0, P0, 210 MHz, 1215 MHz, 0 %, 0 %, 54.04 W
2025/11/17 00:19:46.586, NVIDIA A100-SXM4-40GB, 0, P0, 210 MHz, 1215 MHz, 0 %, 0 %, 54.21 W
2025/11/17 00:19:46.789, NVIDIA A100-SXM4-40GB, 0, P0, 210 MHz, 1215 MHz, 0 %, 0 %, 54.15 W
2025/11/17 00:19:46.992, NVIDIA A100-SXM4-40GB, 0, P0, 210 MHz, 1215 MHz, 0 %, 0 %, 53.66 W
2025/11/17 00:19:47.196, NVIDIA A100-SXM4-40GB, 0, P0, 210 MHz, 1215 MHz, 0 %, 0 %, 53.61 W
2025/11/17 00:19:47.399, NVIDIA A100-SXM4-40GB, 0, P0, 1095 MHz, 1215 MHz, 0 %, 0 %, 53.77 W
2025/11/17 00:19:47.603, NVIDIA A100-SXM4-40GB, 0, P0, 1095 MHz, 1215 MHz, 3 %, 0 %, 60.55 W
2025/11/17 00:19:47.809, NVIDIA A100-SXM4-40GB, 0, P0, 1095 MHz, 1215 MHz, 19 %, 1 %, 60.23 W
2025/11/17 00:19:48.012, NVIDIA A100-SXM4-40GB, 0, P0, 1095 MHz, 1215 MHz, 0 %, 0 %, 60.29 W
2025/11/17 00:19:48.215, NVIDIA A100-SXM4-40GB, 0, P0, 1095 MHz, 1215 MHz, 0 %, 0 %, 60.29 W
2025/11/17 00:19:48.418, NVIDIA A100-SXM4-40GB, 0, P0, 1095 MHz, 1215 MHz, 0 %, 0 %, 60.49 W
2025/11/17 00:19:48.622, NVIDIA A100-SXM4-40GB, 0, P0, 1095 MHz, 1215 MHz, 0 %, 0 %, 60.55 W
2025/11/17 00:19:48.825, NVIDIA A100-SXM4-40GB, 0, P0, 1095 MHz, 1215 MHz, 0 %, 0 %, 60.88 W
2025/11/17 00:19:49.028, NVIDIA A100-SXM4-40GB, 0, P0, 1095 MHz, 1215 MHz, 0 %, 0 %, 60.62 W
2025/11/17 00:19:49.231, NVIDIA A100-SXM4-40GB, 0, P0, 1095 MHz, 1215 MHz, 0 %, 0 %, 59.69 W
2025/11/17 00:19:49.435, NVIDIA A100-SXM4-40GB, 0, P0, 390 MHz, 1215 MHz, 0 %, 0 %, 54.42 W
2025/11/17 00:19:49.640, NVIDIA A100-SXM4-40GB, 0, P0, 360 MHz, 1215 MHz, 0 %, 0 %, 54.04 W
2025/11/17 00:19:49.844, NVIDIA A100-SXM4-40GB, 0, P0, 330 MHz, 1215 MHz, 0 %, 0 %, 54.10 W
2025/11/17 00:19:50.048, NVIDIA A100-SXM4-40GB, 0, P0, 300 MHz, 1215 MHz, 0 %, 0 %, 53.61 W
2025/11/17 00:19:50.254, NVIDIA A100-SXM4-40GB, 0, P0, 270 MHz, 1215 MHz, 0 %, 0 %, 53.77 W
2025/11/17 00:19:50.459, NVIDIA A100-SXM4-40GB, 0, P0, 255 MHz, 1215 MHz, 0 %, 0 %, 53.77 W
2025/11/17 00:19:50.666, NVIDIA A100-SXM4-40GB, 0, P0, 1095 MHz, 1215 MHz, 0 %, 0 %, 59.57 W
2025/11/17 00:19:50.873, NVIDIA A100-SXM4-40GB, 0, P0, 1095 MHz, 1215 MHz, 3 %, 0 %, 60.01 W
2025/11/17 00:19:51.079, NVIDIA A100-SXM4-40GB, 0, P0, 1095 MHz, 1215 MHz, 19 %, 1 %, 60.01 W
2025/11/17 00:19:51.284, NVIDIA A100-SXM4-40GB, 0, P0, 1095 MHz, 1215 MHz, 0 %, 0 %, 59.69 W
2025/11/17 00:19:51.498, NVIDIA A100-SXM4-40GB, 0, P0, 1095 MHz, 1215 MHz, 0 %, 0 %, 59.42 W
2025/11/17 00:19:51.704, NVIDIA A100-SXM4-40GB, 0, P0, 1095 MHz, 1215 MHz, 0 %, 0 %, 59.69 W
2025/11/17 00:19:51.910, NVIDIA A100-SXM4-40GB, 0, P0, 1095 MHz, 1215 MHz, 0 %, 0 %, 59.69 W
2025/11/17 00:19:52.120, NVIDIA A100-SXM4-40GB, 0, P0, 1095 MHz, 1215 MHz, 0 %, 0 %, 59.57 W
2025/11/17 00:19:52.326, NVIDIA A100-SXM4-40GB, 0, P0, 1095 MHz, 1215 MHz, 0 %, 0 %, 59.63 W
2025/11/17 00:19:52.532, NVIDIA A100-SXM4-40GB, 0, P0, 375 MHz, 1215 MHz, 0 %, 0 %, 53.83 W
2025/11/17 00:19:52.740, NVIDIA A100-SXM4-40GB, 0, P0, 345 MHz, 1215 MHz, 0 %, 0 %, 54.15 W
2025/11/17 00:19:52.948, NVIDIA A100-SXM4-40GB, 0, P0, 1095 MHz, 1215 MHz, 3 %, 0 %, 60.88 W
2025/11/17 00:19:53.157, NVIDIA A100-SXM4-40GB, 0, P0, 1095 MHz, 1215 MHz, 8 %, 0 %, 59.75 W
2025/11/17 00:19:53.363, NVIDIA A100-SXM4-40GB, 0, P0, 1095 MHz, 1215 MHz, 0 %, 0 %, 59.63 W
2025/11/17 00:19:53.570, NVIDIA A100-SXM4-40GB, 0, P0, 1095 MHz, 1215 MHz, 0 %, 0 %, 59.63 W
2025/11/17 00:19:53.776, NVIDIA A100-SXM4-40GB, 0, P0, 1095 MHz, 1215 MHz, 0 %, 0 %, 59.69 W
2025/11/17 00:19:53.982, NVIDIA A100-SXM4-40GB, 0, P0, 1095 MHz, 1215 MHz, 0 %, 0 %, 59.89 W
2025/11/17 00:19:54.189, NVIDIA A100-SXM4-40GB, 0, P0, 1095 MHz, 1215 MHz, 0 %, 0 %, 59.95 W
2025/11/17 00:19:54.397, NVIDIA A100-SXM4-40GB, 0, P0, 315 MHz, 1215 MHz, 0 %, 0 %, 59.95 W
2025/11/17 00:19:54.605, NVIDIA A100-SXM4-40GB, 0, P0, 285 MHz, 1215 MHz, 0 %, 0 %, 53.89 W
2025/11/17 00:19:54.812, NVIDIA A100-SXM4-40GB, 0, P0, 255 MHz, 1215 MHz, 0 %, 0 %, 53.89 W
2025/11/17 00:19:55.021, NVIDIA A100-SXM4-40GB, 0, P0, 240 MHz, 1215 MHz, 0 %, 0 %, 54.15 W
2025/11/17 00:19:55.227, NVIDIA A100-SXM4-40GB, 0, P0, 210 MHz, 1215 MHz, 0 %, 0 %, 53.89 W
2025/11/17 00:19:55.434, NVIDIA A100-SXM4-40GB, 0, P0, 210 MHz, 1215 MHz, 0 %, 0 %, 53.77 W
2025/11/17 00:19:55.641, NVIDIA A100-SXM4-40GB, 0, P0, 210 MHz, 1215 MHz, 0 %, 0 %, 53.89 W
2025/11/17 00:19:55.848, NVIDIA A100-SXM4-40GB, 0, P0, 210 MHz, 1215 MHz, 0 %, 0 %, 53.72 W
2025/11/17 00:19:56.054, NVIDIA A100-SXM4-40GB, 0, P0, 210 MHz, 1215 MHz, 0 %, 0 %, 53.83 W
2025/11/17 00:19:56.261, NVIDIA A100-SXM4-40GB, 0, P0, 210 MHz, 1215 MHz, 0 %, 0 %, 53.50 W
2025/11/17 00:19:56.470, NVIDIA A100-SXM4-40GB, 0, P0, 210 MHz, 1215 MHz, 0 %, 0 %, 53.83 W
2025/11/17 00:19:56.676, NVIDIA A100-SXM4-40GB, 0, P0, 210 MHz, 1215 MHz, 0 %, 0 %, 53.38 W
2025/11/17 00:19:56.882, NVIDIA A100-SXM4-40GB, 0, P0, 210 MHz, 1215 MHz, 0 %, 0 %, 53.72 W
2025/11/17 00:19:57.088, NVIDIA A100-SXM4-40GB, 0, P0, 210 MHz, 1215 MHz, 0 %, 0 %, 53.83 W
2025/11/17 00:19:57.296, NVIDIA A100-SXM4-40GB, 0, P0, 210 MHz, 1215 MHz, 0 %, 0 %, 53.72 W
2025/11/17 00:19:57.502, NVIDIA A100-SXM4-40GB, 0, P0, 210 MHz, 1215 MHz, 0 %, 0 %, 53.72 W
2025/11/17 00:19:57.705, NVIDIA A100-SXM4-40GB, 0, P0, 210 MHz, 1215 MHz, 0 %, 0 %, 53.77 W
2025/11/17 00:19:57.909, NVIDIA A100-SXM4-40GB, 0, P0, 210 MHz, 1215 MHz, 0 %, 0 %, 53.72 W
2025/11/17 00:19:58.112, NVIDIA A100-SXM4-40GB, 0, P0, 210 MHz, 1215 MHz, 0 %, 0 %, 53.72 W
2025/11/17 00:19:58.316, NVIDIA A100-SXM4-40GB, 0, P0, 210 MHz, 1215 MHz, 0 %, 0 %, 53.55 W
2025/11/17 00:19:58.521, NVIDIA A100-SXM4-40GB, 0, P0, 210 MHz, 1215 MHz, 0 %, 0 %, 53.83 W
2025/11/17 00:19:58.725, NVIDIA A100-SXM4-40GB, 0, P0, 210 MHz, 1215 MHz, 0 %, 0 %, 53.66 W
2025/11/17 00:19:58.929, NVIDIA A100-SXM4-40GB, 0, P0, 210 MHz, 1215 MHz, 0 %, 0 %, 53.72 W
2025/11/17 00:19:59.133, NVIDIA A100-SXM4-40GB, 0, P0, 210 MHz, 1215 MHz, 0 %, 0 %, 53.83 W
2025/11/17 00:19:59.337, NVIDIA A100-SXM4-40GB, 0, P0, 210 MHz, 1215 MHz, 0 %, 0 %, 53.44 W
2025/11/17 00:19:59.540, NVIDIA A100-SXM4-40GB, 0, P0, 210 MHz, 1215 MHz, 0 %, 0 %, 53.50 W
2025/11/17 00:19:59.744, NVIDIA A100-SXM4-40GB, 0, P0, 210 MHz, 1215 MHz, 0 %, 0 %, 53.77 W
2025/11/17 00:19:59.948, NVIDIA A100-SXM4-40GB, 0, P0, 210 MHz, 1215 MHz, 0 %, 0 %, 53.50 W
2025/11/17 00:20:00.153, NVIDIA A100-SXM4-40GB, 0, P0, 210 MHz, 1215 MHz, 0 %, 0 %, 53.27 W
2025/11/17 00:20:00.357, NVIDIA A100-SXM4-40GB, 0, P0, 210 MHz, 1215 MHz, 0 %, 0 %, 53.44 W
2025/11/17 00:20:00.560, NVIDIA A100-SXM4-40GB, 0, P0, 210 MHz, 1215 MHz, 0 %, 0 %, 53.55 W
2025/11/17 00:20:00.764, NVIDIA A100-SXM4-40GB, 0, P0, 210 MHz, 1215 MHz, 0 %, 0 %, 53.50 W
2025/11/17 00:20:00.967, NVIDIA A100-SXM4-40GB, 0, P0, 210 MHz, 1215 MHz, 0 %, 0 %, 53.44 W
2025/11/17 00:20:01.171, NVIDIA A100-SXM4-40GB, 0, P0, 210 MHz, 1215 MHz, 0 %, 0 %, 53.44 W
2025/11/17 00:20:01.374, NVIDIA A100-SXM4-40GB, 0, P0, 210 MHz, 1215 MHz, 0 %, 0 %, 53.83 W
2025/11/17 00:20:01.579, NVIDIA A100-SXM4-40GB, 0, P0, 210 MHz, 1215 MHz, 0 %, 0 %, 53.61 W
2025/11/17 00:20:01.784, NVIDIA A100-SXM4-40GB, 0, P0, 210 MHz, 1215 MHz, 0 %, 0 %, 53.55 W
2025/11/17 00:20:01.987, NVIDIA A100-SXM4-40GB, 0, P0, 210 MHz, 1215 MHz, 0 %, 0 %, 53.72 W
2025/11/17 00:20:02.190, NVIDIA A100-SXM4-40GB, 0, P0, 210 MHz, 1215 MHz, 0 %, 0 %, 53.55 W
2025/11/17 00:20:02.394, NVIDIA A100-SXM4-40GB, 0, P0, 210 MHz, 1215 MHz, 0 %, 0 %, 53.55 W
2025/11/17 00:20:02.597, NVIDIA A100-SXM4-40GB, 0, P0, 210 MHz, 1215 MHz, 0 %, 0 %, 53.77 W
2025/11/17 00:20:02.801, NVIDIA A100-SXM4-40GB, 0, P0, 210 MHz, 1215 MHz, 0 %, 0 %, 53.94 W
2025/11/17 00:20:03.005, NVIDIA A100-SXM4-40GB, 0, P0, 210 MHz, 1215 MHz, 0 %, 0 %, 53.72 W
2025/11/17 00:20:03.209, NVIDIA A100-SXM4-40GB, 0, P0, 210 MHz, 1215 MHz, 0 %, 0 %, 53.55 W
2025/11/17 00:20:03.414, NVIDIA A100-SXM4-40GB, 0, P0, 210 MHz, 1215 MHz, 0 %, 0 %, 53.44 W
2025/11/17 00:20:03.617, NVIDIA A100-SXM4-40GB, 0, P0, 210 MHz, 1215 MHz, 0 %, 0 %, 53.66 W
2025/11/17 00:20:03.821, NVIDIA A100-SXM4-40GB, 0, P0, 210 MHz, 1215 MHz, 0 %, 0 %, 53.50 W
2025/11/17 00:20:04.024, NVIDIA A100-SXM4-40GB, 0, P0, 210 MHz, 1215 MHz, 0 %, 0 %, 53.50 W
2025/11/17 00:20:04.228, NVIDIA A100-SXM4-40GB, 0, P0, 210 MHz, 1215 MHz, 0 %, 0 %, 53.72 W
2025/11/17 00:20:04.431, NVIDIA A100-SXM4-40GB, 0, P0, 210 MHz, 1215 MHz, 0 %, 0 %, 53.89 W
2025/11/17 00:20:04.635, NVIDIA A100-SXM4-40GB, 0, P0, 210 MHz, 1215 MHz, 0 %, 0 %, 53.38 W
2025/11/17 00:20:04.838, NVIDIA A100-SXM4-40GB, 0, P0, 210 MHz, 1215 MHz, 0 %, 0 %, 53.61 W
2025/11/17 00:20:05.042, NVIDIA A100-SXM4-40GB, 0, P0, 210 MHz, 1215 MHz, 0 %, 0 %, 53.94 W
2025/11/17 00:20:05.246, NVIDIA A100-SXM4-40GB, 0, P0, 210 MHz, 1215 MHz, 0 %, 0 %, 53.55 W
2025/11/17 00:20:05.450, NVIDIA A100-SXM4-40GB, 0, P0, 210 MHz, 1215 MHz, 0 %, 0 %, 53.50 W
2025/11/17 00:20:05.653, NVIDIA A100-SXM4-40GB, 0, P0, 210 MHz, 1215 MHz, 0 %, 0 %, 53.72 W
2025/11/17 00:20:05.856, NVIDIA A100-SXM4-40GB, 0, P0, 210 MHz, 1215 MHz, 0 %, 0 %, 53.77 W
2025/11/17 00:20:06.060, NVIDIA A100-SXM4-40GB, 0, P0, 210 MHz, 1215 MHz, 0 %, 0 %, 53.72 W
2025/11/17 00:20:06.263, NVIDIA A100-SXM4-40GB, 0, P0, 210 MHz, 1215 MHz, 0 %, 0 %, 53.77 W
2025/11/17 00:20:06.467, NVIDIA A100-SXM4-40GB, 0, P0, 210 MHz, 1215 MHz, 0 %, 0 %, 53.61 W
2025/11/17 00:20:06.670, NVIDIA A100-SXM4-40GB, 0, P0, 210 MHz, 1215 MHz, 0 %, 0 %, 53.89 W
2025/11/17 00:20:06.876, NVIDIA A100-SXM4-40GB, 0, P0, 210 MHz, 1215 MHz, 0 %, 0 %, 53.72 W
2025/11/17 00:20:07.079, NVIDIA A100-SXM4-40GB, 0, P0, 210 MHz, 1215 MHz, 0 %, 0 %, 53.50 W
2025/11/17 00:20:07.283, NVIDIA A100-SXM4-40GB, 0, P0, 210 MHz, 1215 MHz, 0 %, 0 %, 53.50 W
2025/11/17 00:20:07.486, NVIDIA A100-SXM4-40GB, 0, P0, 210 MHz, 1215 MHz, 0 %, 0 %, 53.55 W
2025/11/17 00:20:07.689, NVIDIA A100-SXM4-40GB, 0, P0, 210 MHz, 1215 MHz, 0 %, 0 %, 53.83 W
2025/11/17 00:20:07.893, NVIDIA A100-SXM4-40GB, 0, P0, 210 MHz, 1215 MHz, 0 %, 0 %, 53.72 W
2025/11/17 00:20:08.097, NVIDIA A100-SXM4-40GB, 0, P0, 210 MHz, 1215 MHz, 0 %, 0 %, 53.89 W
2025/11/17 00:20:08.300, NVIDIA A100-SXM4-40GB, 0, P0, 210 MHz, 1215 MHz, 0 %, 0 %, 53.94 W
2025/11/17 00:20:08.505, NVIDIA A100-SXM4-40GB, 0, P0, 210 MHz, 1215 MHz, 0 %, 0 %, 53.55 W
2025/11/17 00:20:08.708, NVIDIA A100-SXM4-40GB, 0, P0, 210 MHz, 1215 MHz, 0 %, 0 %, 53.55 W
2025/11/17 00:20:08.912, NVIDIA A100-SXM4-40GB, 0, P0, 210 MHz, 1215 MHz, 0 %, 0 %, 53.50 W
2025/11/17 00:20:09.115, NVIDIA A100-SXM4-40GB, 0, P0, 210 MHz, 1215 MHz, 0 %, 0 %, 53.44 W
2025/11/17 00:20:09.318, NVIDIA A100-SXM4-40GB, 0, P0, 210 MHz, 1215 MHz, 0 %, 0 %, 53.61 W
2025/11/17 00:20:09.522, NVIDIA A100-SXM4-40GB, 0, P0, 210 MHz, 1215 MHz, 0 %, 0 %, 53.55 W
2025/11/17 00:20:09.725, NVIDIA A100-SXM4-40GB, 0, P0, 210 MHz, 1215 MHz, 0 %, 0 %, 53.61 W
2025/11/17 00:20:09.929, NVIDIA A100-SXM4-40GB, 0, P0, 210 MHz, 1215 MHz, 0 %, 0 %, 53.50 W
2025/11/17 00:20:10.132, NVIDIA A100-SXM4-40GB, 0, P0, 210 MHz, 1215 MHz, 0 %, 0 %, 53.50 W
2025/11/17 00:20:10.338, NVIDIA A100-SXM4-40GB, 0, P0, 210 MHz, 1215 MHz, 0 %, 0 %, 53.38 W
2025/11/17 00:20:10.541, NVIDIA A100-SXM4-40GB, 0, P0, 210 MHz, 1215 MHz, 0 %, 0 %, 53.55 W
2025/11/17 00:20:10.744, NVIDIA A100-SXM4-40GB, 0, P0, 210 MHz, 1215 MHz, 0 %, 0 %, 53.50 W
2025/11/17 00:20:10.948, NVIDIA A100-SXM4-40GB, 0, P0, 210 MHz, 1215 MHz, 0 %, 0 %, 53.44 W
2025/11/17 00:20:11.151, NVIDIA A100-SXM4-40GB, 0, P0, 210 MHz, 1215 MHz, 0 %, 0 %, 53.61 W
2025/11/17 00:20:11.355, NVIDIA A100-SXM4-40GB, 0, P0, 210 MHz, 1215 MHz, 0 %, 0 %, 53.83 W
2025/11/17 00:20:11.559, NVIDIA A100-SXM4-40GB, 0, P0, 210 MHz, 1215 MHz, 0 %, 0 %, 54.00 W
2025/11/17 00:20:11.762, NVIDIA A100-SXM4-40GB, 0, P0, 210 MHz, 1215 MHz, 0 %, 0 %, 53.77 W
2025/11/17 00:20:11.967, NVIDIA A100-SXM4-40GB, 0, P0, 210 MHz, 1215 MHz, 0 %, 0 %, 53.50 W
2025/11/17 00:20:12.172, NVIDIA A100-SXM4-40GB, 0, P0, 210 MHz, 1215 MHz, 0 %, 0 %, 53.66 W
2025/11/17 00:20:12.378, NVIDIA A100-SXM4-40GB, 0, P0, 210 MHz, 1215 MHz, 0 %, 0 %, 53.38 W
2025/11/17 00:20:12.583, NVIDIA A100-SXM4-40GB, 0, P0, 210 MHz, 1215 MHz, 0 %, 0 %, 53.33 W
2025/11/17 00:20:12.789, NVIDIA A100-SXM4-40GB, 0, P0, 210 MHz, 1215 MHz, 0 %, 0 %, 53.55 W
2025/11/17 00:20:12.996, NVIDIA A100-SXM4-40GB, 0, P0, 210 MHz, 1215 MHz, 0 %, 0 %, 53.50 W
2025/11/17 00:20:13.202, NVIDIA A100-SXM4-40GB, 0, P0, 210 MHz, 1215 MHz, 0 %, 0 %, 53.50 W
2025/11/17 00:20:13.408, NVIDIA A100-SXM4-40GB, 0, P0, 210 MHz, 1215 MHz, 0 %, 0 %, 53.61 W
2025/11/17 00:20:13.613, NVIDIA A100-SXM4-40GB, 0, P0, 210 MHz, 1215 MHz, 0 %, 0 %, 53.77 W
2025/11/17 00:20:13.820, NVIDIA A100-SXM4-40GB, 0, P0, 210 MHz, 1215 MHz, 0 %, 0 %, 53.50 W
2025/11/17 00:20:14.026, NVIDIA A100-SXM4-40GB, 0, P0, 210 MHz, 1215 MHz, 0 %, 0 %, 53.89 W
2025/11/17 00:20:14.231, NVIDIA A100-SXM4-40GB, 0, P0, 210 MHz, 1215 MHz, 0 %, 0 %, 53.50 W
2025/11/17 00:20:14.437, NVIDIA A100-SXM4-40GB, 0, P0, 210 MHz, 1215 MHz, 0 %, 0 %, 53.50 W
2025/11/17 00:20:14.643, NVIDIA A100-SXM4-40GB, 0, P0, 210 MHz, 1215 MHz, 0 %, 0 %, 53.33 W
2025/11/17 00:20:14.851, NVIDIA A100-SXM4-40GB, 0, P0, 210 MHz, 1215 MHz, 0 %, 0 %, 53.66 W
2025/11/17 00:20:15.057, NVIDIA A100-SXM4-40GB, 0, P0, 210 MHz, 1215 MHz, 0 %, 0 %, 53.61 W
2025/11/17 00:20:15.264, NVIDIA A100-SXM4-40GB, 0, P0, 210 MHz, 1215 MHz, 0 %, 0 %, 53.44 W
2025/11/17 00:20:15.471, NVIDIA A100-SXM4-40GB, 0, P0, 210 MHz, 1215 MHz, 0 %, 0 %, 53.44 W
2025/11/17 00:20:15.677, NVIDIA A100-SXM4-40GB, 0, P0, 210 MHz, 1215 MHz, 0 %, 0 %, 53.50 W
2025/11/17 00:20:15.883, NVIDIA A100-SXM4-40GB, 0, P0, 210 MHz, 1215 MHz, 0 %, 0 %, 53.44 W
2025/11/17 00:20:16.089, NVIDIA A100-SXM4-40GB, 0, P0, 210 MHz, 1215 MHz, 0 %, 0 %, 53.44 W
2025/11/17 00:20:16.295, NVIDIA A100-SXM4-40GB, 0, P0, 210 MHz, 1215 MHz, 0 %, 0 %, 53.66 W
2025/11/17 00:20:16.502, NVIDIA A100-SXM4-40GB, 0, P0, 210 MHz, 1215 MHz, 0 %, 0 %, 53.55 W
2025/11/17 00:20:16.708, NVIDIA A100-SXM4-40GB, 0, P0, 210 MHz, 1215 MHz, 0 %, 0 %, 53.22 W
2025/11/17 00:20:16.914, NVIDIA A100-SXM4-40GB, 0, P0, 210 MHz, 1215 MHz, 0 %, 0 %, 53.44 W
2025/11/17 00:20:17.121, NVIDIA A100-SXM4-40GB, 0, P0, 210 MHz, 1215 MHz, 0 %, 0 %, 53.44 W
2025/11/17 00:20:17.328, NVIDIA A100-SXM4-40GB, 0, P0, 210 MHz, 1215 MHz, 0 %, 0 %, 53.55 W
2025/11/17 00:20:17.533, NVIDIA A100-SXM4-40GB, 0, P0, 210 MHz, 1215 MHz, 0 %, 0 %, 53.66 W
2025/11/17 00:20:17.737, NVIDIA A100-SXM4-40GB, 0, P0, 210 MHz, 1215 MHz, 0 %, 0 %, 53.50 W
2025/11/17 00:20:17.941, NVIDIA A100-SXM4-40GB, 0, P0, 210 MHz, 1215 MHz, 0 %, 0 %, 53.61 W
2025/11/17 00:20:18.144, NVIDIA A100-SXM4-40GB, 0, P0, 210 MHz, 1215 MHz, 0 %, 0 %, 53.55 W
2025/11/17 00:20:18.348, NVIDIA A100-SXM4-40GB, 0, P0, 210 MHz, 1215 MHz, 0 %, 0 %, 53.44 W
2025/11/17 00:20:18.553, NVIDIA A100-SXM4-40GB, 0, P0, 210 MHz, 1215 MHz, 0 %, 0 %, 53.55 W
2025/11/17 00:20:18.757, NVIDIA A100-SXM4-40GB, 0, P0, 210 MHz, 1215 MHz, 0 %, 0 %, 53.55 W
2025/11/17 00:20:18.960, NVIDIA A100-SXM4-40GB, 0, P0, 210 MHz, 1215 MHz, 0 %, 0 %, 53.44 W
2025/11/17 00:20:19.164, NVIDIA A100-SXM4-40GB, 0, P0, 210 MHz, 1215 MHz, 0 %, 0 %, 53.50 W
2025/11/17 00:20:19.367, NVIDIA A100-SXM4-40GB, 0, P0, 210 MHz, 1215 MHz, 0 %, 0 %, 53.38 W
2025/11/17 00:20:19.571, NVIDIA A100-SXM4-40GB, 0, P0, 210 MHz, 1215 MHz, 0 %, 0 %, 53.44 W
2025/11/17 00:20:19.774, NVIDIA A100-SXM4-40GB, 0, P0, 210 MHz, 1215 MHz, 0 %, 0 %, 53.61 W
2025/11/17 00:20:19.978, NVIDIA A100-SXM4-40GB, 0, P0, 210 MHz, 1215 MHz, 0 %, 0 %, 53.50 W
2025/11/17 00:20:20.182, NVIDIA A100-SXM4-40GB, 0, P0, 210 MHz, 1215 MHz, 0 %, 0 %, 53.50 W
2025/11/17 00:20:20.386, NVIDIA A100-SXM4-40GB, 0, P0, 210 MHz, 1215 MHz, 0 %, 0 %, 53.55 W
2025/11/17 00:20:20.589, NVIDIA A100-SXM4-40GB, 0, P0, 210 MHz, 1215 MHz, 0 %, 0 %, 53.61 W
2025/11/17 00:20:20.793, NVIDIA A100-SXM4-40GB, 0, P0, 210 MHz, 1215 MHz, 0 %, 0 %, 53.50 W
2025/11/17 00:20:20.996, NVIDIA A100-SXM4-40GB, 0, P0, 210 MHz, 1215 MHz, 0 %, 0 %, 53.50 W
2025/11/17 00:20:21.199, NVIDIA A100-SXM4-40GB, 0, P0, 210 MHz, 1215 MHz, 0 %, 0 %, 53.44 W
2025/11/17 00:20:21.403, NVIDIA A100-SXM4-40GB, 0, P0, 210 MHz, 1215 MHz, 0 %, 0 %, 53.38 W
2025/11/17 00:20:21.606, NVIDIA A100-SXM4-40GB, 0, P0, 210 MHz, 1215 MHz, 0 %, 0 %, 53.44 W
2025/11/17 00:20:21.810, NVIDIA A100-SXM4-40GB, 0, P0, 210 MHz, 1215 MHz, 0 %, 0 %, 53.44 W
2025/11/17 00:20:22.014, NVIDIA A100-SXM4-40GB, 0, P0, 210 MHz, 1215 MHz, 0 %, 0 %, 53.50 W
2025/11/17 00:20:22.217, NVIDIA A100-SXM4-40GB, 0, P0, 210 MHz, 1215 MHz, 0 %, 0 %, 53.50 W
2025/11/17 00:20:22.421, NVIDIA A100-SXM4-40GB, 0, P0, 210 MHz, 1215 MHz, 0 %, 0 %, 53.77 W
2025/11/17 00:20:22.624, NVIDIA A100-SXM4-40GB, 0, P0, 210 MHz, 1215 MHz, 0 %, 0 %, 53.44 W
2025/11/17 00:20:22.829, NVIDIA A100-SXM4-40GB, 0, P0, 210 MHz, 1215 MHz, 0 %, 0 %, 53.61 W
2025/11/17 00:20:23.032, NVIDIA A100-SXM4-40GB, 0, P0, 210 MHz, 1215 MHz, 0 %, 0 %, 53.50 W
2025/11/17 00:20:23.236, NVIDIA A100-SXM4-40GB, 0, P0, 210 MHz, 1215 MHz, 0 %, 0 %, 53.50 W
2025/11/17 00:20:23.439, NVIDIA A100-SXM4-40GB, 0, P0, 210 MHz, 1215 MHz, 0 %, 0 %, 53.55 W
2025/11/17 00:20:23.643, NVIDIA A100-SXM4-40GB, 0, P0, 210 MHz, 1215 MHz, 0 %, 0 %, 53.50 W
2025/11/17 00:20:23.847, NVIDIA A100-SXM4-40GB, 0, P0, 210 MHz, 1215 MHz, 0 %, 0 %, 53.55 W
2025/11/17 00:20:24.051, NVIDIA A100-SXM4-40GB, 0, P0, 210 MHz, 1215 MHz, 0 %, 0 %, 53.50 W
2025/11/17 00:20:24.254, NVIDIA A100-SXM4-40GB, 0, P0, 210 MHz, 1215 MHz, 0 %, 0 %, 53.66 W
2025/11/17 00:20:24.458, NVIDIA A100-SXM4-40GB, 0, P0, 210 MHz, 1215 MHz, 0 %, 0 %, 53.50 W
2025/11/17 00:20:24.661, NVIDIA A100-SXM4-40GB, 0, P0, 210 MHz, 1215 MHz, 0 %, 0 %, 53.66 W
2025/11/17 00:20:24.864, NVIDIA A100-SXM4-40GB, 0, P0, 210 MHz, 1215 MHz, 0 %, 0 %, 53.50 W
2025/11/17 00:20:25.068, NVIDIA A100-SXM4-40GB, 0, P0, 210 MHz, 1215 MHz, 0 %, 0 %, 53.44 W
2025/11/17 00:20:25.271, NVIDIA A100-SXM4-40GB, 0, P0, 210 MHz, 1215 MHz, 0 %, 0 %, 53.55 W
2025/11/17 00:20:25.475, NVIDIA A100-SXM4-40GB, 0, P0, 210 MHz, 1215 MHz, 0 %, 0 %, 53.50 W
2025/11/17 00:20:25.680, NVIDIA A100-SXM4-40GB, 0, P0, 210 MHz, 1215 MHz, 0 %, 0 %, 53.61 W
2025/11/17 00:20:25.884, NVIDIA A100-SXM4-40GB, 0, P0, 210 MHz, 1215 MHz, 0 %, 0 %, 53.61 W
2025/11/17 00:20:26.087, NVIDIA A100-SXM4-40GB, 0, P0, 210 MHz, 1215 MHz, 0 %, 0 %, 53.77 W
2025/11/17 00:20:26.290, NVIDIA A100-SXM4-40GB, 0, P0, 210 MHz, 1215 MHz, 0 %, 0 %, 53.38 W
2025/11/17 00:20:26.494, NVIDIA A100-SXM4-40GB, 0, P0, 210 MHz, 1215 MHz, 0 %, 0 %, 53.72 W
2025/11/17 00:20:26.697, NVIDIA A100-SXM4-40GB, 0, P0, 210 MHz, 1215 MHz, 0 %, 0 %, 53.50 W
2025/11/17 00:20:26.901, NVIDIA A100-SXM4-40GB, 0, P0, 210 MHz, 1215 MHz, 0 %, 0 %, 53.61 W
2025/11/17 00:20:27.104, NVIDIA A100-SXM4-40GB, 0, P0, 210 MHz, 1215 MHz, 0 %, 0 %, 53.44 W
2025/11/17 00:20:27.308, NVIDIA A100-SXM4-40GB, 0, P0, 210 MHz, 1215 MHz, 0 %, 0 %, 53.61 W
2025/11/17 00:20:27.512, NVIDIA A100-SXM4-40GB, 0, P0, 210 MHz, 1215 MHz, 0 %, 0 %, 53.66 W
2025/11/17 00:20:27.716, NVIDIA A100-SXM4-40GB, 0, P0, 210 MHz, 1215 MHz, 0 %, 0 %, 53.50 W
2025/11/17 00:20:27.919, NVIDIA A100-SXM4-40GB, 0, P0, 210 MHz, 1215 MHz, 0 %, 0 %, 53.83 W
2025/11/17 00:20:28.123, NVIDIA A100-SXM4-40GB, 0, P0, 210 MHz, 1215 MHz, 0 %, 0 %, 53.50 W
2025/11/17 00:20:28.326, NVIDIA A100-SXM4-40GB, 0, P0, 210 MHz, 1215 MHz, 0 %, 0 %, 53.44 W
2025/11/17 00:20:28.530, NVIDIA A100-SXM4-40GB, 0, P0, 210 MHz, 1215 MHz, 0 %, 0 %, 53.55 W
2025/11/17 00:20:28.733, NVIDIA A100-SXM4-40GB, 0, P0, 210 MHz, 1215 MHz, 0 %, 0 %, 53.50 W
2025/11/17 00:20:28.939, NVIDIA A100-SXM4-40GB, 0, P0, 210 MHz, 1215 MHz, 0 %, 0 %, 53.50 W
2025/11/17 00:20:29.144, NVIDIA A100-SXM4-40GB, 0, P0, 210 MHz, 1215 MHz, 0 %, 0 %, 53.33 W
2025/11/17 00:20:29.348, NVIDIA A100-SXM4-40GB, 0, P0, 210 MHz, 1215 MHz, 0 %, 0 %, 53.27 W
2025/11/17 00:20:29.551, NVIDIA A100-SXM4-40GB, 0, P0, 210 MHz, 1215 MHz, 0 %, 0 %, 53.22 W
2025/11/17 00:20:29.755, NVIDIA A100-SXM4-40GB, 0, P0, 210 MHz, 1215 MHz, 0 %, 0 %, 53.61 W
2025/11/17 00:20:29.958, NVIDIA A100-SXM4-40GB, 0, P0, 210 MHz, 1215 MHz, 0 %, 0 %, 53.55 W
2025/11/17 00:20:30.162, NVIDIA A100-SXM4-40GB, 0, P0, 210 MHz, 1215 MHz, 0 %, 0 %, 53.61 W
2025/11/17 00:20:30.366, NVIDIA A100-SXM4-40GB, 0, P0, 210 MHz, 1215 MHz, 0 %, 0 %, 53.66 W
2025/11/17 00:20:30.571, NVIDIA A100-SXM4-40GB, 0, P0, 210 MHz, 1215 MHz, 0 %, 0 %, 53.83 W
2025/11/17 00:20:30.775, NVIDIA A100-SXM4-40GB, 0, P0, 210 MHz, 1215 MHz, 0 %, 0 %, 53.55 W
2025/11/17 00:20:30.979, NVIDIA A100-SXM4-40GB, 0, P0, 210 MHz, 1215 MHz, 0 %, 0 %, 53.55 W
2025/11/17 00:20:31.183, NVIDIA A100-SXM4-40GB, 0, P0, 210 MHz, 1215 MHz, 0 %, 0 %, 53.66 W
2025/11/17 00:20:31.386, NVIDIA A100-SXM4-40GB, 0, P0, 210 MHz, 1215 MHz, 0 %, 0 %, 53.44 W
2025/11/17 00:20:31.590, NVIDIA A100-SXM4-40GB, 0, P0, 210 MHz, 1215 MHz, 0 %, 0 %, 53.55 W
2025/11/17 00:20:31.793, NVIDIA A100-SXM4-40GB, 0, P0, 210 MHz, 1215 MHz, 0 %, 0 %, 53.50 W
2025/11/17 00:20:31.996, NVIDIA A100-SXM4-40GB, 0, P0, 210 MHz, 1215 MHz, 0 %, 0 %, 52.95 W
2025/11/17 00:20:32.200, NVIDIA A100-SXM4-40GB, 0, P0, 210 MHz, 1215 MHz, 0 %, 0 %, 53.55 W
2025/11/17 00:20:32.405, NVIDIA A100-SXM4-40GB, 0, P0, 210 MHz, 1215 MHz, 0 %, 0 %, 53.55 W
2025/11/17 00:20:32.609, NVIDIA A100-SXM4-40GB, 0, P0, 210 MHz, 1215 MHz, 0 %, 0 %, 53.50 W
2025/11/17 00:20:32.812, NVIDIA A100-SXM4-40GB, 0, P0, 210 MHz, 1215 MHz, 0 %, 0 %, 53.50 W
2025/11/17 00:20:33.016, NVIDIA A100-SXM4-40GB, 0, P0, 210 MHz, 1215 MHz, 0 %, 0 %, 53.44 W
2025/11/17 00:20:33.219, NVIDIA A100-SXM4-40GB, 0, P0, 210 MHz, 1215 MHz, 0 %, 0 %, 53.61 W
2025/11/17 00:20:33.422, NVIDIA A100-SXM4-40GB, 0, P0, 210 MHz, 1215 MHz, 0 %, 0 %, 53.55 W
2025/11/17 00:20:33.626, NVIDIA A100-SXM4-40GB, 0, P0, 210 MHz, 1215 MHz, 0 %, 0 %, 53.38 W
2025/11/17 00:20:33.829, NVIDIA A100-SXM4-40GB, 0, P0, 210 MHz, 1215 MHz, 0 %, 0 %, 53.16 W
2025/11/17 00:20:34.033, NVIDIA A100-SXM4-40GB, 0, P0, 210 MHz, 1215 MHz, 0 %, 0 %, 53.38 W
2025/11/17 00:20:34.237, NVIDIA A100-SXM4-40GB, 0, P0, 210 MHz, 1215 MHz, 0 %, 0 %, 53.33 W
2025/11/17 00:20:34.440, NVIDIA A100-SXM4-40GB, 0, P0, 210 MHz, 1215 MHz, 0 %, 0 %, 53.44 W
2025/11/17 00:20:34.644, NVIDIA A100-SXM4-40GB, 0, P0, 210 MHz, 1215 MHz, 0 %, 0 %, 53.22 W
2025/11/17 00:20:34.847, NVIDIA A100-SXM4-40GB, 0, P0, 210 MHz, 1215 MHz, 0 %, 0 %, 53.38 W
2025/11/17 00:20:35.051, NVIDIA A100-SXM4-40GB, 0, P0, 210 MHz, 1215 MHz, 0 %, 0 %, 53.44 W
2025/11/17 00:20:35.254, NVIDIA A100-SXM4-40GB, 0, P0, 210 MHz, 1215 MHz, 0 %, 0 %, 53.55 W
2025/11/17 00:20:35.458, NVIDIA A100-SXM4-40GB, 0, P0, 210 MHz, 1215 MHz, 0 %, 0 %, 53.44 W
2025/11/17 00:20:35.661, NVIDIA A100-SXM4-40GB, 0, P0, 210 MHz, 1215 MHz, 0 %, 0 %, 53.38 W
2025/11/17 00:20:35.865, NVIDIA A100-SXM4-40GB, 0, P0, 210 MHz, 1215 MHz, 0 %, 0 %, 53.55 W
2025/11/17 00:20:36.069, NVIDIA A100-SXM4-40GB, 0, P0, 210 MHz, 1215 MHz, 0 %, 0 %, 53.55 W
2025/11/17 00:20:36.273, NVIDIA A100-SXM4-40GB, 0, P0, 210 MHz, 1215 MHz, 0 %, 0 %, 53.55 W
2025/11/17 00:20:36.477, NVIDIA A100-SXM4-40GB, 0, P0, 210 MHz, 1215 MHz, 0 %, 0 %, 53.33 W
2025/11/17 00:20:36.680, NVIDIA A100-SXM4-40GB, 0, P0, 210 MHz, 1215 MHz, 0 %, 0 %, 53.44 W
2025/11/17 00:20:36.883, NVIDIA A100-SXM4-40GB, 0, P0, 210 MHz, 1215 MHz, 0 %, 0 %, 53.50 W
2025/11/17 00:20:37.087, NVIDIA A100-SXM4-40GB, 0, P0, 210 MHz, 1215 MHz, 0 %, 0 %, 53.50 W
2025/11/17 00:20:37.290, NVIDIA A100-SXM4-40GB, 0, P0, 210 MHz, 1215 MHz, 0 %, 0 %, 53.50 W
2025/11/17 00:20:37.494, NVIDIA A100-SXM4-40GB, 0, P0, 210 MHz, 1215 MHz, 0 %, 0 %, 53.38 W
2025/11/17 00:20:37.698, NVIDIA A100-SXM4-40GB, 0, P0, 210 MHz, 1215 MHz, 0 %, 0 %, 53.44 W
2025/11/17 00:20:37.902, NVIDIA A100-SXM4-40GB, 0, P0, 210 MHz, 1215 MHz, 0 %, 0 %, 53.38 W
2025/11/17 00:20:38.106, NVIDIA A100-SXM4-40GB, 0, P0, 210 MHz, 1215 MHz, 0 %, 0 %, 53.38 W
2025/11/17 00:20:38.309, NVIDIA A100-SXM4-40GB, 0, P0, 210 MHz, 1215 MHz, 0 %, 0 %, 53.50 W
2025/11/17 00:20:38.513, NVIDIA A100-SXM4-40GB, 0, P0, 210 MHz, 1215 MHz, 0 %, 0 %, 53.50 W
2025/11/17 00:20:38.716, NVIDIA A100-SXM4-40GB, 0, P0, 210 MHz, 1215 MHz, 0 %, 0 %, 53.38 W
2025/11/17 00:20:38.919, NVIDIA A100-SXM4-40GB, 0, P0, 210 MHz, 1215 MHz, 0 %, 0 %, 53.33 W
2025/11/17 00:20:39.123, NVIDIA A100-SXM4-40GB, 0, P0, 210 MHz, 1215 MHz, 0 %, 0 %, 53.61 W
2025/11/17 00:20:39.327, NVIDIA A100-SXM4-40GB, 0, P0, 210 MHz, 1215 MHz, 0 %, 0 %, 53.50 W
2025/11/17 00:20:39.532, NVIDIA A100-SXM4-40GB, 0, P0, 210 MHz, 1215 MHz, 0 %, 0 %, 53.55 W
2025/11/17 00:20:39.736, NVIDIA A100-SXM4-40GB, 0, P0, 210 MHz, 1215 MHz, 0 %, 0 %, 53.50 W
2025/11/17 00:20:39.940, NVIDIA A100-SXM4-40GB, 0, P0, 210 MHz, 1215 MHz, 0 %, 0 %, 53.61 W
2025/11/17 00:20:40.143, NVIDIA A100-SXM4-40GB, 0, P0, 210 MHz, 1215 MHz, 0 %, 0 %, 53.33 W
2025/11/17 00:20:40.346, NVIDIA A100-SXM4-40GB, 0, P0, 210 MHz, 1215 MHz, 0 %, 0 %, 53.55 W
2025/11/17 00:20:40.550, NVIDIA A100-SXM4-40GB, 0, P0, 210 MHz, 1215 MHz, 0 %, 0 %, 53.44 W
2025/11/17 00:20:40.753, NVIDIA A100-SXM4-40GB, 0, P0, 210 MHz, 1215 MHz, 0 %, 0 %, 53.50 W
2025/11/17 00:20:40.957, NVIDIA A100-SXM4-40GB, 0, P0, 210 MHz, 1215 MHz, 0 %, 0 %, 53.27 W
2025/11/17 00:20:41.161, NVIDIA A100-SXM4-40GB, 0, P0, 210 MHz, 1215 MHz, 0 %, 0 %, 53.50 W
2025/11/17 00:20:41.365, NVIDIA A100-SXM4-40GB, 0, P0, 210 MHz, 1215 MHz, 0 %, 0 %, 53.44 W
2025/11/17 00:20:41.569, NVIDIA A100-SXM4-40GB, 0, P0, 210 MHz, 1215 MHz, 0 %, 0 %, 53.38 W
2025/11/17 00:20:41.773, NVIDIA A100-SXM4-40GB, 0, P0, 210 MHz, 1215 MHz, 0 %, 0 %, 53.44 W
2025/11/17 00:20:41.976, NVIDIA A100-SXM4-40GB, 0, P0, 210 MHz, 1215 MHz, 0 %, 0 %, 53.55 W
2025/11/17 00:20:42.180, NVIDIA A100-SXM4-40GB, 0, P0, 210 MHz, 1215 MHz, 0 %, 0 %, 53.61 W
2025/11/17 00:20:42.383, NVIDIA A100-SXM4-40GB, 0, P0, 210 MHz, 1215 MHz, 0 %, 0 %, 53.61 W
2025/11/17 00:20:42.587, NVIDIA A100-SXM4-40GB, 0, P0, 210 MHz, 1215 MHz, 0 %, 0 %, 53.50 W
2025/11/17 00:20:42.791, NVIDIA A100-SXM4-40GB, 0, P0, 210 MHz, 1215 MHz, 0 %, 0 %, 53.61 W
2025/11/17 00:20:42.996, NVIDIA A100-SXM4-40GB, 0, P0, 210 MHz, 1215 MHz, 0 %, 0 %, 53.44 W
2025/11/17 00:20:43.199, NVIDIA A100-SXM4-40GB, 0, P0, 210 MHz, 1215 MHz, 0 %, 0 %, 53.50 W
2025/11/17 00:20:43.403, NVIDIA A100-SXM4-40GB, 0, P0, 210 MHz, 1215 MHz, 0 %, 0 %, 53.50 W
2025/11/17 00:20:43.606, NVIDIA A100-SXM4-40GB, 0, P0, 210 MHz, 1215 MHz, 0 %, 0 %, 53.50 W
2025/11/17 00:20:43.809, NVIDIA A100-SXM4-40GB, 0, P0, 210 MHz, 1215 MHz, 0 %, 0 %, 53.33 W
2025/11/17 00:20:44.013, NVIDIA A100-SXM4-40GB, 0, P0, 210 MHz, 1215 MHz, 0 %, 0 %, 53.50 W
2025/11/17 00:20:44.216, NVIDIA A100-SXM4-40GB, 0, P0, 210 MHz, 1215 MHz, 0 %, 0 %, 53.66 W
2025/11/17 00:20:44.420, NVIDIA A100-SXM4-40GB, 0, P0, 210 MHz, 1215 MHz, 0 %, 0 %, 53.55 W
2025/11/17 00:20:44.624, NVIDIA A100-SXM4-40GB, 0, P0, 210 MHz, 1215 MHz, 0 %, 0 %, 53.55 W
2025/11/17 00:20:44.828, NVIDIA A100-SXM4-40GB, 0, P0, 210 MHz, 1215 MHz, 0 %, 0 %, 53.72 W
2025/11/17 00:20:45.031, NVIDIA A100-SXM4-40GB, 0, P0, 210 MHz, 1215 MHz, 0 %, 0 %, 53.55 W
2025/11/17 00:20:45.234, NVIDIA A100-SXM4-40GB, 0, P0, 210 MHz, 1215 MHz, 0 %, 0 %, 53.27 W
2025/11/17 00:20:45.438, NVIDIA A100-SXM4-40GB, 0, P0, 210 MHz, 1215 MHz, 0 %, 0 %, 53.55 W
2025/11/17 00:20:45.642, NVIDIA A100-SXM4-40GB, 0, P0, 210 MHz, 1215 MHz, 0 %, 0 %, 53.50 W
2025/11/17 00:20:45.845, NVIDIA A100-SXM4-40GB, 0, P0, 210 MHz, 1215 MHz, 0 %, 0 %, 53.55 W
2025/11/17 00:20:46.049, NVIDIA A100-SXM4-40GB, 0, P0, 210 MHz, 1215 MHz, 0 %, 0 %, 53.61 W
2025/11/17 00:20:46.253, NVIDIA A100-SXM4-40GB, 0, P0, 210 MHz, 1215 MHz, 0 %, 0 %, 53.55 W
2025/11/17 00:20:46.458, NVIDIA A100-SXM4-40GB, 0, P0, 210 MHz, 1215 MHz, 0 %, 0 %, 53.61 W
2025/11/17 00:20:46.661, NVIDIA A100-SXM4-40GB, 0, P0, 210 MHz, 1215 MHz, 0 %, 0 %, 53.50 W
2025/11/17 00:20:46.865, NVIDIA A100-SXM4-40GB, 0, P0, 210 MHz, 1215 MHz, 0 %, 0 %, 53.50 W
2025/11/17 00:20:47.068, NVIDIA A100-SXM4-40GB, 0, P0, 210 MHz, 1215 MHz, 0 %, 0 %, 53.61 W
2025/11/17 00:20:47.271, NVIDIA A100-SXM4-40GB, 0, P0, 210 MHz, 1215 MHz, 0 %, 0 %, 53.50 W
2025/11/17 00:20:47.475, NVIDIA A100-SXM4-40GB, 0, P0, 210 MHz, 1215 MHz, 0 %, 0 %, 53.55 W
2025/11/17 00:20:47.678, NVIDIA A100-SXM4-40GB, 0, P0, 210 MHz, 1215 MHz, 0 %, 0 %, 53.33 W
2025/11/17 00:20:47.882, NVIDIA A100-SXM4-40GB, 0, P0, 210 MHz, 1215 MHz, 0 %, 0 %, 53.44 W
2025/11/17 00:20:48.086, NVIDIA A100-SXM4-40GB, 0, P0, 210 MHz, 1215 MHz, 0 %, 0 %, 53.55 W
2025/11/17 00:20:48.292, NVIDIA A100-SXM4-40GB, 0, P0, 210 MHz, 1215 MHz, 0 %, 0 %, 53.38 W
2025/11/17 00:20:48.495, NVIDIA A100-SXM4-40GB, 0, P0, 210 MHz, 1215 MHz, 0 %, 0 %, 53.33 W
2025/11/17 00:20:48.699, NVIDIA A100-SXM4-40GB, 0, P0, 210 MHz, 1215 MHz, 0 %, 0 %, 52.95 W
2025/11/17 00:20:48.902, NVIDIA A100-SXM4-40GB, 0, P0, 210 MHz, 1215 MHz, 0 %, 0 %, 53.55 W
2025/11/17 00:20:49.106, NVIDIA A100-SXM4-40GB, 0, P0, 210 MHz, 1215 MHz, 0 %, 0 %, 53.44 W
2025/11/17 00:20:49.310, NVIDIA A100-SXM4-40GB, 0, P0, 210 MHz, 1215 MHz, 0 %, 0 %, 53.44 W
2025/11/17 00:20:49.514, NVIDIA A100-SXM4-40GB, 0, P0, 210 MHz, 1215 MHz, 0 %, 0 %, 53.22 W
2025/11/17 00:20:49.719, NVIDIA A100-SXM4-40GB, 0, P0, 210 MHz, 1215 MHz, 0 %, 0 %, 52.95 W
2025/11/17 00:20:49.923, NVIDIA A100-SXM4-40GB, 0, P0, 210 MHz, 1215 MHz, 0 %, 0 %, 53.55 W
2025/11/17 00:20:50.126, NVIDIA A100-SXM4-40GB, 0, P0, 210 MHz, 1215 MHz, 0 %, 0 %, 53.44 W
2025/11/17 00:20:50.329, NVIDIA A100-SXM4-40GB, 0, P0, 210 MHz, 1215 MHz, 0 %, 0 %, 53.44 W
2025/11/17 00:20:50.533, NVIDIA A100-SXM4-40GB, 0, P0, 210 MHz, 1215 MHz, 0 %, 0 %, 53.33 W
2025/11/17 00:20:50.736, NVIDIA A100-SXM4-40GB, 0, P0, 210 MHz, 1215 MHz, 0 %, 0 %, 53.50 W
2025/11/17 00:20:50.940, NVIDIA A100-SXM4-40GB, 0, P0, 210 MHz, 1215 MHz, 0 %, 0 %, 53.38 W
2025/11/17 00:20:51.143, NVIDIA A100-SXM4-40GB, 0, P0, 210 MHz, 1215 MHz, 0 %, 0 %, 53.27 W
2025/11/17 00:20:51.346, NVIDIA A100-SXM4-40GB, 0, P0, 210 MHz, 1215 MHz, 0 %, 0 %, 53.38 W
2025/11/17 00:20:51.550, NVIDIA A100-SXM4-40GB, 0, P0, 210 MHz, 1215 MHz, 0 %, 0 %, 53.55 W
2025/11/17 00:20:51.754, NVIDIA A100-SXM4-40GB, 0, P0, 210 MHz, 1215 MHz, 0 %, 0 %, 53.33 W
2025/11/17 00:20:51.958, NVIDIA A100-SXM4-40GB, 0, P0, 210 MHz, 1215 MHz, 0 %, 0 %, 53.61 W
2025/11/17 00:20:52.161, NVIDIA A100-SXM4-40GB, 0, P0, 210 MHz, 1215 MHz, 0 %, 0 %, 53.55 W
2025/11/17 00:20:52.365, NVIDIA A100-SXM4-40GB, 0, P0, 210 MHz, 1215 MHz, 0 %, 0 %, 53.55 W
2025/11/17 00:20:52.568, NVIDIA A100-SXM4-40GB, 0, P0, 210 MHz, 1215 MHz, 0 %, 0 %, 53.44 W
2025/11/17 00:20:52.771, NVIDIA A100-SXM4-40GB, 0, P0, 210 MHz, 1215 MHz, 0 %, 0 %, 53.66 W
2025/11/17 00:20:52.975, NVIDIA A100-SXM4-40GB, 0, P0, 210 MHz, 1215 MHz, 0 %, 0 %, 53.50 W
2025/11/17 00:20:53.179, NVIDIA A100-SXM4-40GB, 0, P0, 210 MHz, 1215 MHz, 0 %, 0 %, 53.72 W
2025/11/17 00:20:53.384, NVIDIA A100-SXM4-40GB, 0, P0, 210 MHz, 1215 MHz, 0 %, 0 %, 53.50 W
2025/11/17 00:20:53.588, NVIDIA A100-SXM4-40GB, 0, P0, 210 MHz, 1215 MHz, 0 %, 0 %, 53.94 W
2025/11/17 00:20:53.791, NVIDIA A100-SXM4-40GB, 0, P0, 210 MHz, 1215 MHz, 0 %, 0 %, 53.33 W
2025/11/17 00:20:53.995, NVIDIA A100-SXM4-40GB, 0, P0, 210 MHz, 1215 MHz, 0 %, 0 %, 53.22 W
2025/11/17 00:20:54.198, NVIDIA A100-SXM4-40GB, 0, P0, 210 MHz, 1215 MHz, 0 %, 0 %, 53.50 W
2025/11/17 00:20:54.402, NVIDIA A100-SXM4-40GB, 0, P0, 210 MHz, 1215 MHz, 0 %, 0 %, 53.44 W
2025/11/17 00:20:54.605, NVIDIA A100-SXM4-40GB, 0, P0, 210 MHz, 1215 MHz, 0 %, 0 %, 53.72 W
2025/11/17 00:20:54.808, NVIDIA A100-SXM4-40GB, 0, P0, 210 MHz, 1215 MHz, 0 %, 0 %, 53.55 W
2025/11/17 00:20:55.012, NVIDIA A100-SXM4-40GB, 0, P0, 210 MHz, 1215 MHz, 0 %, 0 %, 53.72 W
2025/11/17 00:20:55.216, NVIDIA A100-SXM4-40GB, 0, P0, 210 MHz, 1215 MHz, 0 %, 0 %, 53.50 W
2025/11/17 00:20:55.421, NVIDIA A100-SXM4-40GB, 0, P0, 210 MHz, 1215 MHz, 0 %, 0 %, 53.72 W
2025/11/17 00:20:55.624, NVIDIA A100-SXM4-40GB, 0, P0, 210 MHz, 1215 MHz, 0 %, 0 %, 53.66 W
2025/11/17 00:20:55.827, NVIDIA A100-SXM4-40GB, 0, P0, 210 MHz, 1215 MHz, 0 %, 0 %, 53.55 W
2025/11/17 00:20:56.031, NVIDIA A100-SXM4-40GB, 0, P0, 210 MHz, 1215 MHz, 0 %, 0 %, 53.72 W
2025/11/17 00:20:56.234, NVIDIA A100-SXM4-40GB, 0, P0, 210 MHz, 1215 MHz, 0 %, 0 %, 53.27 W
2025/11/17 00:20:56.437, NVIDIA A100-SXM4-40GB, 0, P0, 210 MHz, 1215 MHz, 0 %, 0 %, 53.72 W
2025/11/17 00:20:56.641, NVIDIA A100-SXM4-40GB, 0, P0, 210 MHz, 1215 MHz, 0 %, 0 %, 53.44 W
2025/11/17 00:20:56.844, NVIDIA A100-SXM4-40GB, 0, P0, 210 MHz, 1215 MHz, 0 %, 0 %, 53.66 W
2025/11/17 00:20:57.048, NVIDIA A100-SXM4-40GB, 0, P0, 210 MHz, 1215 MHz, 0 %, 0 %, 53.55 W
2025/11/17 00:20:57.254, NVIDIA A100-SXM4-40GB, 0, P0, 210 MHz, 1215 MHz, 0 %, 0 %, 53.55 W
2025/11/17 00:20:57.457, NVIDIA A100-SXM4-40GB, 0, P0, 210 MHz, 1215 MHz, 0 %, 0 %, 53.50 W
2025/11/17 00:20:57.660, NVIDIA A100-SXM4-40GB, 0, P0, 210 MHz, 1215 MHz, 0 %, 0 %, 53.61 W
2025/11/17 00:20:57.864, NVIDIA A100-SXM4-40GB, 0, P0, 210 MHz, 1215 MHz, 0 %, 0 %, 53.77 W
2025/11/17 00:20:58.067, NVIDIA A100-SXM4-40GB, 0, P0, 210 MHz, 1215 MHz, 0 %, 0 %, 53.55 W
2025/11/17 00:20:58.271, NVIDIA A100-SXM4-40GB, 0, P0, 210 MHz, 1215 MHz, 0 %, 0 %, 53.38 W
2025/11/17 00:20:58.474, NVIDIA A100-SXM4-40GB, 0, P0, 210 MHz, 1215 MHz, 0 %, 0 %, 53.61 W
2025/11/17 00:20:58.678, NVIDIA A100-SXM4-40GB, 0, P0, 210 MHz, 1215 MHz, 0 %, 0 %, 53.50 W
2025/11/17 00:20:58.883, NVIDIA A100-SXM4-40GB, 0, P0, 210 MHz, 1215 MHz, 0 %, 0 %, 52.95 W
2025/11/17 00:20:59.086, NVIDIA A100-SXM4-40GB, 0, P0, 210 MHz, 1215 MHz, 0 %, 0 %, 53.72 W
2025/11/17 00:20:59.289, NVIDIA A100-SXM4-40GB, 0, P0, 210 MHz, 1215 MHz, 0 %, 0 %, 53.50 W
2025/11/17 00:20:59.493, NVIDIA A100-SXM4-40GB, 0, P0, 210 MHz, 1215 MHz, 0 %, 0 %, 52.84 W
2025/11/17 00:20:59.696, NVIDIA A100-SXM4-40GB, 0, P0, 210 MHz, 1215 MHz, 0 %, 0 %, 53.66 W
2025/11/17 00:20:59.899, NVIDIA A100-SXM4-40GB, 0, P0, 210 MHz, 1215 MHz, 0 %, 0 %, 53.50 W
2025/11/17 00:21:00.103, NVIDIA A100-SXM4-40GB, 0, P0, 210 MHz, 1215 MHz, 0 %, 0 %, 53.66 W
2025/11/17 00:21:00.306, NVIDIA A100-SXM4-40GB, 0, P0, 210 MHz, 1215 MHz, 0 %, 0 %, 53.33 W
2025/11/17 00:21:00.510, NVIDIA A100-SXM4-40GB, 0, P0, 210 MHz, 1215 MHz, 0 %, 0 %, 53.61 W
2025/11/17 00:21:00.714, NVIDIA A100-SXM4-40GB, 0, P0, 210 MHz, 1215 MHz, 0 %, 0 %, 53.50 W
2025/11/17 00:21:00.917, NVIDIA A100-SXM4-40GB, 0, P0, 210 MHz, 1215 MHz, 0 %, 0 %, 53.55 W
2025/11/17 00:21:01.121, NVIDIA A100-SXM4-40GB, 0, P0, 210 MHz, 1215 MHz, 0 %, 0 %, 53.44 W
2025/11/17 00:21:01.324, NVIDIA A100-SXM4-40GB, 0, P0, 210 MHz, 1215 MHz, 0 %, 0 %, 53.38 W
2025/11/17 00:21:01.528, NVIDIA A100-SXM4-40GB, 0, P0, 210 MHz, 1215 MHz, 0 %, 0 %, 53.72 W
2025/11/17 00:21:01.731, NVIDIA A100-SXM4-40GB, 0, P0, 210 MHz, 1215 MHz, 0 %, 0 %, 53.50 W
2025/11/17 00:21:01.934, NVIDIA A100-SXM4-40GB, 0, P0, 210 MHz, 1215 MHz, 0 %, 0 %, 53.66 W
2025/11/17 00:21:02.138, NVIDIA A100-SXM4-40GB, 0, P0, 210 MHz, 1215 MHz, 0 %, 0 %, 53.50 W
2025/11/17 00:21:02.344, NVIDIA A100-SXM4-40GB, 0, P0, 210 MHz, 1215 MHz, 0 %, 0 %, 53.50 W
2025/11/17 00:21:02.548, NVIDIA A100-SXM4-40GB, 0, P0, 210 MHz, 1215 MHz, 0 %, 0 %, 53.44 W
2025/11/17 00:21:02.751, NVIDIA A100-SXM4-40GB, 0, P0, 210 MHz, 1215 MHz, 0 %, 0 %, 53.55 W
2025/11/17 00:21:02.955, NVIDIA A100-SXM4-40GB, 0, P0, 210 MHz, 1215 MHz, 0 %, 0 %, 53.61 W
2025/11/17 00:21:03.158, NVIDIA A100-SXM4-40GB, 0, P0, 210 MHz, 1215 MHz, 0 %, 0 %, 53.55 W
2025/11/17 00:21:03.362, NVIDIA A100-SXM4-40GB, 0, P0, 210 MHz, 1215 MHz, 0 %, 0 %, 53.66 W
2025/11/17 00:21:03.565, NVIDIA A100-SXM4-40GB, 0, P0, 210 MHz, 1215 MHz, 0 %, 0 %, 53.38 W
2025/11/17 00:21:03.768, NVIDIA A100-SXM4-40GB, 0, P0, 210 MHz, 1215 MHz, 0 %, 0 %, 53.38 W
2025/11/17 00:21:03.972, NVIDIA A100-SXM4-40GB, 0, P0, 210 MHz, 1215 MHz, 0 %, 0 %, 53.66 W
2025/11/17 00:21:04.177, NVIDIA A100-SXM4-40GB, 0, P0, 210 MHz, 1215 MHz, 0 %, 0 %, 53.55 W
2025/11/17 00:21:04.381, NVIDIA A100-SXM4-40GB, 0, P0, 210 MHz, 1215 MHz, 0 %, 0 %, 53.66 W
2025/11/17 00:21:04.584, NVIDIA A100-SXM4-40GB, 0, P0, 210 MHz, 1215 MHz, 0 %, 0 %, 53.33 W
2025/11/17 00:21:04.787, NVIDIA A100-SXM4-40GB, 0, P0, 210 MHz, 1215 MHz, 0 %, 0 %, 53.61 W
2025/11/17 00:21:04.991, NVIDIA A100-SXM4-40GB, 0, P0, 210 MHz, 1215 MHz, 0 %, 0 %, 53.66 W
2025/11/17 00:21:05.194, NVIDIA A100-SXM4-40GB, 0, P0, 210 MHz, 1215 MHz, 0 %, 0 %, 53.66 W
2025/11/17 00:21:05.398, NVIDIA A100-SXM4-40GB, 0, P0, 210 MHz, 1215 MHz, 0 %, 0 %, 53.72 W
2025/11/17 00:21:05.602, NVIDIA A100-SXM4-40GB, 0, P0, 210 MHz, 1215 MHz, 0 %, 0 %, 53.61 W
2025/11/17 00:21:05.806, NVIDIA A100-SXM4-40GB, 0, P0, 210 MHz, 1215 MHz, 0 %, 0 %, 53.50 W
2025/11/17 00:21:06.009, NVIDIA A100-SXM4-40GB, 0, P0, 210 MHz, 1215 MHz, 0 %, 0 %, 53.61 W
2025/11/17 00:21:06.213, NVIDIA A100-SXM4-40GB, 0, P0, 210 MHz, 1215 MHz, 0 %, 0 %, 53.72 W
2025/11/17 00:21:06.416, NVIDIA A100-SXM4-40GB, 0, P0, 210 MHz, 1215 MHz, 0 %, 0 %, 53.50 W
2025/11/17 00:21:06.620, NVIDIA A100-SXM4-40GB, 0, P0, 210 MHz, 1215 MHz, 0 %, 0 %, 53.72 W
2025/11/17 00:21:06.823, NVIDIA A100-SXM4-40GB, 0, P0, 210 MHz, 1215 MHz, 0 %, 0 %, 53.50 W
2025/11/17 00:21:07.027, NVIDIA A100-SXM4-40GB, 0, P0, 210 MHz, 1215 MHz, 0 %, 0 %, 53.61 W
2025/11/17 00:21:07.231, NVIDIA A100-SXM4-40GB, 0, P0, 210 MHz, 1215 MHz, 0 %, 0 %, 53.44 W
2025/11/17 00:21:07.435, NVIDIA A100-SXM4-40GB, 0, P0, 210 MHz, 1215 MHz, 0 %, 0 %, 53.50 W
2025/11/17 00:21:07.640, NVIDIA A100-SXM4-40GB, 0, P0, 210 MHz, 1215 MHz, 0 %, 0 %, 53.55 W
2025/11/17 00:21:07.844, NVIDIA A100-SXM4-40GB, 0, P0, 210 MHz, 1215 MHz, 0 %, 0 %, 53.61 W
2025/11/17 00:21:08.048, NVIDIA A100-SXM4-40GB, 0, P0, 210 MHz, 1215 MHz, 0 %, 0 %, 53.61 W
2025/11/17 00:21:08.251, NVIDIA A100-SXM4-40GB, 0, P0, 210 MHz, 1215 MHz, 0 %, 0 %, 53.55 W
2025/11/17 00:21:08.455, NVIDIA A100-SXM4-40GB, 0, P0, 210 MHz, 1215 MHz, 0 %, 0 %, 53.61 W
2025/11/17 00:21:08.658, NVIDIA A100-SXM4-40GB, 0, P0, 210 MHz, 1215 MHz, 0 %, 0 %, 53.66 W
2025/11/17 00:21:08.861, NVIDIA A100-SXM4-40GB, 0, P0, 210 MHz, 1215 MHz, 0 %, 0 %, 53.55 W
2025/11/17 00:21:09.066, NVIDIA A100-SXM4-40GB, 0, P0, 210 MHz, 1215 MHz, 0 %, 0 %, 53.66 W
2025/11/17 00:21:09.270, NVIDIA A100-SXM4-40GB, 0, P0, 210 MHz, 1215 MHz, 0 %, 0 %, 53.61 W
2025/11/17 00:21:09.473, NVIDIA A100-SXM4-40GB, 0, P0, 210 MHz, 1215 MHz, 0 %, 0 %, 53.55 W
2025/11/17 00:21:09.677, NVIDIA A100-SXM4-40GB, 0, P0, 210 MHz, 1215 MHz, 0 %, 0 %, 53.44 W
2025/11/17 00:21:09.880, NVIDIA A100-SXM4-40GB, 0, P0, 210 MHz, 1215 MHz, 0 %, 0 %, 53.61 W
2025/11/17 00:21:10.083, NVIDIA A100-SXM4-40GB, 0, P0, 210 MHz, 1215 MHz, 0 %, 0 %, 53.66 W
2025/11/17 00:21:10.287, NVIDIA A100-SXM4-40GB, 0, P0, 210 MHz, 1215 MHz, 0 %, 0 %, 53.50 W
2025/11/17 00:21:10.490, NVIDIA A100-SXM4-40GB, 0, P0, 210 MHz, 1215 MHz, 0 %, 0 %, 53.55 W
2025/11/17 00:21:10.694, NVIDIA A100-SXM4-40GB, 0, P0, 210 MHz, 1215 MHz, 0 %, 0 %, 53.55 W
2025/11/17 00:21:10.898, NVIDIA A100-SXM4-40GB, 0, P0, 210 MHz, 1215 MHz, 0 %, 0 %, 53.61 W
2025/11/17 00:21:11.102, NVIDIA A100-SXM4-40GB, 0, P0, 210 MHz, 1215 MHz, 0 %, 0 %, 53.44 W
2025/11/17 00:21:11.305, NVIDIA A100-SXM4-40GB, 0, P0, 210 MHz, 1215 MHz, 0 %, 0 %, 53.83 W
2025/11/17 00:21:11.509, NVIDIA A100-SXM4-40GB, 0, P0, 210 MHz, 1215 MHz, 0 %, 0 %, 53.61 W
2025/11/17 00:21:11.712, NVIDIA A100-SXM4-40GB, 0, P0, 210 MHz, 1215 MHz, 0 %, 0 %, 53.55 W
2025/11/17 00:21:11.916, NVIDIA A100-SXM4-40GB, 0, P0, 210 MHz, 1215 MHz, 0 %, 0 %, 53.61 W
2025/11/17 00:21:12.119, NVIDIA A100-SXM4-40GB, 0, P0, 210 MHz, 1215 MHz, 0 %, 0 %, 53.38 W
2025/11/17 00:21:12.323, NVIDIA A100-SXM4-40GB, 0, P0, 210 MHz, 1215 MHz, 0 %, 0 %, 53.66 W
2025/11/17 00:21:12.526, NVIDIA A100-SXM4-40GB, 0, P0, 210 MHz, 1215 MHz, 0 %, 0 %, 53.55 W
2025/11/17 00:21:12.730, NVIDIA A100-SXM4-40GB, 0, P0, 210 MHz, 1215 MHz, 0 %, 0 %, 53.61 W
2025/11/17 00:21:12.935, NVIDIA A100-SXM4-40GB, 0, P0, 210 MHz, 1215 MHz, 0 %, 0 %, 53.61 W
2025/11/17 00:21:13.138, NVIDIA A100-SXM4-40GB, 0, P0, 210 MHz, 1215 MHz, 0 %, 0 %, 53.55 W
2025/11/17 00:21:13.342, NVIDIA A100-SXM4-40GB, 0, P0, 210 MHz, 1215 MHz, 0 %, 0 %, 53.50 W
2025/11/17 00:21:13.545, NVIDIA A100-SXM4-40GB, 0, P0, 210 MHz, 1215 MHz, 0 %, 0 %, 53.61 W
2025/11/17 00:21:13.748, NVIDIA A100-SXM4-40GB, 0, P0, 210 MHz, 1215 MHz, 0 %, 0 %, 53.50 W
2025/11/17 00:21:13.952, NVIDIA A100-SXM4-40GB, 0, P0, 210 MHz, 1215 MHz, 0 %, 0 %, 53.61 W
2025/11/17 00:21:14.156, NVIDIA A100-SXM4-40GB, 0, P0, 210 MHz, 1215 MHz, 0 %, 0 %, 53.55 W
2025/11/17 00:21:14.359, NVIDIA A100-SXM4-40GB, 0, P0, 210 MHz, 1215 MHz, 0 %, 0 %, 53.50 W
2025/11/17 00:21:14.564, NVIDIA A100-SXM4-40GB, 0, P0, 210 MHz, 1215 MHz, 0 %, 0 %, 53.61 W
2025/11/17 00:21:14.767, NVIDIA A100-SXM4-40GB, 0, P0, 210 MHz, 1215 MHz, 0 %, 0 %, 53.50 W
2025/11/17 00:21:14.971, NVIDIA A100-SXM4-40GB, 0, P0, 210 MHz, 1215 MHz, 0 %, 0 %, 53.66 W
2025/11/17 00:21:15.174, NVIDIA A100-SXM4-40GB, 0, P0, 210 MHz, 1215 MHz, 0 %, 0 %, 53.61 W
2025/11/17 00:21:15.377, NVIDIA A100-SXM4-40GB, 0, P0, 210 MHz, 1215 MHz, 0 %, 0 %, 53.66 W
2025/11/17 00:21:15.581, NVIDIA A100-SXM4-40GB, 0, P0, 210 MHz, 1215 MHz, 0 %, 0 %, 53.55 W
2025/11/17 00:21:15.784, NVIDIA A100-SXM4-40GB, 0, P0, 210 MHz, 1215 MHz, 0 %, 0 %, 53.66 W
2025/11/17 00:21:15.988, NVIDIA A100-SXM4-40GB, 0, P0, 210 MHz, 1215 MHz, 0 %, 0 %, 53.66 W
2025/11/17 00:21:16.191, NVIDIA A100-SXM4-40GB, 0, P0, 210 MHz, 1215 MHz, 0 %, 0 %, 53.44 W
2025/11/17 00:21:16.397, NVIDIA A100-SXM4-40GB, 0, P0, 210 MHz, 1215 MHz, 0 %, 0 %, 53.72 W
2025/11/17 00:21:16.600, NVIDIA A100-SXM4-40GB, 0, P0, 210 MHz, 1215 MHz, 0 %, 0 %, 53.66 W
2025/11/17 00:21:16.804, NVIDIA A100-SXM4-40GB, 0, P0, 210 MHz, 1215 MHz, 0 %, 0 %, 53.61 W
2025/11/17 00:21:17.007, NVIDIA A100-SXM4-40GB, 0, P0, 210 MHz, 1215 MHz, 0 %, 0 %, 53.72 W
2025/11/17 00:21:17.210, NVIDIA A100-SXM4-40GB, 0, P0, 210 MHz, 1215 MHz, 0 %, 0 %, 53.44 W
2025/11/17 00:21:17.414, NVIDIA A100-SXM4-40GB, 0, P0, 210 MHz, 1215 MHz, 0 %, 0 %, 53.61 W
2025/11/17 00:21:17.617, NVIDIA A100-SXM4-40GB, 0, P0, 210 MHz, 1215 MHz, 0 %, 0 %, 53.55 W
2025/11/17 00:21:17.821, NVIDIA A100-SXM4-40GB, 0, P0, 210 MHz, 1215 MHz, 0 %, 0 %, 53.66 W
2025/11/17 00:21:18.026, NVIDIA A100-SXM4-40GB, 0, P0, 210 MHz, 1215 MHz, 0 %, 0 %, 53.72 W
2025/11/17 00:21:18.230, NVIDIA A100-SXM4-40GB, 0, P0, 210 MHz, 1215 MHz, 0 %, 0 %, 53.50 W
2025/11/17 00:21:18.433, NVIDIA A100-SXM4-40GB, 0, P0, 210 MHz, 1215 MHz, 0 %, 0 %, 53.55 W
2025/11/17 00:21:18.636, NVIDIA A100-SXM4-40GB, 0, P0, 210 MHz, 1215 MHz, 0 %, 0 %, 53.55 W
2025/11/17 00:21:18.840, NVIDIA A100-SXM4-40GB, 0, P0, 210 MHz, 1215 MHz, 0 %, 0 %, 53.72 W
2025/11/17 00:21:19.044, NVIDIA A100-SXM4-40GB, 0, P0, 210 MHz, 1215 MHz, 0 %, 0 %, 53.50 W
2025/11/17 00:21:19.247, NVIDIA A100-SXM4-40GB, 0, P0, 210 MHz, 1215 MHz, 0 %, 0 %, 53.66 W
2025/11/17 00:21:19.451, NVIDIA A100-SXM4-40GB, 0, P0, 210 MHz, 1215 MHz, 0 %, 0 %, 53.44 W
2025/11/17 00:21:19.657, NVIDIA A100-SXM4-40GB, 0, P0, 210 MHz, 1215 MHz, 0 %, 0 %, 53.66 W
2025/11/17 00:21:19.860, NVIDIA A100-SXM4-40GB, 0, P0, 210 MHz, 1215 MHz, 0 %, 0 %, 53.66 W
2025/11/17 00:21:20.063, NVIDIA A100-SXM4-40GB, 0, P0, 210 MHz, 1215 MHz, 0 %, 0 %, 53.55 W
2025/11/17 00:21:20.266, NVIDIA A100-SXM4-40GB, 0, P0, 210 MHz, 1215 MHz, 0 %, 0 %, 53.89 W
2025/11/17 00:21:20.470, NVIDIA A100-SXM4-40GB, 0, P0, 210 MHz, 1215 MHz, 0 %, 0 %, 53.55 W
2025/11/17 00:21:20.673, NVIDIA A100-SXM4-40GB, 0, P0, 210 MHz, 1215 MHz, 0 %, 0 %, 53.61 W
2025/11/17 00:21:20.876, NVIDIA A100-SXM4-40GB, 0, P0, 210 MHz, 1215 MHz, 0 %, 0 %, 53.66 W
2025/11/17 00:21:21.079, NVIDIA A100-SXM4-40GB, 0, P0, 210 MHz, 1215 MHz, 0 %, 0 %, 53.83 W
2025/11/17 00:21:21.283, NVIDIA A100-SXM4-40GB, 0, P0, 210 MHz, 1215 MHz, 0 %, 0 %, 53.66 W
2025/11/17 00:21:21.488, NVIDIA A100-SXM4-40GB, 0, P0, 210 MHz, 1215 MHz, 0 %, 0 %, 53.61 W
2025/11/17 00:21:21.692, NVIDIA A100-SXM4-40GB, 0, P0, 210 MHz, 1215 MHz, 0 %, 0 %, 53.66 W
2025/11/17 00:21:21.895, NVIDIA A100-SXM4-40GB, 0, P0, 210 MHz, 1215 MHz, 0 %, 0 %, 53.61 W
2025/11/17 00:21:22.098, NVIDIA A100-SXM4-40GB, 0, P0, 210 MHz, 1215 MHz, 0 %, 0 %, 53.72 W
2025/11/17 00:21:22.302, NVIDIA A100-SXM4-40GB, 0, P0, 210 MHz, 1215 MHz, 0 %, 0 %, 53.55 W
2025/11/17 00:21:22.506, NVIDIA A100-SXM4-40GB, 0, P0, 210 MHz, 1215 MHz, 0 %, 0 %, 53.61 W
2025/11/17 00:21:22.710, NVIDIA A100-SXM4-40GB, 0, P0, 210 MHz, 1215 MHz, 0 %, 0 %, 53.50 W
2025/11/17 00:21:22.913, NVIDIA A100-SXM4-40GB, 0, P0, 210 MHz, 1215 MHz, 0 %, 0 %, 53.72 W
2025/11/17 00:21:23.117, NVIDIA A100-SXM4-40GB, 0, P0, 210 MHz, 1215 MHz, 0 %, 0 %, 53.44 W
2025/11/17 00:21:23.321, NVIDIA A100-SXM4-40GB, 0, P0, 210 MHz, 1215 MHz, 0 %, 0 %, 53.61 W
2025/11/17 00:21:23.525, NVIDIA A100-SXM4-40GB, 0, P0, 210 MHz, 1215 MHz, 0 %, 0 %, 53.61 W
2025/11/17 00:21:23.728, NVIDIA A100-SXM4-40GB, 0, P0, 210 MHz, 1215 MHz, 0 %, 0 %, 53.50 W
2025/11/17 00:21:23.932, NVIDIA A100-SXM4-40GB, 0, P0, 210 MHz, 1215 MHz, 0 %, 0 %, 53.66 W
2025/11/17 00:21:24.135, NVIDIA A100-SXM4-40GB, 0, P0, 210 MHz, 1215 MHz, 0 %, 0 %, 53.44 W
2025/11/17 00:21:24.339, NVIDIA A100-SXM4-40GB, 0, P0, 210 MHz, 1215 MHz, 0 %, 0 %, 53.61 W
2025/11/17 00:21:24.542, NVIDIA A100-SXM4-40GB, 0, P0, 210 MHz, 1215 MHz, 0 %, 0 %, 53.66 W
2025/11/17 00:21:24.746, NVIDIA A100-SXM4-40GB, 0, P0, 210 MHz, 1215 MHz, 0 %, 0 %, 53.61 W
2025/11/17 00:21:24.951, NVIDIA A100-SXM4-40GB, 0, P0, 210 MHz, 1215 MHz, 0 %, 0 %, 53.77 W
2025/11/17 00:21:25.154, NVIDIA A100-SXM4-40GB, 0, P0, 210 MHz, 1215 MHz, 0 %, 0 %, 53.55 W
2025/11/17 00:21:25.358, NVIDIA A100-SXM4-40GB, 0, P0, 210 MHz, 1215 MHz, 0 %, 0 %, 53.77 W
2025/11/17 00:21:25.562, NVIDIA A100-SXM4-40GB, 0, P0, 210 MHz, 1215 MHz, 0 %, 0 %, 53.61 W
2025/11/17 00:21:25.766, NVIDIA A100-SXM4-40GB, 0, P0, 210 MHz, 1215 MHz, 0 %, 0 %, 53.72 W
2025/11/17 00:21:25.969, NVIDIA A100-SXM4-40GB, 0, P0, 210 MHz, 1215 MHz, 0 %, 0 %, 53.66 W
2025/11/17 00:21:26.174, NVIDIA A100-SXM4-40GB, 0, P0, 210 MHz, 1215 MHz, 0 %, 0 %, 53.61 W
2025/11/17 00:21:26.379, NVIDIA A100-SXM4-40GB, 0, P0, 210 MHz, 1215 MHz, 0 %, 0 %, 53.55 W
2025/11/17 00:21:26.583, NVIDIA A100-SXM4-40GB, 0, P0, 210 MHz, 1215 MHz, 0 %, 0 %, 53.38 W
2025/11/17 00:21:26.787, NVIDIA A100-SXM4-40GB, 0, P0, 210 MHz, 1215 MHz, 0 %, 0 %, 53.77 W
2025/11/17 00:21:26.990, NVIDIA A100-SXM4-40GB, 0, P0, 210 MHz, 1215 MHz, 0 %, 0 %, 53.50 W
2025/11/17 00:21:27.194, NVIDIA A100-SXM4-40GB, 0, P0, 210 MHz, 1215 MHz, 0 %, 0 %, 53.66 W
2025/11/17 00:21:27.397, NVIDIA A100-SXM4-40GB, 0, P0, 210 MHz, 1215 MHz, 0 %, 0 %, 53.50 W
2025/11/17 00:21:27.601, NVIDIA A100-SXM4-40GB, 0, P0, 210 MHz, 1215 MHz, 0 %, 0 %, 53.33 W
2025/11/17 00:21:27.804, NVIDIA A100-SXM4-40GB, 0, P0, 210 MHz, 1215 MHz, 0 %, 0 %, 54.00 W
2025/11/17 00:21:28.009, NVIDIA A100-SXM4-40GB, 0, P0, 210 MHz, 1215 MHz, 0 %, 0 %, 53.89 W
2025/11/17 00:21:28.213, NVIDIA A100-SXM4-40GB, 0, P0, 210 MHz, 1215 MHz, 0 %, 0 %, 53.89 W
2025/11/17 00:21:28.416, NVIDIA A100-SXM4-40GB, 0, P0, 210 MHz, 1215 MHz, 0 %, 0 %, 53.94 W
2025/11/17 00:21:28.620, NVIDIA A100-SXM4-40GB, 0, P0, 210 MHz, 1215 MHz, 0 %, 0 %, 53.38 W
2025/11/17 00:21:28.823, NVIDIA A100-SXM4-40GB, 0, P0, 210 MHz, 1215 MHz, 0 %, 0 %, 53.50 W
2025/11/17 00:21:29.027, NVIDIA A100-SXM4-40GB, 0, P0, 210 MHz, 1215 MHz, 0 %, 0 %, 53.50 W
2025/11/17 00:21:29.230, NVIDIA A100-SXM4-40GB, 0, P0, 210 MHz, 1215 MHz, 0 %, 0 %, 53.66 W
2025/11/17 00:21:29.434, NVIDIA A100-SXM4-40GB, 0, P0, 210 MHz, 1215 MHz, 0 %, 0 %, 53.33 W
2025/11/17 00:21:29.637, NVIDIA A100-SXM4-40GB, 0, P0, 210 MHz, 1215 MHz, 0 %, 0 %, 53.55 W
2025/11/17 00:21:29.841, NVIDIA A100-SXM4-40GB, 0, P0, 210 MHz, 1215 MHz, 0 %, 0 %, 53.55 W
2025/11/17 00:21:30.046, NVIDIA A100-SXM4-40GB, 0, P0, 210 MHz, 1215 MHz, 0 %, 0 %, 53.44 W
2025/11/17 00:21:30.250, NVIDIA A100-SXM4-40GB, 0, P0, 210 MHz, 1215 MHz, 0 %, 0 %, 53.61 W
2025/11/17 00:21:30.453, NVIDIA A100-SXM4-40GB, 0, P0, 210 MHz, 1215 MHz, 0 %, 0 %, 53.61 W
2025/11/17 00:21:30.657, NVIDIA A100-SXM4-40GB, 0, P0, 210 MHz, 1215 MHz, 0 %, 0 %, 53.50 W
2025/11/17 00:21:30.861, NVIDIA A100-SXM4-40GB, 0, P0, 210 MHz, 1215 MHz, 0 %, 0 %, 53.55 W
2025/11/17 00:21:31.065, NVIDIA A100-SXM4-40GB, 0, P0, 210 MHz, 1215 MHz, 0 %, 0 %, 53.55 W
2025/11/17 00:21:31.268, NVIDIA A100-SXM4-40GB, 0, P0, 210 MHz, 1215 MHz, 0 %, 0 %, 53.27 W
2025/11/17 00:21:31.472, NVIDIA A100-SXM4-40GB, 0, P0, 210 MHz, 1215 MHz, 0 %, 0 %, 53.55 W
2025/11/17 00:21:31.676, NVIDIA A100-SXM4-40GB, 0, P0, 210 MHz, 1215 MHz, 0 %, 0 %, 53.55 W
2025/11/17 00:21:31.880, NVIDIA A100-SXM4-40GB, 0, P0, 210 MHz, 1215 MHz, 0 %, 0 %, 53.66 W
2025/11/17 00:21:32.083, NVIDIA A100-SXM4-40GB, 0, P0, 210 MHz, 1215 MHz, 0 %, 0 %, 53.38 W
2025/11/17 00:21:32.287, NVIDIA A100-SXM4-40GB, 0, P0, 210 MHz, 1215 MHz, 0 %, 0 %, 53.61 W
2025/11/17 00:21:32.490, NVIDIA A100-SXM4-40GB, 0, P0, 210 MHz, 1215 MHz, 0 %, 0 %, 53.61 W
2025/11/17 00:21:32.693, NVIDIA A100-SXM4-40GB, 0, P0, 210 MHz, 1215 MHz, 0 %, 0 %, 53.61 W
2025/11/17 00:21:32.897, NVIDIA A100-SXM4-40GB, 0, P0, 210 MHz, 1215 MHz, 0 %, 0 %, 53.61 W
2025/11/17 00:21:33.100, NVIDIA A100-SXM4-40GB, 0, P0, 210 MHz, 1215 MHz, 0 %, 0 %, 53.55 W
2025/11/17 00:21:33.304, NVIDIA A100-SXM4-40GB, 0, P0, 210 MHz, 1215 MHz, 0 %, 0 %, 53.72 W
2025/11/17 00:21:33.508, NVIDIA A100-SXM4-40GB, 0, P0, 210 MHz, 1215 MHz, 0 %, 0 %, 53.61 W
2025/11/17 00:21:33.712, NVIDIA A100-SXM4-40GB, 0, P0, 210 MHz, 1215 MHz, 0 %, 0 %, 53.50 W
2025/11/17 00:21:33.916, NVIDIA A100-SXM4-40GB, 0, P0, 210 MHz, 1215 MHz, 0 %, 0 %, 53.66 W
2025/11/17 00:21:34.119, NVIDIA A100-SXM4-40GB, 0, P0, 210 MHz, 1215 MHz, 0 %, 0 %, 53.72 W
2025/11/17 00:21:34.323, NVIDIA A100-SXM4-40GB, 0, P0, 210 MHz, 1215 MHz, 0 %, 0 %, 53.66 W
2025/11/17 00:21:34.526, NVIDIA A100-SXM4-40GB, 0, P0, 210 MHz, 1215 MHz, 0 %, 0 %, 53.61 W
2025/11/17 00:21:34.729, NVIDIA A100-SXM4-40GB, 0, P0, 210 MHz, 1215 MHz, 0 %, 0 %, 53.66 W
2025/11/17 00:21:34.933, NVIDIA A100-SXM4-40GB, 0, P0, 210 MHz, 1215 MHz, 0 %, 0 %, 53.61 W
2025/11/17 00:21:35.137, NVIDIA A100-SXM4-40GB, 0, P0, 210 MHz, 1215 MHz, 0 %, 0 %, 53.55 W
2025/11/17 00:21:35.342, NVIDIA A100-SXM4-40GB, 0, P0, 210 MHz, 1215 MHz, 0 %, 0 %, 53.44 W
2025/11/17 00:21:35.546, NVIDIA A100-SXM4-40GB, 0, P0, 210 MHz, 1215 MHz, 0 %, 0 %, 53.72 W
2025/11/17 00:21:35.749, NVIDIA A100-SXM4-40GB, 0, P0, 210 MHz, 1215 MHz, 0 %, 0 %, 53.44 W
2025/11/17 00:21:35.953, NVIDIA A100-SXM4-40GB, 0, P0, 210 MHz, 1215 MHz, 0 %, 0 %, 53.55 W
2025/11/17 00:21:36.156, NVIDIA A100-SXM4-40GB, 0, P0, 210 MHz, 1215 MHz, 0 %, 0 %, 53.61 W
2025/11/17 00:21:36.360, NVIDIA A100-SXM4-40GB, 0, P0, 210 MHz, 1215 MHz, 0 %, 0 %, 53.89 W
2025/11/17 00:21:36.564, NVIDIA A100-SXM4-40GB, 0, P0, 210 MHz, 1215 MHz, 0 %, 0 %, 53.89 W
2025/11/17 00:21:36.768, NVIDIA A100-SXM4-40GB, 0, P0, 210 MHz, 1215 MHz, 0 %, 0 %, 53.94 W
2025/11/17 00:21:36.972, NVIDIA A100-SXM4-40GB, 0, P0, 210 MHz, 1215 MHz, 0 %, 0 %, 53.89 W
2025/11/17 00:21:37.176, NVIDIA A100-SXM4-40GB, 0, P0, 210 MHz, 1215 MHz, 0 %, 0 %, 54.00 W
2025/11/17 00:21:37.379, NVIDIA A100-SXM4-40GB, 0, P0, 210 MHz, 1215 MHz, 0 %, 0 %, 53.33 W
2025/11/17 00:21:37.583, NVIDIA A100-SXM4-40GB, 0, P0, 210 MHz, 1215 MHz, 0 %, 0 %, 53.66 W
2025/11/17 00:21:37.786, NVIDIA A100-SXM4-40GB, 0, P0, 210 MHz, 1215 MHz, 0 %, 0 %, 53.83 W
2025/11/17 00:21:37.989, NVIDIA A100-SXM4-40GB, 0, P0, 210 MHz, 1215 MHz, 0 %, 0 %, 53.89 W
2025/11/17 00:21:38.193, NVIDIA A100-SXM4-40GB, 0, P0, 210 MHz, 1215 MHz, 0 %, 0 %, 53.38 W
2025/11/17 00:21:38.396, NVIDIA A100-SXM4-40GB, 0, P0, 210 MHz, 1215 MHz, 0 %, 0 %, 53.50 W
2025/11/17 00:21:38.600, NVIDIA A100-SXM4-40GB, 0, P0, 210 MHz, 1215 MHz, 0 %, 0 %, 53.72 W
2025/11/17 00:21:38.805, NVIDIA A100-SXM4-40GB, 0, P0, 210 MHz, 1215 MHz, 0 %, 0 %, 53.61 W
2025/11/17 00:21:39.008, NVIDIA A100-SXM4-40GB, 0, P0, 210 MHz, 1215 MHz, 0 %, 0 %, 53.61 W
2025/11/17 00:21:39.212, NVIDIA A100-SXM4-40GB, 0, P0, 210 MHz, 1215 MHz, 0 %, 0 %, 53.44 W
2025/11/17 00:21:39.416, NVIDIA A100-SXM4-40GB, 0, P0, 210 MHz, 1215 MHz, 0 %, 0 %, 53.72 W
2025/11/17 00:21:39.619, NVIDIA A100-SXM4-40GB, 0, P0, 210 MHz, 1215 MHz, 0 %, 0 %, 53.55 W
2025/11/17 00:21:39.822, NVIDIA A100-SXM4-40GB, 0, P0, 210 MHz, 1215 MHz, 0 %, 0 %, 53.66 W
2025/11/17 00:21:40.026, NVIDIA A100-SXM4-40GB, 0, P0, 210 MHz, 1215 MHz, 0 %, 0 %, 53.44 W
2025/11/17 00:21:40.229, NVIDIA A100-SXM4-40GB, 0, P0, 210 MHz, 1215 MHz, 0 %, 0 %, 53.66 W
2025/11/17 00:21:40.434, NVIDIA A100-SXM4-40GB, 0, P0, 210 MHz, 1215 MHz, 0 %, 0 %, 53.66 W
2025/11/17 00:21:40.637, NVIDIA A100-SXM4-40GB, 0, P0, 210 MHz, 1215 MHz, 0 %, 0 %, 53.55 W
2025/11/17 00:21:40.840, NVIDIA A100-SXM4-40GB, 0, P0, 210 MHz, 1215 MHz, 0 %, 0 %, 53.55 W
2025/11/17 00:21:41.044, NVIDIA A100-SXM4-40GB, 0, P0, 210 MHz, 1215 MHz, 0 %, 0 %, 53.38 W
2025/11/17 00:21:41.247, NVIDIA A100-SXM4-40GB, 0, P0, 210 MHz, 1215 MHz, 0 %, 0 %, 53.44 W
2025/11/17 00:21:41.450, NVIDIA A100-SXM4-40GB, 0, P0, 210 MHz, 1215 MHz, 0 %, 0 %, 53.38 W
2025/11/17 00:21:41.654, NVIDIA A100-SXM4-40GB, 0, P0, 210 MHz, 1215 MHz, 0 %, 0 %, 53.55 W
2025/11/17 00:21:41.857, NVIDIA A100-SXM4-40GB, 0, P0, 210 MHz, 1215 MHz, 0 %, 0 %, 53.50 W
2025/11/17 00:21:42.061, NVIDIA A100-SXM4-40GB, 0, P0, 210 MHz, 1215 MHz, 0 %, 0 %, 53.55 W
2025/11/17 00:21:42.265, NVIDIA A100-SXM4-40GB, 0, P0, 210 MHz, 1215 MHz, 0 %, 0 %, 53.50 W
2025/11/17 00:21:42.468, NVIDIA A100-SXM4-40GB, 0, P0, 210 MHz, 1215 MHz, 0 %, 0 %, 53.55 W
2025/11/17 00:21:42.672, NVIDIA A100-SXM4-40GB, 0, P0, 210 MHz, 1215 MHz, 0 %, 0 %, 53.55 W
2025/11/17 00:21:42.875, NVIDIA A100-SXM4-40GB, 0, P0, 210 MHz, 1215 MHz, 0 %, 0 %, 53.55 W
2025/11/17 00:21:43.079, NVIDIA A100-SXM4-40GB, 0, P0, 210 MHz, 1215 MHz, 0 %, 0 %, 53.44 W
2025/11/17 00:21:43.282, NVIDIA A100-SXM4-40GB, 0, P0, 210 MHz, 1215 MHz, 0 %, 0 %, 53.44 W
2025/11/17 00:21:43.486, NVIDIA A100-SXM4-40GB, 0, P0, 210 MHz, 1215 MHz, 0 %, 0 %, 53.50 W
2025/11/17 00:21:43.689, NVIDIA A100-SXM4-40GB, 0, P0, 210 MHz, 1215 MHz, 0 %, 0 %, 53.44 W
2025/11/17 00:21:43.893, NVIDIA A100-SXM4-40GB, 0, P0, 210 MHz, 1215 MHz, 0 %, 0 %, 53.27 W
2025/11/17 00:21:44.098, NVIDIA A100-SXM4-40GB, 0, P0, 210 MHz, 1215 MHz, 0 %, 0 %, 53.38 W
2025/11/17 00:21:44.302, NVIDIA A100-SXM4-40GB, 0, P0, 210 MHz, 1215 MHz, 0 %, 0 %, 53.55 W
2025/11/17 00:21:44.506, NVIDIA A100-SXM4-40GB, 0, P0, 210 MHz, 1215 MHz, 0 %, 0 %, 54.00 W
2025/11/17 00:21:44.710, NVIDIA A100-SXM4-40GB, 0, P0, 210 MHz, 1215 MHz, 0 %, 0 %, 53.61 W
2025/11/17 00:21:44.914, NVIDIA A100-SXM4-40GB, 0, P0, 210 MHz, 1215 MHz, 0 %, 0 %, 53.50 W
2025/11/17 00:21:45.118, NVIDIA A100-SXM4-40GB, 0, P0, 210 MHz, 1215 MHz, 0 %, 0 %, 53.66 W
2025/11/17 00:21:45.321, NVIDIA A100-SXM4-40GB, 0, P0, 210 MHz, 1215 MHz, 0 %, 0 %, 53.83 W
2025/11/17 00:21:45.526, NVIDIA A100-SXM4-40GB, 0, P0, 210 MHz, 1215 MHz, 0 %, 0 %, 53.89 W
2025/11/17 00:21:45.730, NVIDIA A100-SXM4-40GB, 0, P0, 210 MHz, 1215 MHz, 0 %, 0 %, 53.44 W
2025/11/17 00:21:45.934, NVIDIA A100-SXM4-40GB, 0, P0, 210 MHz, 1215 MHz, 0 %, 0 %, 53.50 W
2025/11/17 00:21:46.137, NVIDIA A100-SXM4-40GB, 0, P0, 210 MHz, 1215 MHz, 0 %, 0 %, 53.44 W
2025/11/17 00:21:46.340, NVIDIA A100-SXM4-40GB, 0, P0, 210 MHz, 1215 MHz, 0 %, 0 %, 53.61 W
2025/11/17 00:21:46.544, NVIDIA A100-SXM4-40GB, 0, P0, 210 MHz, 1215 MHz, 0 %, 0 %, 53.89 W
2025/11/17 00:21:46.747, NVIDIA A100-SXM4-40GB, 0, P0, 210 MHz, 1215 MHz, 0 %, 0 %, 53.33 W
2025/11/17 00:21:46.951, NVIDIA A100-SXM4-40GB, 0, P0, 210 MHz, 1215 MHz, 0 %, 0 %, 53.50 W
2025/11/17 00:21:47.154, NVIDIA A100-SXM4-40GB, 0, P0, 210 MHz, 1215 MHz, 0 %, 0 %, 53.44 W
2025/11/17 00:21:47.358, NVIDIA A100-SXM4-40GB, 0, P0, 210 MHz, 1215 MHz, 0 %, 0 %, 53.61 W
2025/11/17 00:21:47.563, NVIDIA A100-SXM4-40GB, 0, P0, 210 MHz, 1215 MHz, 0 %, 0 %, 53.44 W
2025/11/17 00:21:47.767, NVIDIA A100-SXM4-40GB, 0, P0, 210 MHz, 1215 MHz, 0 %, 0 %, 53.61 W
2025/11/17 00:21:47.970, NVIDIA A100-SXM4-40GB, 0, P0, 210 MHz, 1215 MHz, 0 %, 0 %, 53.50 W
2025/11/17 00:21:48.174, NVIDIA A100-SXM4-40GB, 0, P0, 210 MHz, 1215 MHz, 0 %, 0 %, 53.61 W
2025/11/17 00:21:48.377, NVIDIA A100-SXM4-40GB, 0, P0, 210 MHz, 1215 MHz, 0 %, 0 %, 53.38 W
2025/11/17 00:21:48.581, NVIDIA A100-SXM4-40GB, 0, P0, 210 MHz, 1215 MHz, 0 %, 0 %, 53.55 W
2025/11/17 00:21:48.784, NVIDIA A100-SXM4-40GB, 0, P0, 210 MHz, 1215 MHz, 0 %, 0 %, 53.44 W
2025/11/17 00:21:48.987, NVIDIA A100-SXM4-40GB, 0, P0, 210 MHz, 1215 MHz, 0 %, 0 %, 53.55 W
2025/11/17 00:21:49.192, NVIDIA A100-SXM4-40GB, 0, P0, 210 MHz, 1215 MHz, 0 %, 0 %, 53.61 W
2025/11/17 00:21:49.396, NVIDIA A100-SXM4-40GB, 0, P0, 210 MHz, 1215 MHz, 0 %, 0 %, 53.61 W
2025/11/17 00:21:49.599, NVIDIA A100-SXM4-40GB, 0, P0, 210 MHz, 1215 MHz, 0 %, 0 %, 53.55 W
2025/11/17 00:21:49.803, NVIDIA A100-SXM4-40GB, 0, P0, 210 MHz, 1215 MHz, 0 %, 0 %, 53.55 W
2025/11/17 00:21:50.006, NVIDIA A100-SXM4-40GB, 0, P0, 210 MHz, 1215 MHz, 0 %, 0 %, 53.50 W
2025/11/17 00:21:50.210, NVIDIA A100-SXM4-40GB, 0, P0, 210 MHz, 1215 MHz, 0 %, 0 %, 53.66 W
2025/11/17 00:21:50.413, NVIDIA A100-SXM4-40GB, 0, P0, 210 MHz, 1215 MHz, 0 %, 0 %, 53.38 W
2025/11/17 00:21:50.617, NVIDIA A100-SXM4-40GB, 0, P0, 210 MHz, 1215 MHz, 0 %, 0 %, 53.55 W
2025/11/17 00:21:50.820, NVIDIA A100-SXM4-40GB, 0, P0, 210 MHz, 1215 MHz, 0 %, 0 %, 53.33 W
2025/11/17 00:21:51.024, NVIDIA A100-SXM4-40GB, 0, P0, 210 MHz, 1215 MHz, 0 %, 0 %, 53.66 W
2025/11/17 00:21:51.228, NVIDIA A100-SXM4-40GB, 0, P0, 210 MHz, 1215 MHz, 0 %, 0 %, 53.38 W
2025/11/17 00:21:51.431, NVIDIA A100-SXM4-40GB, 0, P0, 210 MHz, 1215 MHz, 0 %, 0 %, 53.55 W
2025/11/17 00:21:51.635, NVIDIA A100-SXM4-40GB, 0, P0, 210 MHz, 1215 MHz, 0 %, 0 %, 53.61 W
2025/11/17 00:21:51.838, NVIDIA A100-SXM4-40GB, 0, P0, 210 MHz, 1215 MHz, 0 %, 0 %, 53.55 W
2025/11/17 00:21:52.042, NVIDIA A100-SXM4-40GB, 0, P0, 210 MHz, 1215 MHz, 0 %, 0 %, 53.61 W
2025/11/17 00:21:52.245, NVIDIA A100-SXM4-40GB, 0, P0, 210 MHz, 1215 MHz, 0 %, 0 %, 53.44 W
2025/11/17 00:21:52.449, NVIDIA A100-SXM4-40GB, 0, P0, 210 MHz, 1215 MHz, 0 %, 0 %, 53.66 W
2025/11/17 00:21:52.653, NVIDIA A100-SXM4-40GB, 0, P0, 210 MHz, 1215 MHz, 0 %, 0 %, 53.55 W
2025/11/17 00:21:52.859, NVIDIA A100-SXM4-40GB, 0, P0, 210 MHz, 1215 MHz, 0 %, 0 %, 53.94 W
2025/11/17 00:21:53.062, NVIDIA A100-SXM4-40GB, 0, P0, 210 MHz, 1215 MHz, 0 %, 0 %, 53.55 W
2025/11/17 00:21:53.266, NVIDIA A100-SXM4-40GB, 0, P0, 210 MHz, 1215 MHz, 0 %, 0 %, 53.61 W
2025/11/17 00:21:53.469, NVIDIA A100-SXM4-40GB, 0, P0, 210 MHz, 1215 MHz, 0 %, 0 %, 53.94 W
2025/11/17 00:21:53.672, NVIDIA A100-SXM4-40GB, 0, P0, 210 MHz, 1215 MHz, 0 %, 0 %, 53.77 W
2025/11/17 00:21:53.876, NVIDIA A100-SXM4-40GB, 0, P0, 210 MHz, 1215 MHz, 0 %, 0 %, 53.94 W
2025/11/17 00:21:54.079, NVIDIA A100-SXM4-40GB, 0, P0, 210 MHz, 1215 MHz, 0 %, 0 %, 53.77 W
2025/11/17 00:21:54.283, NVIDIA A100-SXM4-40GB, 0, P0, 210 MHz, 1215 MHz, 0 %, 0 %, 53.72 W
2025/11/17 00:21:54.487, NVIDIA A100-SXM4-40GB, 0, P0, 210 MHz, 1215 MHz, 0 %, 0 %, 53.94 W
2025/11/17 00:21:54.690, NVIDIA A100-SXM4-40GB, 0, P0, 210 MHz, 1215 MHz, 0 %, 0 %, 53.89 W
2025/11/17 00:21:54.894, NVIDIA A100-SXM4-40GB, 0, P0, 210 MHz, 1215 MHz, 0 %, 0 %, 53.89 W
2025/11/17 00:21:55.097, NVIDIA A100-SXM4-40GB, 0, P0, 210 MHz, 1215 MHz, 0 %, 0 %, 53.55 W
2025/11/17 00:21:55.300, NVIDIA A100-SXM4-40GB, 0, P0, 210 MHz, 1215 MHz, 0 %, 0 %, 53.55 W
2025/11/17 00:21:55.504, NVIDIA A100-SXM4-40GB, 0, P0, 210 MHz, 1215 MHz, 0 %, 0 %, 53.50 W
2025/11/17 00:21:55.707, NVIDIA A100-SXM4-40GB, 0, P0, 210 MHz, 1215 MHz, 0 %, 0 %, 53.38 W
2025/11/17 00:21:55.910, NVIDIA A100-SXM4-40GB, 0, P0, 210 MHz, 1215 MHz, 0 %, 0 %, 53.55 W
2025/11/17 00:21:56.114, NVIDIA A100-SXM4-40GB, 0, P0, 210 MHz, 1215 MHz, 0 %, 0 %, 53.44 W
2025/11/17 00:21:56.318, NVIDIA A100-SXM4-40GB, 0, P0, 210 MHz, 1215 MHz, 0 %, 0 %, 53.55 W
2025/11/17 00:21:56.523, NVIDIA A100-SXM4-40GB, 0, P0, 210 MHz, 1215 MHz, 0 %, 0 %, 53.55 W
2025/11/17 00:21:56.727, NVIDIA A100-SXM4-40GB, 0, P0, 210 MHz, 1215 MHz, 0 %, 0 %, 53.61 W
2025/11/17 00:21:56.930, NVIDIA A100-SXM4-40GB, 0, P0, 210 MHz, 1215 MHz, 0 %, 0 %, 53.61 W
2025/11/17 00:21:57.133, NVIDIA A100-SXM4-40GB, 0, P0, 210 MHz, 1215 MHz, 0 %, 0 %, 53.55 W
2025/11/17 00:21:57.337, NVIDIA A100-SXM4-40GB, 0, P0, 210 MHz, 1215 MHz, 0 %, 0 %, 53.61 W
2025/11/17 00:21:57.540, NVIDIA A100-SXM4-40GB, 0, P0, 210 MHz, 1215 MHz, 0 %, 0 %, 53.27 W
2025/11/17 00:21:57.743, NVIDIA A100-SXM4-40GB, 0, P0, 210 MHz, 1215 MHz, 0 %, 0 %, 53.55 W
2025/11/17 00:21:57.947, NVIDIA A100-SXM4-40GB, 0, P0, 210 MHz, 1215 MHz, 0 %, 0 %, 53.50 W
2025/11/17 00:21:58.152, NVIDIA A100-SXM4-40GB, 0, P0, 210 MHz, 1215 MHz, 0 %, 0 %, 53.55 W
2025/11/17 00:21:58.356, NVIDIA A100-SXM4-40GB, 0, P0, 210 MHz, 1215 MHz, 0 %, 0 %, 53.61 W
2025/11/17 00:21:58.559, NVIDIA A100-SXM4-40GB, 0, P0, 210 MHz, 1215 MHz, 0 %, 0 %, 53.61 W
2025/11/17 00:21:58.762, NVIDIA A100-SXM4-40GB, 0, P0, 210 MHz, 1215 MHz, 0 %, 0 %, 53.44 W
2025/11/17 00:21:58.966, NVIDIA A100-SXM4-40GB, 0, P0, 210 MHz, 1215 MHz, 0 %, 0 %, 53.44 W
2025/11/17 00:21:59.169, NVIDIA A100-SXM4-40GB, 0, P0, 210 MHz, 1215 MHz, 0 %, 0 %, 53.55 W
2025/11/17 00:21:59.372, NVIDIA A100-SXM4-40GB, 0, P0, 210 MHz, 1215 MHz, 0 %, 0 %, 53.55 W
2025/11/17 00:21:59.576, NVIDIA A100-SXM4-40GB, 0, P0, 210 MHz, 1215 MHz, 0 %, 0 %, 53.66 W
2025/11/17 00:21:59.780, NVIDIA A100-SXM4-40GB, 0, P0, 210 MHz, 1215 MHz, 0 %, 0 %, 53.55 W
2025/11/17 00:21:59.985, NVIDIA A100-SXM4-40GB, 0, P0, 210 MHz, 1215 MHz, 0 %, 0 %, 53.55 W
0:46.152, NVIDIA A100-SXM4-40GB, 0, P0, 210 MHz, 1215 MHz, 0 %, 0 %, 53.55 W
2025/11/17 00:20:46.357, NVIDIA A100-SXM4-40GB, 0, P0, 210 MHz, 1215 MHz, 0 %, 0 %, 53.44 W
2025/11/17 00:20:46.561, NVIDIA A100-SXM4-40GB, 0, P0, 210 MHz, 1215 MHz, 0 %, 0 %, 53.50 W
2025/11/17 00:20:46.764, NVIDIA A100-SXM4-40GB, 0, P0, 210 MHz, 1215 MHz, 0 %, 0 %, 53.55 W
2025/11/17 00:20:46.967, NVIDIA A100-SXM4-40GB, 0, P0, 210 MHz, 1215 MHz, 0 %, 0 %, 53.38 W
2025/11/17 00:20:47.171, NVIDIA A100-SXM4-40GB, 0, P0, 210 MHz, 1215 MHz, 0 %, 0 %, 53.38 W
2025/11/17 00:20:47.374, NVIDIA A100-SXM4-40GB, 0, P0, 210 MHz, 1215 MHz, 0 %, 0 %, 53.38 W
2025/11/17 00:20:47.578, NVIDIA A100-SXM4-40GB, 0, P0, 210 MHz, 1215 MHz, 0 %, 0 %, 53.38 W
2025/11/17 00:20:47.782, NVIDIA A100-SXM4-40GB, 0, P0, 210 MHz, 1215 MHz, 0 %, 0 %, 53.50 W
2025/11/17 00:20:47.986, NVIDIA A100-SXM4-40GB, 0, P0, 210 MHz, 1215 MHz, 0 %, 0 %, 53.50 W
2025/11/17 00:20:48.191, NVIDIA A100-SXM4-40GB, 0, P0, 210 MHz, 1215 MHz, 0 %, 0 %, 53.44 W
2025/11/17 00:20:48.394, NVIDIA A100-SXM4-40GB, 0, P0, 210 MHz, 1215 MHz, 0 %, 0 %, 53.61 W
2025/11/17 00:20:48.598, NVIDIA A100-SXM4-40GB, 0, P0, 210 MHz, 1215 MHz, 0 %, 0 %, 53.38 W
2025/11/17 00:20:48.801, NVIDIA A100-SXM4-40GB, 0, P0, 210 MHz, 1215 MHz, 0 %, 0 %, 53.55 W
2025/11/17 00:20:49.005, NVIDIA A100-SXM4-40GB, 0, P0, 210 MHz, 1215 MHz, 0 %, 0 %, 53.66 W
2025/11/17 00:20:49.209, NVIDIA A100-SXM4-40GB, 0, P0, 210 MHz, 1215 MHz, 0 %, 0 %, 53.44 W
2025/11/17 00:20:49.413, NVIDIA A100-SXM4-40GB, 0, P0, 210 MHz, 1215 MHz, 0 %, 0 %, 53.44 W
2025/11/17 00:20:49.617, NVIDIA A100-SXM4-40GB, 0, P0, 210 MHz, 1215 MHz, 0 %, 0 %, 53.61 W
2025/11/17 00:20:49.823, NVIDIA A100-SXM4-40GB, 0, P0, 210 MHz, 1215 MHz, 0 %, 0 %, 53.72 W
2025/11/17 00:20:50.027, NVIDIA A100-SXM4-40GB, 0, P0, 210 MHz, 1215 MHz, 0 %, 0 %, 53.22 W
2025/11/17 00:20:50.231, NVIDIA A100-SXM4-40GB, 0, P0, 210 MHz, 1215 MHz, 0 %, 0 %, 53.50 W
2025/11/17 00:20:50.434, NVIDIA A100-SXM4-40GB, 0, P0, 210 MHz, 1215 MHz, 0 %, 0 %, 53.55 W
2025/11/17 00:20:50.638, NVIDIA A100-SXM4-40GB, 0, P0, 210 MHz, 1215 MHz, 0 %, 0 %, 53.33 W
2025/11/17 00:20:50.842, NVIDIA A100-SXM4-40GB, 0, P0, 210 MHz, 1215 MHz, 0 %, 0 %, 53.72 W
2025/11/17 00:20:51.046, NVIDIA A100-SXM4-40GB, 0, P0, 210 MHz, 1215 MHz, 0 %, 0 %, 53.50 W
2025/11/17 00:20:51.251, NVIDIA A100-SXM4-40GB, 0, P0, 210 MHz, 1215 MHz, 0 %, 0 %, 53.55 W
2025/11/17 00:20:51.454, NVIDIA A100-SXM4-40GB, 0, P0, 210 MHz, 1215 MHz, 0 %, 0 %, 53.50 W
2025/11/17 00:20:51.658, NVIDIA A100-SXM4-40GB, 0, P0, 210 MHz, 1215 MHz, 0 %, 0 %, 53.66 W
2025/11/17 00:20:51.861, NVIDIA A100-SXM4-40GB, 0, P0, 210 MHz, 1215 MHz, 0 %, 0 %, 53.66 W
2025/11/17 00:20:52.065, NVIDIA A100-SXM4-40GB, 0, P0, 210 MHz, 1215 MHz, 0 %, 0 %, 53.38 W
2025/11/17 00:20:52.268, NVIDIA A100-SXM4-40GB, 0, P0, 210 MHz, 1215 MHz, 0 %, 0 %, 53.50 W
2025/11/17 00:20:52.471, NVIDIA A100-SXM4-40GB, 0, P0, 210 MHz, 1215 MHz, 0 %, 0 %, 53.50 W
2025/11/17 00:20:52.675, NVIDIA A100-SXM4-40GB, 0, P0, 210 MHz, 1215 MHz, 0 %, 0 %, 53.66 W
2025/11/17 00:20:52.880, NVIDIA A100-SXM4-40GB, 0, P0, 210 MHz, 1215 MHz, 0 %, 0 %, 53.50 W
2025/11/17 00:20:53.085, NVIDIA A100-SXM4-40GB, 0, P0, 210 MHz, 1215 MHz, 0 %, 0 %, 53.66 W
2025/11/17 00:20:53.288, NVIDIA A100-SXM4-40GB, 0, P0, 210 MHz, 1215 MHz, 0 %, 0 %, 53.44 W
2025/11/17 00:20:53.492, NVIDIA A100-SXM4-40GB, 0, P0, 210 MHz, 1215 MHz, 0 %, 0 %, 53.50 W
2025/11/17 00:20:53.695, NVIDIA A100-SXM4-40GB, 0, P0, 210 MHz, 1215 MHz, 0 %, 0 %, 53.66 W
2025/11/17 00:20:53.899, NVIDIA A100-SXM4-40GB, 0, P0, 210 MHz, 1215 MHz, 0 %, 0 %, 53.55 W
2025/11/17 00:20:54.103, NVIDIA A100-SXM4-40GB, 0, P0, 210 MHz, 1215 MHz, 0 %, 0 %, 53.72 W
2025/11/17 00:20:54.306, NVIDIA A100-SXM4-40GB, 0, P0, 210 MHz, 1215 MHz, 0 %, 0 %, 53.89 W
2025/11/17 00:20:54.510, NVIDIA A100-SXM4-40GB, 0, P0, 210 MHz, 1215 MHz, 0 %, 0 %, 53.55 W
2025/11/17 00:20:54.715, NVIDIA A100-SXM4-40GB, 0, P0, 210 MHz, 1215 MHz, 0 %, 0 %, 53.77 W
2025/11/17 00:20:54.918, NVIDIA A100-SXM4-40GB, 0, P0, 210 MHz, 1215 MHz, 0 %, 0 %, 53.89 W
2025/11/17 00:20:55.122, NVIDIA A100-SXM4-40GB, 0, P0, 210 MHz, 1215 MHz, 0 %, 0 %, 53.72 W
2025/11/17 00:20:55.325, NVIDIA A100-SXM4-40GB, 0, P0, 210 MHz, 1215 MHz, 0 %, 0 %, 53.66 W
2025/11/17 00:20:55.529, NVIDIA A100-SXM4-40GB, 0, P0, 210 MHz, 1215 MHz, 0 %, 0 %, 53.61 W
2025/11/17 00:20:55.732, NVIDIA A100-SXM4-40GB, 0, P0, 210 MHz, 1215 MHz, 0 %, 0 %, 53.61 W
2025/11/17 00:20:55.935, NVIDIA A100-SXM4-40GB, 0, P0, 210 MHz, 1215 MHz, 0 %, 0 %, 53.89 W
2025/11/17 00:20:56.139, NVIDIA A100-SXM4-40GB, 0, P0, 210 MHz, 1215 MHz, 0 %, 0 %, 53.22 W
2025/11/17 00:20:56.343, NVIDIA A100-SXM4-40GB, 0, P0, 210 MHz, 1215 MHz, 0 %, 0 %, 53.72 W
2025/11/17 00:20:56.549, NVIDIA A100-SXM4-40GB, 0, P0, 210 MHz, 1215 MHz, 0 %, 0 %, 53.44 W
2025/11/17 00:20:56.752, NVIDIA A100-SXM4-40GB, 0, P0, 210 MHz, 1215 MHz, 0 %, 0 %, 53.66 W
2025/11/17 00:20:56.956, NVIDIA A100-SXM4-40GB, 0, P0, 210 MHz, 1215 MHz, 0 %, 0 %, 53.50 W
2025/11/17 00:20:57.159, NVIDIA A100-SXM4-40GB, 0, P0, 210 MHz, 1215 MHz, 0 %, 0 %, 53.66 W
2025/11/17 00:20:57.362, NVIDIA A100-SXM4-40GB, 0, P0, 210 MHz, 1215 MHz, 0 %, 0 %, 53.66 W
2025/11/17 00:20:57.566, NVIDIA A100-SXM4-40GB, 0, P0, 210 MHz, 1215 MHz, 0 %, 0 %, 53.61 W
2025/11/17 00:20:57.769, NVIDIA A100-SXM4-40GB, 0, P0, 210 MHz, 1215 MHz, 0 %, 0 %, 53.66 W
2025/11/17 00:20:57.973, NVIDIA A100-SXM4-40GB, 0, P0, 210 MHz, 1215 MHz, 0 %, 0 %, 53.61 W
2025/11/17 00:20:58.179, NVIDIA A100-SXM4-40GB, 0, P0, 210 MHz, 1215 MHz, 0 %, 0 %, 53.50 W
2025/11/17 00:20:58.382, NVIDIA A100-SXM4-40GB, 0, P0, 210 MHz, 1215 MHz, 0 %, 0 %, 53.55 W
2025/11/17 00:20:58.585, NVIDIA A100-SXM4-40GB, 0, P0, 210 MHz, 1215 MHz, 0 %, 0 %, 53.66 W
2025/11/17 00:20:58.789, NVIDIA A100-SXM4-40GB, 0, P0, 210 MHz, 1215 MHz, 0 %, 0 %, 53.66 W
2025/11/17 00:20:58.992, NVIDIA A100-SXM4-40GB, 0, P0, 210 MHz, 1215 MHz, 0 %, 0 %, 53.61 W
2025/11/17 00:20:59.196, NVIDIA A100-SXM4-40GB, 0, P0, 210 MHz, 1215 MHz, 0 %, 0 %, 53.61 W
2025/11/17 00:20:59.399, NVIDIA A100-SXM4-40GB, 0, P0, 210 MHz, 1215 MHz, 0 %, 0 %, 53.50 W
2025/11/17 00:20:59.603, NVIDIA A100-SXM4-40GB, 0, P0, 210 MHz, 1215 MHz, 0 %, 0 %, 53.72 W
2025/11/17 00:20:59.808, NVIDIA A100-SXM4-40GB, 0, P0, 210 MHz, 1215 MHz, 0 %, 0 %, 53.55 W
2025/11/17 00:21:00.011, NVIDIA A100-SXM4-40GB, 0, P0, 210 MHz, 1215 MHz, 0 %, 0 %, 53.66 W
2025/11/17 00:21:00.215, NVIDIA A100-SXM4-40GB, 0, P0, 210 MHz, 1215 MHz, 0 %, 0 %, 53.50 W
2025/11/17 00:21:00.418, NVIDIA A100-SXM4-40GB, 0, P0, 210 MHz, 1215 MHz, 0 %, 0 %, 53.55 W
2025/11/17 00:21:00.622, NVIDIA A100-SXM4-40GB, 0, P0, 210 MHz, 1215 MHz, 0 %, 0 %, 53.66 W
2025/11/17 00:21:00.825, NVIDIA A100-SXM4-40GB, 0, P0, 210 MHz, 1215 MHz, 0 %, 0 %, 53.61 W
2025/11/17 00:21:01.028, NVIDIA A100-SXM4-40GB, 0, P0, 210 MHz, 1215 MHz, 0 %, 0 %, 53.44 W
2025/11/17 00:21:01.232, NVIDIA A100-SXM4-40GB, 0, P0, 210 MHz, 1215 MHz, 0 %, 0 %, 53.66 W
2025/11/17 00:21:01.436, NVIDIA A100-SXM4-40GB, 0, P0, 210 MHz, 1215 MHz, 0 %, 0 %, 53.61 W
2025/11/17 00:21:01.640, NVIDIA A100-SXM4-40GB, 0, P0, 210 MHz, 1215 MHz, 0 %, 0 %, 53.66 W
2025/11/17 00:21:01.843, NVIDIA A100-SXM4-40GB, 0, P0, 210 MHz, 1215 MHz, 0 %, 0 %, 53.55 W
2025/11/17 00:21:02.047, NVIDIA A100-SXM4-40GB, 0, P0, 210 MHz, 1215 MHz, 0 %, 0 %, 53.55 W
2025/11/17 00:21:02.250, NVIDIA A100-SXM4-40GB, 0, P0, 210 MHz, 1215 MHz, 0 %, 0 %, 53.50 W
2025/11/17 00:21:02.454, NVIDIA A100-SXM4-40GB, 0, P0, 210 MHz, 1215 MHz, 0 %, 0 %, 53.66 W
2025/11/17 00:21:02.657, NVIDIA A100-SXM4-40GB, 0, P0, 210 MHz, 1215 MHz, 0 %, 0 %, 53.61 W
2025/11/17 00:21:02.860, NVIDIA A100-SXM4-40GB, 0, P0, 210 MHz, 1215 MHz, 0 %, 0 %, 53.44 W
2025/11/17 00:21:03.064, NVIDIA A100-SXM4-40GB, 0, P0, 210 MHz, 1215 MHz, 0 %, 0 %, 53.61 W
2025/11/17 00:21:03.268, NVIDIA A100-SXM4-40GB, 0, P0, 210 MHz, 1215 MHz, 0 %, 0 %, 53.83 W
2025/11/17 00:21:03.472, NVIDIA A100-SXM4-40GB, 0, P0, 210 MHz, 1215 MHz, 0 %, 0 %, 53.89 W
2025/11/17 00:21:03.675, NVIDIA A100-SXM4-40GB, 0, P0, 210 MHz, 1215 MHz, 0 %, 0 %, 53.61 W
2025/11/17 00:21:03.879, NVIDIA A100-SXM4-40GB, 0, P0, 210 MHz, 1215 MHz, 0 %, 0 %, 53.61 W
2025/11/17 00:21:04.082, NVIDIA A100-SXM4-40GB, 0, P0, 210 MHz, 1215 MHz, 0 %, 0 %, 53.61 W
2025/11/17 00:21:04.286, NVIDIA A100-SXM4-40GB, 0, P0, 210 MHz, 1215 MHz, 0 %, 0 %, 53.94 W
2025/11/17 00:21:04.489, NVIDIA A100-SXM4-40GB, 0, P0, 210 MHz, 1215 MHz, 0 %, 0 %, 53.44 W
2025/11/17 00:21:04.692, NVIDIA A100-SXM4-40GB, 0, P0, 210 MHz, 1215 MHz, 0 %, 0 %, 53.66 W
2025/11/17 00:21:04.897, NVIDIA A100-SXM4-40GB, 0, P0, 210 MHz, 1215 MHz, 0 %, 0 %, 53.66 W
2025/11/17 00:21:05.101, NVIDIA A100-SXM4-40GB, 0, P0, 210 MHz, 1215 MHz, 0 %, 0 %, 53.66 W
2025/11/17 00:21:05.305, NVIDIA A100-SXM4-40GB, 0, P0, 210 MHz, 1215 MHz, 0 %, 0 %, 53.72 W
2025/11/17 00:21:05.508, NVIDIA A100-SXM4-40GB, 0, P0, 210 MHz, 1215 MHz, 0 %, 0 %, 53.44 W
2025/11/17 00:21:05.712, NVIDIA A100-SXM4-40GB, 0, P0, 210 MHz, 1215 MHz, 0 %, 0 %, 53.55 W
2025/11/17 00:21:05.915, NVIDIA A100-SXM4-40GB, 0, P0, 210 MHz, 1215 MHz, 0 %, 0 %, 53.55 W
2025/11/17 00:21:06.118, NVIDIA A100-SXM4-40GB, 0, P0, 210 MHz, 1215 MHz, 0 %, 0 %, 53.72 W
2025/11/17 00:21:06.322, NVIDIA A100-SXM4-40GB, 0, P0, 210 MHz, 1215 MHz, 0 %, 0 %, 53.38 W
2025/11/17 00:21:06.525, NVIDIA A100-SXM4-40GB, 0, P0, 210 MHz, 1215 MHz, 0 %, 0 %, 53.72 W
2025/11/17 00:21:06.729, NVIDIA A100-SXM4-40GB, 0, P0, 210 MHz, 1215 MHz, 0 %, 0 %, 53.66 W
2025/11/17 00:21:06.935, NVIDIA A100-SXM4-40GB, 0, P0, 210 MHz, 1215 MHz, 0 %, 0 %, 53.55 W
2025/11/17 00:21:07.138, NVIDIA A100-SXM4-40GB, 0, P0, 210 MHz, 1215 MHz, 0 %, 0 %, 53.72 W
2025/11/17 00:21:07.341, NVIDIA A100-SXM4-40GB, 0, P0, 210 MHz, 1215 MHz, 0 %, 0 %, 53.55 W
2025/11/17 00:21:07.545, NVIDIA A100-SXM4-40GB, 0, P0, 210 MHz, 1215 MHz, 0 %, 0 %, 53.55 W
2025/11/17 00:21:07.748, NVIDIA A100-SXM4-40GB, 0, P0, 210 MHz, 1215 MHz, 0 %, 0 %, 53.55 W
2025/11/17 00:21:07.952, NVIDIA A100-SXM4-40GB, 0, P0, 210 MHz, 1215 MHz, 0 %, 0 %, 53.55 W
2025/11/17 00:21:08.155, NVIDIA A100-SXM4-40GB, 0, P0, 210 MHz, 1215 MHz, 0 %, 0 %, 53.66 W
2025/11/17 00:21:08.359, NVIDIA A100-SXM4-40GB, 0, P0, 210 MHz, 1215 MHz, 0 %, 0 %, 53.50 W
2025/11/17 00:21:08.563, NVIDIA A100-SXM4-40GB, 0, P0, 210 MHz, 1215 MHz, 0 %, 0 %, 53.66 W
2025/11/17 00:21:08.767, NVIDIA A100-SXM4-40GB, 0, P0, 210 MHz, 1215 MHz, 0 %, 0 %, 53.50 W
2025/11/17 00:21:08.971, NVIDIA A100-SXM4-40GB, 0, P0, 210 MHz, 1215 MHz, 0 %, 0 %, 53.66 W
2025/11/17 00:21:09.175, NVIDIA A100-SXM4-40GB, 0, P0, 210 MHz, 1215 MHz, 0 %, 0 %, 53.33 W
2025/11/17 00:21:09.379, NVIDIA A100-SXM4-40GB, 0, P0, 210 MHz, 1215 MHz, 0 %, 0 %, 53.61 W
2025/11/17 00:21:09.583, NVIDIA A100-SXM4-40GB, 0, P0, 210 MHz, 1215 MHz, 0 %, 0 %, 53.27 W
2025/11/17 00:21:09.786, NVIDIA A100-SXM4-40GB, 0, P0, 210 MHz, 1215 MHz, 0 %, 0 %, 53.55 W
2025/11/17 00:21:09.990, NVIDIA A100-SXM4-40GB, 0, P0, 210 MHz, 1215 MHz, 0 %, 0 %, 53.72 W
2025/11/17 00:21:10.196, NVIDIA A100-SXM4-40GB, 0, P0, 210 MHz, 1215 MHz, 0 %, 0 %, 53.50 W
2025/11/17 00:21:10.400, NVIDIA A100-SXM4-40GB, 0, P0, 210 MHz, 1215 MHz, 0 %, 0 %, 53.61 W
2025/11/17 00:21:10.603, NVIDIA A100-SXM4-40GB, 0, P0, 210 MHz, 1215 MHz, 0 %, 0 %, 53.55 W
2025/11/17 00:21:10.807, NVIDIA A100-SXM4-40GB, 0, P0, 210 MHz, 1215 MHz, 0 %, 0 %, 53.50 W
2025/11/17 00:21:11.010, NVIDIA A100-SXM4-40GB, 0, P0, 210 MHz, 1215 MHz, 0 %, 0 %, 53.61 W
2025/11/17 00:21:11.213, NVIDIA A100-SXM4-40GB, 0, P0, 210 MHz, 1215 MHz, 0 %, 0 %, 53.89 W
2025/11/17 00:21:11.417, NVIDIA A100-SXM4-40GB, 0, P0, 210 MHz, 1215 MHz, 0 %, 0 %, 53.66 W
2025/11/17 00:21:11.620, NVIDIA A100-SXM4-40GB, 0, P0, 210 MHz, 1215 MHz, 0 %, 0 %, 53.83 W
2025/11/17 00:21:11.824, NVIDIA A100-SXM4-40GB, 0, P0, 210 MHz, 1215 MHz, 0 %, 0 %, 53.83 W
2025/11/17 00:21:12.029, NVIDIA A100-SXM4-40GB, 0, P0, 210 MHz, 1215 MHz, 0 %, 0 %, 53.83 W
2025/11/17 00:21:12.232, NVIDIA A100-SXM4-40GB, 0, P0, 210 MHz, 1215 MHz, 0 %, 0 %, 53.89 W
2025/11/17 00:21:12.436, NVIDIA A100-SXM4-40GB, 0, P0, 210 MHz, 1215 MHz, 0 %, 0 %, 54.00 W
2025/11/17 00:21:12.639, NVIDIA A100-SXM4-40GB, 0, P0, 210 MHz, 1215 MHz, 0 %, 0 %, 53.94 W
2025/11/17 00:21:12.842, NVIDIA A100-SXM4-40GB, 0, P0, 210 MHz, 1215 MHz, 0 %, 0 %, 53.66 W
2025/11/17 00:21:13.046, NVIDIA A100-SXM4-40GB, 0, P0, 210 MHz, 1215 MHz, 0 %, 0 %, 53.55 W
2025/11/17 00:21:13.250, NVIDIA A100-SXM4-40GB, 0, P0, 210 MHz, 1215 MHz, 0 %, 0 %, 53.50 W
2025/11/17 00:21:13.453, NVIDIA A100-SXM4-40GB, 0, P0, 210 MHz, 1215 MHz, 0 %, 0 %, 53.61 W
2025/11/17 00:21:13.657, NVIDIA A100-SXM4-40GB, 0, P0, 210 MHz, 1215 MHz, 0 %, 0 %, 53.50 W
2025/11/17 00:21:13.862, NVIDIA A100-SXM4-40GB, 0, P0, 210 MHz, 1215 MHz, 0 %, 0 %, 53.61 W
2025/11/17 00:21:14.065, NVIDIA A100-SXM4-40GB, 0, P0, 210 MHz, 1215 MHz, 0 %, 0 %, 53.55 W
2025/11/17 00:21:14.268, NVIDIA A100-SXM4-40GB, 0, P0, 210 MHz, 1215 MHz, 0 %, 0 %, 53.61 W
2025/11/17 00:21:14.472, NVIDIA A100-SXM4-40GB, 0, P0, 210 MHz, 1215 MHz, 0 %, 0 %, 53.55 W
2025/11/17 00:21:14.675, NVIDIA A100-SXM4-40GB, 0, P0, 210 MHz, 1215 MHz, 0 %, 0 %, 53.55 W
2025/11/17 00:21:14.879, NVIDIA A100-SXM4-40GB, 0, P0, 210 MHz, 1215 MHz, 0 %, 0 %, 53.61 W
2025/11/17 00:21:15.082, NVIDIA A100-SXM4-40GB, 0, P0, 210 MHz, 1215 MHz, 0 %, 0 %, 53.72 W
2025/11/17 00:21:15.286, NVIDIA A100-SXM4-40GB, 0, P0, 210 MHz, 1215 MHz, 0 %, 0 %, 53.55 W
2025/11/17 00:21:15.491, NVIDIA A100-SXM4-40GB, 0, P0, 210 MHz, 1215 MHz, 0 %, 0 %, 53.66 W
2025/11/17 00:21:15.695, NVIDIA A100-SXM4-40GB, 0, P0, 210 MHz, 1215 MHz, 0 %, 0 %, 53.50 W
2025/11/17 00:21:15.898, NVIDIA A100-SXM4-40GB, 0, P0, 210 MHz, 1215 MHz, 0 %, 0 %, 53.66 W
2025/11/17 00:21:16.102, NVIDIA A100-SXM4-40GB, 0, P0, 210 MHz, 1215 MHz, 0 %, 0 %, 53.50 W
2025/11/17 00:21:16.305, NVIDIA A100-SXM4-40GB, 0, P0, 210 MHz, 1215 MHz, 0 %, 0 %, 53.61 W
2025/11/17 00:21:16.508, NVIDIA A100-SXM4-40GB, 0, P0, 210 MHz, 1215 MHz, 0 %, 0 %, 53.66 W
2025/11/17 00:21:16.712, NVIDIA A100-SXM4-40GB, 0, P0, 210 MHz, 1215 MHz, 0 %, 0 %, 53.61 W
2025/11/17 00:21:16.916, NVIDIA A100-SXM4-40GB, 0, P0, 210 MHz, 1215 MHz, 0 %, 0 %, 53.61 W
2025/11/17 00:21:17.121, NVIDIA A100-SXM4-40GB, 0, P0, 210 MHz, 1215 MHz, 0 %, 0 %, 53.55 W
2025/11/17 00:21:17.325, NVIDIA A100-SXM4-40GB, 0, P0, 210 MHz, 1215 MHz, 0 %, 0 %, 53.66 W
2025/11/17 00:21:17.528, NVIDIA A100-SXM4-40GB, 0, P0, 210 MHz, 1215 MHz, 0 %, 0 %, 53.55 W
2025/11/17 00:21:17.732, NVIDIA A100-SXM4-40GB, 0, P0, 210 MHz, 1215 MHz, 0 %, 0 %, 53.72 W
2025/11/17 00:21:17.935, NVIDIA A100-SXM4-40GB, 0, P0, 210 MHz, 1215 MHz, 0 %, 0 %, 53.50 W
2025/11/17 00:21:18.139, NVIDIA A100-SXM4-40GB, 0, P0, 210 MHz, 1215 MHz, 0 %, 0 %, 53.38 W
2025/11/17 00:21:18.342, NVIDIA A100-SXM4-40GB, 0, P0, 210 MHz, 1215 MHz, 0 %, 0 %, 53.72 W
2025/11/17 00:21:18.547, NVIDIA A100-SXM4-40GB, 0, P0, 210 MHz, 1215 MHz, 0 %, 0 %, 53.55 W
2025/11/17 00:21:18.751, NVIDIA A100-SXM4-40GB, 0, P0, 210 MHz, 1215 MHz, 0 %, 0 %, 53.66 W
2025/11/17 00:21:18.954, NVIDIA A100-SXM4-40GB, 0, P0, 210 MHz, 1215 MHz, 0 %, 0 %, 53.66 W
2025/11/17 00:21:19.158, NVIDIA A100-SXM4-40GB, 0, P0, 210 MHz, 1215 MHz, 0 %, 0 %, 53.38 W
2025/11/17 00:21:19.361, NVIDIA A100-SXM4-40GB, 0, P0, 210 MHz, 1215 MHz, 0 %, 0 %, 53.72 W
2025/11/17 00:21:19.565, NVIDIA A100-SXM4-40GB, 0, P0, 210 MHz, 1215 MHz, 0 %, 0 %, 53.61 W
2025/11/17 00:21:19.768, NVIDIA A100-SXM4-40GB, 0, P0, 210 MHz, 1215 MHz, 0 %, 0 %, 54.00 W
2025/11/17 00:21:19.971, NVIDIA A100-SXM4-40GB, 0, P0, 210 MHz, 1215 MHz, 0 %, 0 %, 53.72 W
2025/11/17 00:21:20.175, NVIDIA A100-SXM4-40GB, 0, P0, 210 MHz, 1215 MHz, 0 %, 0 %, 53.44 W
2025/11/17 00:21:20.380, NVIDIA A100-SXM4-40GB, 0, P0, 210 MHz, 1215 MHz, 0 %, 0 %, 53.83 W
2025/11/17 00:21:20.584, NVIDIA A100-SXM4-40GB, 0, P0, 210 MHz, 1215 MHz, 0 %, 0 %, 53.44 W
2025/11/17 00:21:20.787, NVIDIA A100-SXM4-40GB, 0, P0, 210 MHz, 1215 MHz, 0 %, 0 %, 53.50 W
2025/11/17 00:21:20.990, NVIDIA A100-SXM4-40GB, 0, P0, 210 MHz, 1215 MHz, 0 %, 0 %, 53.55 W
2025/11/17 00:21:21.194, NVIDIA A100-SXM4-40GB, 0, P0, 210 MHz, 1215 MHz, 0 %, 0 %, 53.72 W
2025/11/17 00:21:21.398, NVIDIA A100-SXM4-40GB, 0, P0, 210 MHz, 1215 MHz, 0 %, 0 %, 53.61 W
2025/11/17 00:21:21.601, NVIDIA A100-SXM4-40GB, 0, P0, 210 MHz, 1215 MHz, 0 %, 0 %, 53.66 W
2025/11/17 00:21:21.805, NVIDIA A100-SXM4-40GB, 0, P0, 210 MHz, 1215 MHz, 0 %, 0 %, 53.61 W
2025/11/17 00:21:22.009, NVIDIA A100-SXM4-40GB, 0, P0, 210 MHz, 1215 MHz, 0 %, 0 %, 53.72 W
2025/11/17 00:21:22.214, NVIDIA A100-SXM4-40GB, 0, P0, 210 MHz, 1215 MHz, 0 %, 0 %, 53.50 W
2025/11/17 00:21:22.417, NVIDIA A100-SXM4-40GB, 0, P0, 210 MHz, 1215 MHz, 0 %, 0 %, 53.55 W
2025/11/17 00:21:22.620, NVIDIA A100-SXM4-40GB, 0, P0, 210 MHz, 1215 MHz, 0 %, 0 %, 53.72 W
2025/11/17 00:21:22.824, NVIDIA A100-SXM4-40GB, 0, P0, 210 MHz, 1215 MHz, 0 %, 0 %, 53.72 W
2025/11/17 00:21:23.027, NVIDIA A100-SXM4-40GB, 0, P0, 210 MHz, 1215 MHz, 0 %, 0 %, 53.72 W
2025/11/17 00:21:23.230, NVIDIA A100-SXM4-40GB, 0, P0, 210 MHz, 1215 MHz, 0 %, 0 %, 53.66 W
2025/11/17 00:21:23.434, NVIDIA A100-SXM4-40GB, 0, P0, 210 MHz, 1215 MHz, 0 %, 0 %, 53.50 W
2025/11/17 00:21:23.637, NVIDIA A100-SXM4-40GB, 0, P0, 210 MHz, 1215 MHz, 0 %, 0 %, 53.44 W
2025/11/17 00:21:23.841, NVIDIA A100-SXM4-40GB, 0, P0, 210 MHz, 1215 MHz, 0 %, 0 %, 53.50 W
2025/11/17 00:21:24.045, NVIDIA A100-SXM4-40GB, 0, P0, 210 MHz, 1215 MHz, 0 %, 0 %, 53.61 W
2025/11/17 00:21:24.249, NVIDIA A100-SXM4-40GB, 0, P0, 210 MHz, 1215 MHz, 0 %, 0 %, 53.66 W
2025/11/17 00:21:24.452, NVIDIA A100-SXM4-40GB, 0, P0, 210 MHz, 1215 MHz, 0 %, 0 %, 53.55 W
2025/11/17 00:21:24.656, NVIDIA A100-SXM4-40GB, 0, P0, 210 MHz, 1215 MHz, 0 %, 0 %, 53.50 W
2025/11/17 00:21:24.859, NVIDIA A100-SXM4-40GB, 0, P0, 210 MHz, 1215 MHz, 0 %, 0 %, 53.66 W
2025/11/17 00:21:25.063, NVIDIA A100-SXM4-40GB, 0, P0, 210 MHz, 1215 MHz, 0 %, 0 %, 53.55 W
2025/11/17 00:21:25.266, NVIDIA A100-SXM4-40GB, 0, P0, 210 MHz, 1215 MHz, 0 %, 0 %, 53.66 W
2025/11/17 00:21:25.470, NVIDIA A100-SXM4-40GB, 0, P0, 210 MHz, 1215 MHz, 0 %, 0 %, 53.55 W
2025/11/17 00:21:25.675, NVIDIA A100-SXM4-40GB, 0, P0, 210 MHz, 1215 MHz, 0 %, 0 %, 53.50 W
2025/11/17 00:21:25.879, NVIDIA A100-SXM4-40GB, 0, P0, 210 MHz, 1215 MHz, 0 %, 0 %, 53.55 W
2025/11/17 00:21:26.082, NVIDIA A100-SXM4-40GB, 0, P0, 210 MHz, 1215 MHz, 0 %, 0 %, 53.61 W
2025/11/17 00:21:26.286, NVIDIA A100-SXM4-40GB, 0, P0, 210 MHz, 1215 MHz, 0 %, 0 %, 53.61 W
2025/11/17 00:21:26.490, NVIDIA A100-SXM4-40GB, 0, P0, 210 MHz, 1215 MHz, 0 %, 0 %, 53.77 W
2025/11/17 00:21:26.693, NVIDIA A100-SXM4-40GB, 0, P0, 210 MHz, 1215 MHz, 0 %, 0 %, 53.66 W
2025/11/17 00:21:26.897, NVIDIA A100-SXM4-40GB, 0, P0, 210 MHz, 1215 MHz, 0 %, 0 %, 53.66 W
2025/11/17 00:21:27.102, NVIDIA A100-SXM4-40GB, 0, P0, 210 MHz, 1215 MHz, 0 %, 0 %, 53.66 W
2025/11/17 00:21:27.307, NVIDIA A100-SXM4-40GB, 0, P0, 210 MHz, 1215 MHz, 0 %, 0 %, 53.72 W
2025/11/17 00:21:27.510, NVIDIA A100-SXM4-40GB, 0, P0, 210 MHz, 1215 MHz, 0 %, 0 %, 53.55 W
2025/11/17 00:21:27.714, NVIDIA A100-SXM4-40GB, 0, P0, 210 MHz, 1215 MHz, 0 %, 0 %, 53.61 W
2025/11/17 00:21:27.917, NVIDIA A100-SXM4-40GB, 0, P0, 210 MHz, 1215 MHz, 0 %, 0 %, 53.66 W
2025/11/17 00:21:28.121, NVIDIA A100-SXM4-40GB, 0, P0, 210 MHz, 1215 MHz, 0 %, 0 %, 53.83 W
2025/11/17 00:21:28.325, NVIDIA A100-SXM4-40GB, 0, P0, 210 MHz, 1215 MHz, 0 %, 0 %, 53.94 W
2025/11/17 00:21:28.529, NVIDIA A100-SXM4-40GB, 0, P0, 210 MHz, 1215 MHz, 0 %, 0 %, 53.77 W
2025/11/17 00:21:28.732, NVIDIA A100-SXM4-40GB, 0, P0, 210 MHz, 1215 MHz, 0 %, 0 %, 53.94 W
2025/11/17 00:21:28.938, NVIDIA A100-SXM4-40GB, 0, P0, 210 MHz, 1215 MHz, 0 %, 0 %, 53.94 W
2025/11/17 00:21:29.142, NVIDIA A100-SXM4-40GB, 0, P0, 210 MHz, 1215 MHz, 0 %, 0 %, 53.77 W
2025/11/17 00:21:29.345, NVIDIA A100-SXM4-40GB, 0, P0, 210 MHz, 1215 MHz, 0 %, 0 %, 53.89 W
2025/11/17 00:21:29.549, NVIDIA A100-SXM4-40GB, 0, P0, 210 MHz, 1215 MHz, 0 %, 0 %, 53.55 W
2025/11/17 00:21:29.754, NVIDIA A100-SXM4-40GB, 0, P0, 210 MHz, 1215 MHz, 0 %, 0 %, 53.55 W
2025/11/17 00:21:29.957, NVIDIA A100-SXM4-40GB, 0, P0, 210 MHz, 1215 MHz, 0 %, 0 %, 53.44 W
2025/11/17 00:21:30.161, NVIDIA A100-SXM4-40GB, 0, P0, 210 MHz, 1215 MHz, 0 %, 0 %, 53.61 W
2025/11/17 00:21:30.364, NVIDIA A100-SXM4-40GB, 0, P0, 210 MHz, 1215 MHz, 0 %, 0 %, 53.61 W
2025/11/17 00:21:30.568, NVIDIA A100-SXM4-40GB, 0, P0, 210 MHz, 1215 MHz, 0 %, 0 %, 53.50 W
2025/11/17 00:21:30.772, NVIDIA A100-SXM4-40GB, 0, P0, 210 MHz, 1215 MHz, 0 %, 0 %, 53.50 W
2025/11/17 00:21:30.976, NVIDIA A100-SXM4-40GB, 0, P0, 210 MHz, 1215 MHz, 0 %, 0 %, 53.61 W
2025/11/17 00:21:31.179, NVIDIA A100-SXM4-40GB, 0, P0, 210 MHz, 1215 MHz, 0 %, 0 %, 53.66 W
2025/11/17 00:21:31.383, NVIDIA A100-SXM4-40GB, 0, P0, 210 MHz, 1215 MHz, 0 %, 0 %, 53.50 W
2025/11/17 00:21:31.586, NVIDIA A100-SXM4-40GB, 0, P0, 210 MHz, 1215 MHz, 0 %, 0 %, 53.61 W
2025/11/17 00:21:31.789, NVIDIA A100-SXM4-40GB, 0, P0, 210 MHz, 1215 MHz, 0 %, 0 %, 53.44 W
2025/11/17 00:21:31.993, NVIDIA A100-SXM4-40GB, 0, P0, 210 MHz, 1215 MHz, 0 %, 0 %, 53.50 W
2025/11/17 00:21:32.196, NVIDIA A100-SXM4-40GB, 0, P0, 210 MHz, 1215 MHz, 0 %, 0 %, 53.61 W
2025/11/17 00:21:32.400, NVIDIA A100-SXM4-40GB, 0, P0, 210 MHz, 1215 MHz, 0 %, 0 %, 53.55 W
2025/11/17 00:21:32.604, NVIDIA A100-SXM4-40GB, 0, P0, 210 MHz, 1215 MHz, 0 %, 0 %, 53.61 W
2025/11/17 00:21:32.808, NVIDIA A100-SXM4-40GB, 0, P0, 210 MHz, 1215 MHz, 0 %, 0 %, 53.55 W
2025/11/17 00:21:33.011, NVIDIA A100-SXM4-40GB, 0, P0, 210 MHz, 1215 MHz, 0 %, 0 %, 53.55 W
2025/11/17 00:21:33.214, NVIDIA A100-SXM4-40GB, 0, P0, 210 MHz, 1215 MHz, 0 %, 0 %, 53.50 W
2025/11/17 00:21:33.418, NVIDIA A100-SXM4-40GB, 0, P0, 210 MHz, 1215 MHz, 0 %, 0 %, 53.72 W
2025/11/17 00:21:33.621, NVIDIA A100-SXM4-40GB, 0, P0, 210 MHz, 1215 MHz, 0 %, 0 %, 53.61 W
2025/11/17 00:21:33.825, NVIDIA A100-SXM4-40GB, 0, P0, 210 MHz, 1215 MHz, 0 %, 0 %, 53.61 W
2025/11/17 00:21:34.028, NVIDIA A100-SXM4-40GB, 0, P0, 210 MHz, 1215 MHz, 0 %, 0 %, 53.61 W
2025/11/17 00:21:34.232, NVIDIA A100-SXM4-40GB, 0, P0, 210 MHz, 1215 MHz, 0 %, 0 %, 53.72 W
2025/11/17 00:21:34.436, NVIDIA A100-SXM4-40GB, 0, P0, 210 MHz, 1215 MHz, 0 %, 0 %, 53.44 W
2025/11/17 00:21:34.640, NVIDIA A100-SXM4-40GB, 0, P0, 210 MHz, 1215 MHz, 0 %, 0 %, 53.66 W
2025/11/17 00:21:34.843, NVIDIA A100-SXM4-40GB, 0, P0, 210 MHz, 1215 MHz, 0 %, 0 %, 53.66 W
2025/11/17 00:21:35.047, NVIDIA A100-SXM4-40GB, 0, P0, 210 MHz, 1215 MHz, 0 %, 0 %, 53.55 W
2025/11/17 00:21:35.250, NVIDIA A100-SXM4-40GB, 0, P0, 210 MHz, 1215 MHz, 0 %, 0 %, 53.61 W
2025/11/17 00:21:35.454, NVIDIA A100-SXM4-40GB, 0, P0, 210 MHz, 1215 MHz, 0 %, 0 %, 53.66 W
2025/11/17 00:21:35.657, NVIDIA A100-SXM4-40GB, 0, P0, 210 MHz, 1215 MHz, 0 %, 0 %, 53.89 W
2025/11/17 00:21:35.861, NVIDIA A100-SXM4-40GB, 0, P0, 210 MHz, 1215 MHz, 0 %, 0 %, 53.55 W
2025/11/17 00:21:36.065, NVIDIA A100-SXM4-40GB, 0, P0, 210 MHz, 1215 MHz, 0 %, 0 %, 53.66 W
2025/11/17 00:21:36.268, NVIDIA A100-SXM4-40GB, 0, P0, 210 MHz, 1215 MHz, 0 %, 0 %, 53.66 W
2025/11/17 00:21:36.472, NVIDIA A100-SXM4-40GB, 0, P0, 210 MHz, 1215 MHz, 0 %, 0 %, 53.94 W
2025/11/17 00:21:36.675, NVIDIA A100-SXM4-40GB, 0, P0, 210 MHz, 1215 MHz, 0 %, 0 %, 53.94 W
2025/11/17 00:21:36.879, NVIDIA A100-SXM4-40GB, 0, P0, 210 MHz, 1215 MHz, 0 %, 0 %, 53.77 W
2025/11/17 00:21:37.082, NVIDIA A100-SXM4-40GB, 0, P0, 210 MHz, 1215 MHz, 0 %, 0 %, 53.94 W
2025/11/17 00:21:37.286, NVIDIA A100-SXM4-40GB, 0, P0, 210 MHz, 1215 MHz, 0 %, 0 %, 53.72 W
2025/11/17 00:21:37.489, NVIDIA A100-SXM4-40GB, 0, P0, 210 MHz, 1215 MHz, 0 %, 0 %, 54.00 W
2025/11/17 00:21:37.692, NVIDIA A100-SXM4-40GB, 0, P0, 210 MHz, 1215 MHz, 0 %, 0 %, 53.89 W
2025/11/17 00:21:37.898, NVIDIA A100-SXM4-40GB, 0, P0, 210 MHz, 1215 MHz, 0 %, 0 %, 53.83 W
2025/11/17 00:21:38.101, NVIDIA A100-SXM4-40GB, 0, P0, 210 MHz, 1215 MHz, 0 %, 0 %, 53.44 W
2025/11/17 00:21:38.305, NVIDIA A100-SXM4-40GB, 0, P0, 210 MHz, 1215 MHz, 0 %, 0 %, 53.50 W
2025/11/17 00:21:38.509, NVIDIA A100-SXM4-40GB, 0, P0, 210 MHz, 1215 MHz, 0 %, 0 %, 53.72 W
2025/11/17 00:21:38.713, NVIDIA A100-SXM4-40GB, 0, P0, 210 MHz, 1215 MHz, 0 %, 0 %, 53.61 W
2025/11/17 00:21:38.916, NVIDIA A100-SXM4-40GB, 0, P0, 210 MHz, 1215 MHz, 0 %, 0 %, 53.61 W
2025/11/17 00:21:39.119, NVIDIA A100-SXM4-40GB, 0, P0, 210 MHz, 1215 MHz, 0 %, 0 %, 53.55 W
2025/11/17 00:21:39.323, NVIDIA A100-SXM4-40GB, 0, P0, 210 MHz, 1215 MHz, 0 %, 0 %, 53.55 W
2025/11/17 00:21:39.527, NVIDIA A100-SXM4-40GB, 0, P0, 210 MHz, 1215 MHz, 0 %, 0 %, 53.50 W
2025/11/17 00:21:39.731, NVIDIA A100-SXM4-40GB, 0, P0, 210 MHz, 1215 MHz, 0 %, 0 %, 53.50 W
2025/11/17 00:21:39.935, NVIDIA A100-SXM4-40GB, 0, P0, 210 MHz, 1215 MHz, 0 %, 0 %, 53.61 W
2025/11/17 00:21:40.138, NVIDIA A100-SXM4-40GB, 0, P0, 210 MHz, 1215 MHz, 0 %, 0 %, 53.61 W
2025/11/17 00:21:40.341, NVIDIA A100-SXM4-40GB, 0, P0, 210 MHz, 1215 MHz, 0 %, 0 %, 53.72 W
2025/11/17 00:21:40.545, NVIDIA A100-SXM4-40GB, 0, P0, 210 MHz, 1215 MHz, 0 %, 0 %, 53.61 W
2025/11/17 00:21:40.748, NVIDIA A100-SXM4-40GB, 0, P0, 210 MHz, 1215 MHz, 0 %, 0 %, 53.61 W
2025/11/17 00:21:40.952, NVIDIA A100-SXM4-40GB, 0, P0, 210 MHz, 1215 MHz, 0 %, 0 %, 53.50 W
2025/11/17 00:21:41.155, NVIDIA A100-SXM4-40GB, 0, P0, 210 MHz, 1215 MHz, 0 %, 0 %, 53.44 W
2025/11/17 00:21:41.359, NVIDIA A100-SXM4-40GB, 0, P0, 210 MHz, 1215 MHz, 0 %, 0 %, 53.66 W
2025/11/17 00:21:41.563, NVIDIA A100-SXM4-40GB, 0, P0, 210 MHz, 1215 MHz, 0 %, 0 %, 53.61 W
2025/11/17 00:21:41.767, NVIDIA A100-SXM4-40GB, 0, P0, 210 MHz, 1215 MHz, 0 %, 0 %, 53.61 W
2025/11/17 00:21:41.970, NVIDIA A100-SXM4-40GB, 0, P0, 210 MHz, 1215 MHz, 0 %, 0 %, 53.61 W
2025/11/17 00:21:42.173, NVIDIA A100-SXM4-40GB, 0, P0, 210 MHz, 1215 MHz, 0 %, 0 %, 53.61 W
2025/11/17 00:21:42.377, NVIDIA A100-SXM4-40GB, 0, P0, 210 MHz, 1215 MHz, 0 %, 0 %, 53.55 W
2025/11/17 00:21:42.580, NVIDIA A100-SXM4-40GB, 0, P0, 210 MHz, 1215 MHz, 0 %, 0 %, 53.66 W
2025/11/17 00:21:42.784, NVIDIA A100-SXM4-40GB, 0, P0, 210 MHz, 1215 MHz, 0 %, 0 %, 53.38 W
2025/11/17 00:21:42.988, NVIDIA A100-SXM4-40GB, 0, P0, 210 MHz, 1215 MHz, 0 %, 0 %, 53.50 W
2025/11/17 00:21:43.193, NVIDIA A100-SXM4-40GB, 0, P0, 210 MHz, 1215 MHz, 0 %, 0 %, 53.44 W
2025/11/17 00:21:43.396, NVIDIA A100-SXM4-40GB, 0, P0, 210 MHz, 1215 MHz, 0 %, 0 %, 53.55 W
2025/11/17 00:21:43.600, NVIDIA A100-SXM4-40GB, 0, P0, 210 MHz, 1215 MHz, 0 %, 0 %, 53.50 W
2025/11/17 00:21:43.803, NVIDIA A100-SXM4-40GB, 0, P0, 210 MHz, 1215 MHz, 0 %, 0 %, 53.44 W
2025/11/17 00:21:44.007, NVIDIA A100-SXM4-40GB, 0, P0, 210 MHz, 1215 MHz, 0 %, 0 %, 53.61 W
2025/11/17 00:21:44.211, NVIDIA A100-SXM4-40GB, 0, P0, 210 MHz, 1215 MHz, 0 %, 0 %, 53.61 W
2025/11/17 00:21:44.414, NVIDIA A100-SXM4-40GB, 0, P0, 210 MHz, 1215 MHz, 0 %, 0 %, 53.50 W
2025/11/17 00:21:44.618, NVIDIA A100-SXM4-40GB, 0, P0, 210 MHz, 1215 MHz, 0 %, 0 %, 53.61 W
2025/11/17 00:21:44.823, NVIDIA A100-SXM4-40GB, 0, P0, 210 MHz, 1215 MHz, 0 %, 0 %, 53.77 W
2025/11/17 00:21:45.026, NVIDIA A100-SXM4-40GB, 0, P0, 210 MHz, 1215 MHz, 0 %, 0 %, 53.38 W
2025/11/17 00:21:45.230, NVIDIA A100-SXM4-40GB, 0, P0, 210 MHz, 1215 MHz, 0 %, 0 %, 53.55 W
2025/11/17 00:21:45.433, NVIDIA A100-SXM4-40GB, 0, P0, 210 MHz, 1215 MHz, 0 %, 0 %, 53.61 W
2025/11/17 00:21:45.637, NVIDIA A100-SXM4-40GB, 0, P0, 210 MHz, 1215 MHz, 0 %, 0 %, 53.77 W
2025/11/17 00:21:45.840, NVIDIA A100-SXM4-40GB, 0, P0, 210 MHz, 1215 MHz, 0 %, 0 %, 53.72 W
2025/11/17 00:21:46.044, NVIDIA A100-SXM4-40GB, 0, P0, 210 MHz, 1215 MHz, 0 %, 0 %, 53.72 W
2025/11/17 00:21:46.247, NVIDIA A100-SXM4-40GB, 0, P0, 210 MHz, 1215 MHz, 0 %, 0 %, 53.72 W
2025/11/17 00:21:46.452, NVIDIA A100-SXM4-40GB, 0, P0, 210 MHz, 1215 MHz, 0 %, 0 %, 53.83 W
2025/11/17 00:21:46.657, NVIDIA A100-SXM4-40GB, 0, P0, 210 MHz, 1215 MHz, 0 %, 0 %, 53.33 W
2025/11/17 00:21:46.862, NVIDIA A100-SXM4-40GB, 0, P0, 210 MHz, 1215 MHz, 0 %, 0 %, 53.50 W
2025/11/17 00:21:47.065, NVIDIA A100-SXM4-40GB, 0, P0, 210 MHz, 1215 MHz, 0 %, 0 %, 53.44 W
2025/11/17 00:21:47.269, NVIDIA A100-SXM4-40GB, 0, P0, 210 MHz, 1215 MHz, 0 %, 0 %, 53.61 W
2025/11/17 00:21:47.473, NVIDIA A100-SXM4-40GB, 0, P0, 210 MHz, 1215 MHz, 0 %, 0 %, 53.44 W
2025/11/17 00:21:47.677, NVIDIA A100-SXM4-40GB, 0, P0, 210 MHz, 1215 MHz, 0 %, 0 %, 53.50 W
2025/11/17 00:21:47.881, NVIDIA A100-SXM4-40GB, 0, P0, 210 MHz, 1215 MHz, 0 %, 0 %, 53.55 W
2025/11/17 00:21:48.087, NVIDIA A100-SXM4-40GB, 0, P0, 210 MHz, 1215 MHz, 0 %, 0 %, 53.50 W
2025/11/17 00:21:48.291, NVIDIA A100-SXM4-40GB, 0, P0, 210 MHz, 1215 MHz, 0 %, 0 %, 53.66 W
2025/11/17 00:21:48.494, NVIDIA A100-SXM4-40GB, 0, P0, 210 MHz, 1215 MHz, 0 %, 0 %, 53.50 W
2025/11/17 00:21:48.698, NVIDIA A100-SXM4-40GB, 0, P0, 210 MHz, 1215 MHz, 0 %, 0 %, 53.38 W
2025/11/17 00:21:48.902, NVIDIA A100-SXM4-40GB, 0, P0, 210 MHz, 1215 MHz, 0 %, 0 %, 53.44 W
2025/11/17 00:21:49.105, NVIDIA A100-SXM4-40GB, 0, P0, 210 MHz, 1215 MHz, 0 %, 0 %, 53.50 W
2025/11/17 00:21:49.309, NVIDIA A100-SXM4-40GB, 0, P0, 210 MHz, 1215 MHz, 0 %, 0 %, 53.55 W
2025/11/17 00:21:49.513, NVIDIA A100-SXM4-40GB, 0, P0, 210 MHz, 1215 MHz, 0 %, 0 %, 53.55 W
2025/11/17 00:21:49.718, NVIDIA A100-SXM4-40GB, 0, P0, 210 MHz, 1215 MHz, 0 %, 0 %, 53.55 W
2025/11/17 00:21:49.921, NVIDIA A100-SXM4-40GB, 0, P0, 210 MHz, 1215 MHz, 0 %, 0 %, 53.38 W
2025/11/17 00:21:50.124, NVIDIA A100-SXM4-40GB, 0, P0, 210 MHz, 1215 MHz, 0 %, 0 %, 53.72 W
2025/11/17 00:21:50.328, NVIDIA A100-SXM4-40GB, 0, P0, 210 MHz, 1215 MHz, 0 %, 0 %, 53.33 W
2025/11/17 00:21:50.531, NVIDIA A100-SXM4-40GB, 0, P0, 210 MHz, 1215 MHz, 0 %, 0 %, 53.38 W
2025/11/17 00:21:50.735, NVIDIA A100-SXM4-40GB, 0, P0, 210 MHz, 1215 MHz, 0 %, 0 %, 53.50 W
2025/11/17 00:21:50.938, NVIDIA A100-SXM4-40GB, 0, P0, 210 MHz, 1215 MHz, 0 %, 0 %, 53.50 W
2025/11/17 00:21:51.141, NVIDIA A100-SXM4-40GB, 0, P0, 210 MHz, 1215 MHz, 0 %, 0 %, 53.66 W
2025/11/17 00:21:51.345, NVIDIA A100-SXM4-40GB, 0, P0, 210 MHz, 1215 MHz, 0 %, 0 %, 53.50 W
2025/11/17 00:21:51.550, NVIDIA A100-SXM4-40GB, 0, P0, 210 MHz, 1215 MHz, 0 %, 0 %, 53.61 W
2025/11/17 00:21:51.754, NVIDIA A100-SXM4-40GB, 0, P0, 210 MHz, 1215 MHz, 0 %, 0 %, 53.50 W
2025/11/17 00:21:51.957, NVIDIA A100-SXM4-40GB, 0, P0, 210 MHz, 1215 MHz, 0 %, 0 %, 53.44 W
2025/11/17 00:21:52.161, NVIDIA A100-SXM4-40GB, 0, P0, 210 MHz, 1215 MHz, 0 %, 0 %, 53.66 W
2025/11/17 00:21:52.364, NVIDIA A100-SXM4-40GB, 0, P0, 210 MHz, 1215 MHz, 0 %, 0 %, 53.38 W
2025/11/17 00:21:52.568, NVIDIA A100-SXM4-40GB, 0, P0, 210 MHz, 1215 MHz, 0 %, 0 %, 53.89 W
2025/11/17 00:21:52.771, NVIDIA A100-SXM4-40GB, 0, P0, 210 MHz, 1215 MHz, 0 %, 0 %, 53.50 W
2025/11/17 00:21:52.975, NVIDIA A100-SXM4-40GB, 0, P0, 210 MHz, 1215 MHz, 0 %, 0 %, 53.55 W
2025/11/17 00:21:53.180, NVIDIA A100-SXM4-40GB, 0, P0, 210 MHz, 1215 MHz, 0 %, 0 %, 53.50 W
2025/11/17 00:21:53.384, NVIDIA A100-SXM4-40GB, 0, P0, 210 MHz, 1215 MHz, 0 %, 0 %, 53.94 W
2025/11/17 00:21:53.587, NVIDIA A100-SXM4-40GB, 0, P0, 210 MHz, 1215 MHz, 0 %, 0 %, 53.89 W
2025/11/17 00:21:53.791, NVIDIA A100-SXM4-40GB, 0, P0, 210 MHz, 1215 MHz, 0 %, 0 %, 53.50 W
2025/11/17 00:21:53.994, NVIDIA A100-SXM4-40GB, 0, P0, 210 MHz, 1215 MHz, 0 %, 0 %, 53.83 W
2025/11/17 00:21:54.198, NVIDIA A100-SXM4-40GB, 0, P0, 210 MHz, 1215 MHz, 0 %, 0 %, 53.72 W
2025/11/17 00:21:54.401, NVIDIA A100-SXM4-40GB, 0, P0, 210 MHz, 1215 MHz, 0 %, 0 %, 53.94 W
2025/11/17 00:21:54.604, NVIDIA A100-SXM4-40GB, 0, P0, 210 MHz, 1215 MHz, 0 %, 0 %, 53.89 W
2025/11/17 00:21:54.808, NVIDIA A100-SXM4-40GB, 0, P0, 210 MHz, 1215 MHz, 0 %, 0 %, 53.77 W
2025/11/17 00:21:55.012, NVIDIA A100-SXM4-40GB, 0, P0, 210 MHz, 1215 MHz, 0 %, 0 %, 53.55 W
2025/11/17 00:21:55.216, NVIDIA A100-SXM4-40GB, 0, P0, 210 MHz, 1215 MHz, 0 %, 0 %, 53.55 W
2025/11/17 00:21:55.419, NVIDIA A100-SXM4-40GB, 0, P0, 210 MHz, 1215 MHz, 0 %, 0 %, 53.50 W
2025/11/17 00:21:55.623, NVIDIA A100-SXM4-40GB, 0, P0, 210 MHz, 1215 MHz, 0 %, 0 %, 53.38 W
2025/11/17 00:21:55.826, NVIDIA A100-SXM4-40GB, 0, P0, 210 MHz, 1215 MHz, 0 %, 0 %, 53.55 W
2025/11/17 00:21:56.030, NVIDIA A100-SXM4-40GB, 0, P0, 210 MHz, 1215 MHz, 0 %, 0 %, 53.44 W
2025/11/17 00:21:56.233, NVIDIA A100-SXM4-40GB, 0, P0, 210 MHz, 1215 MHz, 0 %, 0 %, 53.44 W
2025/11/17 00:21:56.436, NVIDIA A100-SXM4-40GB, 0, P0, 210 MHz, 1215 MHz, 0 %, 0 %, 53.55 W
2025/11/17 00:21:56.641, NVIDIA A100-SXM4-40GB, 0, P0, 210 MHz, 1215 MHz, 0 %, 0 %, 53.66 W
2025/11/17 00:21:56.845, NVIDIA A100-SXM4-40GB, 0, P0, 210 MHz, 1215 MHz, 0 %, 0 %, 53.55 W
2025/11/17 00:21:57.048, NVIDIA A100-SXM4-40GB, 0, P0, 210 MHz, 1215 MHz, 0 %, 0 %, 53.72 W
2025/11/17 00:21:57.251, NVIDIA A100-SXM4-40GB, 0, P0, 210 MHz, 1215 MHz, 0 %, 0 %, 53.50 W
2025/11/17 00:21:57.455, NVIDIA A100-SXM4-40GB, 0, P0, 210 MHz, 1215 MHz, 0 %, 0 %, 53.55 W
2025/11/17 00:21:57.658, NVIDIA A100-SXM4-40GB, 0, P0, 210 MHz, 1215 MHz, 0 %, 0 %, 53.38 W
2025/11/17 00:21:57.862, NVIDIA A100-SXM4-40GB, 0, P0, 210 MHz, 1215 MHz, 0 %, 0 %, 53.55 W
2025/11/17 00:21:58.065, NVIDIA A100-SXM4-40GB, 0, P0, 210 MHz, 1215 MHz, 0 %, 0 %, 53.72 W
2025/11/17 00:21:58.268, NVIDIA A100-SXM4-40GB, 0, P0, 210 MHz, 1215 MHz, 0 %, 0 %, 53.50 W
2025/11/17 00:21:58.474, NVIDIA A100-SXM4-40GB, 0, P0, 210 MHz, 1215 MHz, 0 %, 0 %, 53.61 W
2025/11/17 00:21:58.677, NVIDIA A100-SXM4-40GB, 0, P0, 210 MHz, 1215 MHz, 0 %, 0 %, 53.66 W
2025/11/17 00:21:58.881, NVIDIA A100-SXM4-40GB, 0, P0, 210 MHz, 1215 MHz, 0 %, 0 %, 53.44 W
2025/11/17 00:21:59.084, NVIDIA A100-SXM4-40GB, 0, P0, 210 MHz, 1215 MHz, 0 %, 0 %, 53.55 W
2025/11/17 00:21:59.287, NVIDIA A100-SXM4-40GB, 0, P0, 210 MHz, 1215 MHz, 0 %, 0 %, 53.50 W
2025/11/17 00:21:59.491, NVIDIA A100-SXM4-40GB, 0, P0, 210 MHz, 1215 MHz, 0 %, 0 %, 53.50 W
2025/11/17 00:21:59.694, NVIDIA A100-SXM4-40GB, 0, P0, 210 MHz, 1215 MHz, 0 %, 0 %, 53.55 W
2025/11/17 00:21:59.898, NVIDIA A100-SXM4-40GB, 0, P0, 210 MHz, 1215 MHz, 0 %, 0 %, 53.72 W
2025/11/17 00:22:00.102, NVIDIA A100-SXM4-40GB, 0, P0, 210 MHz, 1215 MHz, 0 %, 0 %, 53.61 W
A A100-SXM4-40GB, 0, P0, 210 MHz, 1215 MHz, 0 %, 0 %, 53.33 W
2025/11/17 00:20:54.005, NVIDIA A100-SXM4-40GB, 0, P0, 210 MHz, 1215 MHz, 0 %, 0 %, 53.22 W
2025/11/17 00:20:54.210, NVIDIA A100-SXM4-40GB, 0, P0, 210 MHz, 1215 MHz, 0 %, 0 %, 53.50 W
2025/11/17 00:20:54.413, NVIDIA A100-SXM4-40GB, 0, P0, 210 MHz, 1215 MHz, 0 %, 0 %, 53.44 W
2025/11/17 00:20:54.616, NVIDIA A100-SXM4-40GB, 0, P0, 210 MHz, 1215 MHz, 0 %, 0 %, 53.72 W
2025/11/17 00:20:54.820, NVIDIA A100-SXM4-40GB, 0, P0, 210 MHz, 1215 MHz, 0 %, 0 %, 53.55 W
2025/11/17 00:20:55.023, NVIDIA A100-SXM4-40GB, 0, P0, 210 MHz, 1215 MHz, 0 %, 0 %, 53.72 W
2025/11/17 00:20:55.227, NVIDIA A100-SXM4-40GB, 0, P0, 210 MHz, 1215 MHz, 0 %, 0 %, 53.50 W
2025/11/17 00:20:55.430, NVIDIA A100-SXM4-40GB, 0, P0, 210 MHz, 1215 MHz, 0 %, 0 %, 53.72 W
2025/11/17 00:20:55.634, NVIDIA A100-SXM4-40GB, 0, P0, 210 MHz, 1215 MHz, 0 %, 0 %, 53.66 W
2025/11/17 00:20:55.837, NVIDIA A100-SXM4-40GB, 0, P0, 210 MHz, 1215 MHz, 0 %, 0 %, 53.55 W
2025/11/17 00:20:56.041, NVIDIA A100-SXM4-40GB, 0, P0, 210 MHz, 1215 MHz, 0 %, 0 %, 53.22 W
2025/11/17 00:20:56.247, NVIDIA A100-SXM4-40GB, 0, P0, 210 MHz, 1215 MHz, 0 %, 0 %, 53.66 W
2025/11/17 00:20:56.451, NVIDIA A100-SXM4-40GB, 0, P0, 210 MHz, 1215 MHz, 0 %, 0 %, 53.77 W
2025/11/17 00:20:56.654, NVIDIA A100-SXM4-40GB, 0, P0, 210 MHz, 1215 MHz, 0 %, 0 %, 53.50 W
2025/11/17 00:20:56.857, NVIDIA A100-SXM4-40GB, 0, P0, 210 MHz, 1215 MHz, 0 %, 0 %, 53.61 W
2025/11/17 00:20:57.061, NVIDIA A100-SXM4-40GB, 0, P0, 210 MHz, 1215 MHz, 0 %, 0 %, 53.55 W
2025/11/17 00:20:57.264, NVIDIA A100-SXM4-40GB, 0, P0, 210 MHz, 1215 MHz, 0 %, 0 %, 53.55 W
2025/11/17 00:20:57.468, NVIDIA A100-SXM4-40GB, 0, P0, 210 MHz, 1215 MHz, 0 %, 0 %, 53.50 W
2025/11/17 00:20:57.672, NVIDIA A100-SXM4-40GB, 0, P0, 210 MHz, 1215 MHz, 0 %, 0 %, 53.61 W
2025/11/17 00:20:57.877, NVIDIA A100-SXM4-40GB, 0, P0, 210 MHz, 1215 MHz, 0 %, 0 %, 53.77 W
2025/11/17 00:20:58.080, NVIDIA A100-SXM4-40GB, 0, P0, 210 MHz, 1215 MHz, 0 %, 0 %, 53.55 W
2025/11/17 00:20:58.283, NVIDIA A100-SXM4-40GB, 0, P0, 210 MHz, 1215 MHz, 0 %, 0 %, 53.38 W
2025/11/17 00:20:58.487, NVIDIA A100-SXM4-40GB, 0, P0, 210 MHz, 1215 MHz, 0 %, 0 %, 53.61 W
2025/11/17 00:20:58.690, NVIDIA A100-SXM4-40GB, 0, P0, 210 MHz, 1215 MHz, 0 %, 0 %, 53.50 W
2025/11/17 00:20:58.894, NVIDIA A100-SXM4-40GB, 0, P0, 210 MHz, 1215 MHz, 0 %, 0 %, 52.95 W
2025/11/17 00:20:59.097, NVIDIA A100-SXM4-40GB, 0, P0, 210 MHz, 1215 MHz, 0 %, 0 %, 53.72 W
2025/11/17 00:20:59.301, NVIDIA A100-SXM4-40GB, 0, P0, 210 MHz, 1215 MHz, 0 %, 0 %, 53.50 W
2025/11/17 00:20:59.506, NVIDIA A100-SXM4-40GB, 0, P0, 210 MHz, 1215 MHz, 0 %, 0 %, 52.84 W
2025/11/17 00:20:59.709, NVIDIA A100-SXM4-40GB, 0, P0, 210 MHz, 1215 MHz, 0 %, 0 %, 53.66 W
2025/11/17 00:20:59.913, NVIDIA A100-SXM4-40GB, 0, P0, 210 MHz, 1215 MHz, 0 %, 0 %, 53.50 W
2025/11/17 00:21:00.116, NVIDIA A100-SXM4-40GB, 0, P0, 210 MHz, 1215 MHz, 0 %, 0 %, 53.66 W
2025/11/17 00:21:00.319, NVIDIA A100-SXM4-40GB, 0, P0, 210 MHz, 1215 MHz, 0 %, 0 %, 53.33 W
2025/11/17 00:21:00.523, NVIDIA A100-SXM4-40GB, 0, P0, 210 MHz, 1215 MHz, 0 %, 0 %, 53.61 W
2025/11/17 00:21:00.726, NVIDIA A100-SXM4-40GB, 0, P0, 210 MHz, 1215 MHz, 0 %, 0 %, 53.50 W
2025/11/17 00:21:00.930, NVIDIA A100-SXM4-40GB, 0, P0, 210 MHz, 1215 MHz, 0 %, 0 %, 53.55 W
2025/11/17 00:21:01.134, NVIDIA A100-SXM4-40GB, 0, P0, 210 MHz, 1215 MHz, 0 %, 0 %, 53.44 W
2025/11/17 00:21:01.338, NVIDIA A100-SXM4-40GB, 0, P0, 210 MHz, 1215 MHz, 0 %, 0 %, 53.38 W
2025/11/17 00:21:01.541, NVIDIA A100-SXM4-40GB, 0, P0, 210 MHz, 1215 MHz, 0 %, 0 %, 53.72 W
2025/11/17 00:21:01.745, NVIDIA A100-SXM4-40GB, 0, P0, 210 MHz, 1215 MHz, 0 %, 0 %, 53.50 W
2025/11/17 00:21:01.949, NVIDIA A100-SXM4-40GB, 0, P0, 210 MHz, 1215 MHz, 0 %, 0 %, 53.66 W
2025/11/17 00:21:02.152, NVIDIA A100-SXM4-40GB, 0, P0, 210 MHz, 1215 MHz, 0 %, 0 %, 53.50 W
2025/11/17 00:21:02.356, NVIDIA A100-SXM4-40GB, 0, P0, 210 MHz, 1215 MHz, 0 %, 0 %, 53.50 W
2025/11/17 00:21:02.559, NVIDIA A100-SXM4-40GB, 0, P0, 210 MHz, 1215 MHz, 0 %, 0 %, 53.44 W
2025/11/17 00:21:02.762, NVIDIA A100-SXM4-40GB, 0, P0, 210 MHz, 1215 MHz, 0 %, 0 %, 53.55 W
2025/11/17 00:21:02.968, NVIDIA A100-SXM4-40GB, 0, P0, 210 MHz, 1215 MHz, 0 %, 0 %, 53.61 W
2025/11/17 00:21:03.171, NVIDIA A100-SXM4-40GB, 0, P0, 210 MHz, 1215 MHz, 0 %, 0 %, 53.55 W
2025/11/17 00:21:03.375, NVIDIA A100-SXM4-40GB, 0, P0, 210 MHz, 1215 MHz, 0 %, 0 %, 53.66 W
2025/11/17 00:21:03.578, NVIDIA A100-SXM4-40GB, 0, P0, 210 MHz, 1215 MHz, 0 %, 0 %, 53.38 W
2025/11/17 00:21:03.781, NVIDIA A100-SXM4-40GB, 0, P0, 210 MHz, 1215 MHz, 0 %, 0 %, 53.38 W
2025/11/17 00:21:03.985, NVIDIA A100-SXM4-40GB, 0, P0, 210 MHz, 1215 MHz, 0 %, 0 %, 53.66 W
2025/11/17 00:21:04.188, NVIDIA A100-SXM4-40GB, 0, P0, 210 MHz, 1215 MHz, 0 %, 0 %, 53.55 W
2025/11/17 00:21:04.392, NVIDIA A100-SXM4-40GB, 0, P0, 210 MHz, 1215 MHz, 0 %, 0 %, 53.66 W
2025/11/17 00:21:04.596, NVIDIA A100-SXM4-40GB, 0, P0, 210 MHz, 1215 MHz, 0 %, 0 %, 53.66 W
2025/11/17 00:21:04.801, NVIDIA A100-SXM4-40GB, 0, P0, 210 MHz, 1215 MHz, 0 %, 0 %, 53.72 W
2025/11/17 00:21:05.004, NVIDIA A100-SXM4-40GB, 0, P0, 210 MHz, 1215 MHz, 0 %, 0 %, 53.38 W
2025/11/17 00:21:05.208, NVIDIA A100-SXM4-40GB, 0, P0, 210 MHz, 1215 MHz, 0 %, 0 %, 53.66 W
2025/11/17 00:21:05.411, NVIDIA A100-SXM4-40GB, 0, P0, 210 MHz, 1215 MHz, 0 %, 0 %, 53.50 W
2025/11/17 00:21:05.614, NVIDIA A100-SXM4-40GB, 0, P0, 210 MHz, 1215 MHz, 0 %, 0 %, 53.61 W
2025/11/17 00:21:05.818, NVIDIA A100-SXM4-40GB, 0, P0, 210 MHz, 1215 MHz, 0 %, 0 %, 53.50 W
2025/11/17 00:21:06.021, NVIDIA A100-SXM4-40GB, 0, P0, 210 MHz, 1215 MHz, 0 %, 0 %, 53.61 W
2025/11/17 00:21:06.225, NVIDIA A100-SXM4-40GB, 0, P0, 210 MHz, 1215 MHz, 0 %, 0 %, 53.72 W
2025/11/17 00:21:06.429, NVIDIA A100-SXM4-40GB, 0, P0, 210 MHz, 1215 MHz, 0 %, 0 %, 53.50 W
2025/11/17 00:21:06.633, NVIDIA A100-SXM4-40GB, 0, P0, 210 MHz, 1215 MHz, 0 %, 0 %, 53.72 W
2025/11/17 00:21:06.837, NVIDIA A100-SXM4-40GB, 0, P0, 210 MHz, 1215 MHz, 0 %, 0 %, 53.50 W
2025/11/17 00:21:07.040, NVIDIA A100-SXM4-40GB, 0, P0, 210 MHz, 1215 MHz, 0 %, 0 %, 53.61 W
2025/11/17 00:21:07.243, NVIDIA A100-SXM4-40GB, 0, P0, 210 MHz, 1215 MHz, 0 %, 0 %, 53.44 W
2025/11/17 00:21:07.447, NVIDIA A100-SXM4-40GB, 0, P0, 210 MHz, 1215 MHz, 0 %, 0 %, 53.50 W
2025/11/17 00:21:07.650, NVIDIA A100-SXM4-40GB, 0, P0, 210 MHz, 1215 MHz, 0 %, 0 %, 53.55 W
2025/11/17 00:21:07.854, NVIDIA A100-SXM4-40GB, 0, P0, 210 MHz, 1215 MHz, 0 %, 0 %, 53.61 W
2025/11/17 00:21:08.057, NVIDIA A100-SXM4-40GB, 0, P0, 210 MHz, 1215 MHz, 0 %, 0 %, 53.61 W
2025/11/17 00:21:08.263, NVIDIA A100-SXM4-40GB, 0, P0, 210 MHz, 1215 MHz, 0 %, 0 %, 53.55 W
2025/11/17 00:21:08.466, NVIDIA A100-SXM4-40GB, 0, P0, 210 MHz, 1215 MHz, 0 %, 0 %, 53.61 W
2025/11/17 00:21:08.670, NVIDIA A100-SXM4-40GB, 0, P0, 210 MHz, 1215 MHz, 0 %, 0 %, 53.66 W
2025/11/17 00:21:08.873, NVIDIA A100-SXM4-40GB, 0, P0, 210 MHz, 1215 MHz, 0 %, 0 %, 53.55 W
2025/11/17 00:21:09.077, NVIDIA A100-SXM4-40GB, 0, P0, 210 MHz, 1215 MHz, 0 %, 0 %, 53.66 W
2025/11/17 00:21:09.280, NVIDIA A100-SXM4-40GB, 0, P0, 210 MHz, 1215 MHz, 0 %, 0 %, 53.61 W
2025/11/17 00:21:09.484, NVIDIA A100-SXM4-40GB, 0, P0, 210 MHz, 1215 MHz, 0 %, 0 %, 53.55 W
2025/11/17 00:21:09.688, NVIDIA A100-SXM4-40GB, 0, P0, 210 MHz, 1215 MHz, 0 %, 0 %, 53.44 W
2025/11/17 00:21:09.894, NVIDIA A100-SXM4-40GB, 0, P0, 210 MHz, 1215 MHz, 0 %, 0 %, 53.61 W
2025/11/17 00:21:10.098, NVIDIA A100-SXM4-40GB, 0, P0, 210 MHz, 1215 MHz, 0 %, 0 %, 53.66 W
2025/11/17 00:21:10.302, NVIDIA A100-SXM4-40GB, 0, P0, 210 MHz, 1215 MHz, 0 %, 0 %, 53.50 W
2025/11/17 00:21:10.506, NVIDIA A100-SXM4-40GB, 0, P0, 210 MHz, 1215 MHz, 0 %, 0 %, 53.55 W
2025/11/17 00:21:10.710, NVIDIA A100-SXM4-40GB, 0, P0, 210 MHz, 1215 MHz, 0 %, 0 %, 53.55 W
2025/11/17 00:21:10.913, NVIDIA A100-SXM4-40GB, 0, P0, 210 MHz, 1215 MHz, 0 %, 0 %, 53.61 W
2025/11/17 00:21:11.117, NVIDIA A100-SXM4-40GB, 0, P0, 210 MHz, 1215 MHz, 0 %, 0 %, 53.44 W
2025/11/17 00:21:11.321, NVIDIA A100-SXM4-40GB, 0, P0, 210 MHz, 1215 MHz, 0 %, 0 %, 53.83 W
2025/11/17 00:21:11.525, NVIDIA A100-SXM4-40GB, 0, P0, 210 MHz, 1215 MHz, 0 %, 0 %, 53.61 W
2025/11/17 00:21:11.728, NVIDIA A100-SXM4-40GB, 0, P0, 210 MHz, 1215 MHz, 0 %, 0 %, 53.55 W
2025/11/17 00:21:11.932, NVIDIA A100-SXM4-40GB, 0, P0, 210 MHz, 1215 MHz, 0 %, 0 %, 53.61 W
2025/11/17 00:21:12.135, NVIDIA A100-SXM4-40GB, 0, P0, 210 MHz, 1215 MHz, 0 %, 0 %, 53.38 W
2025/11/17 00:21:12.339, NVIDIA A100-SXM4-40GB, 0, P0, 210 MHz, 1215 MHz, 0 %, 0 %, 53.66 W
2025/11/17 00:21:12.542, NVIDIA A100-SXM4-40GB, 0, P0, 210 MHz, 1215 MHz, 0 %, 0 %, 53.55 W
2025/11/17 00:21:12.746, NVIDIA A100-SXM4-40GB, 0, P0, 210 MHz, 1215 MHz, 0 %, 0 %, 53.66 W
2025/11/17 00:21:12.949, NVIDIA A100-SXM4-40GB, 0, P0, 210 MHz, 1215 MHz, 0 %, 0 %, 53.55 W
2025/11/17 00:21:13.153, NVIDIA A100-SXM4-40GB, 0, P0, 210 MHz, 1215 MHz, 0 %, 0 %, 53.61 W
2025/11/17 00:21:13.358, NVIDIA A100-SXM4-40GB, 0, P0, 210 MHz, 1215 MHz, 0 %, 0 %, 53.61 W
2025/11/17 00:21:13.562, NVIDIA A100-SXM4-40GB, 0, P0, 210 MHz, 1215 MHz, 0 %, 0 %, 53.61 W
2025/11/17 00:21:13.765, NVIDIA A100-SXM4-40GB, 0, P0, 210 MHz, 1215 MHz, 0 %, 0 %, 53.50 W
2025/11/17 00:21:13.969, NVIDIA A100-SXM4-40GB, 0, P0, 210 MHz, 1215 MHz, 0 %, 0 %, 53.55 W
2025/11/17 00:21:14.172, NVIDIA A100-SXM4-40GB, 0, P0, 210 MHz, 1215 MHz, 0 %, 0 %, 53.55 W
2025/11/17 00:21:14.375, NVIDIA A100-SXM4-40GB, 0, P0, 210 MHz, 1215 MHz, 0 %, 0 %, 53.50 W
2025/11/17 00:21:14.579, NVIDIA A100-SXM4-40GB, 0, P0, 210 MHz, 1215 MHz, 0 %, 0 %, 53.61 W
2025/11/17 00:21:14.782, NVIDIA A100-SXM4-40GB, 0, P0, 210 MHz, 1215 MHz, 0 %, 0 %, 53.50 W
2025/11/17 00:21:14.986, NVIDIA A100-SXM4-40GB, 0, P0, 210 MHz, 1215 MHz, 0 %, 0 %, 53.66 W
2025/11/17 00:21:15.190, NVIDIA A100-SXM4-40GB, 0, P0, 210 MHz, 1215 MHz, 0 %, 0 %, 53.61 W
2025/11/17 00:21:15.393, NVIDIA A100-SXM4-40GB, 0, P0, 210 MHz, 1215 MHz, 0 %, 0 %, 53.66 W
2025/11/17 00:21:15.597, NVIDIA A100-SXM4-40GB, 0, P0, 210 MHz, 1215 MHz, 0 %, 0 %, 53.55 W
2025/11/17 00:21:15.800, NVIDIA A100-SXM4-40GB, 0, P0, 210 MHz, 1215 MHz, 0 %, 0 %, 53.66 W
2025/11/17 00:21:16.003, NVIDIA A100-SXM4-40GB, 0, P0, 210 MHz, 1215 MHz, 0 %, 0 %, 53.66 W
2025/11/17 00:21:16.207, NVIDIA A100-SXM4-40GB, 0, P0, 210 MHz, 1215 MHz, 0 %, 0 %, 53.44 W
2025/11/17 00:21:16.410, NVIDIA A100-SXM4-40GB, 0, P0, 210 MHz, 1215 MHz, 0 %, 0 %, 53.72 W
2025/11/17 00:21:16.614, NVIDIA A100-SXM4-40GB, 0, P0, 210 MHz, 1215 MHz, 0 %, 0 %, 53.66 W
2025/11/17 00:21:16.819, NVIDIA A100-SXM4-40GB, 0, P0, 210 MHz, 1215 MHz, 0 %, 0 %, 53.61 W
2025/11/17 00:21:17.023, NVIDIA A100-SXM4-40GB, 0, P0, 210 MHz, 1215 MHz, 0 %, 0 %, 53.72 W
2025/11/17 00:21:17.226, NVIDIA A100-SXM4-40GB, 0, P0, 210 MHz, 1215 MHz, 0 %, 0 %, 53.44 W
2025/11/17 00:21:17.429, NVIDIA A100-SXM4-40GB, 0, P0, 210 MHz, 1215 MHz, 0 %, 0 %, 53.61 W
2025/11/17 00:21:17.633, NVIDIA A100-SXM4-40GB, 0, P0, 210 MHz, 1215 MHz, 0 %, 0 %, 53.55 W
2025/11/17 00:21:17.837, NVIDIA A100-SXM4-40GB, 0, P0, 210 MHz, 1215 MHz, 0 %, 0 %, 53.66 W
2025/11/17 00:21:18.040, NVIDIA A100-SXM4-40GB, 0, P0, 210 MHz, 1215 MHz, 0 %, 0 %, 53.72 W
2025/11/17 00:21:18.244, NVIDIA A100-SXM4-40GB, 0, P0, 210 MHz, 1215 MHz, 0 %, 0 %, 53.50 W
2025/11/17 00:21:18.450, NVIDIA A100-SXM4-40GB, 0, P0, 210 MHz, 1215 MHz, 0 %, 0 %, 53.55 W
2025/11/17 00:21:18.653, NVIDIA A100-SXM4-40GB, 0, P0, 210 MHz, 1215 MHz, 0 %, 0 %, 53.55 W
2025/11/17 00:21:18.856, NVIDIA A100-SXM4-40GB, 0, P0, 210 MHz, 1215 MHz, 0 %, 0 %, 53.72 W
2025/11/17 00:21:19.060, NVIDIA A100-SXM4-40GB, 0, P0, 210 MHz, 1215 MHz, 0 %, 0 %, 53.50 W
2025/11/17 00:21:19.263, NVIDIA A100-SXM4-40GB, 0, P0, 210 MHz, 1215 MHz, 0 %, 0 %, 53.66 W
2025/11/17 00:21:19.466, NVIDIA A100-SXM4-40GB, 0, P0, 210 MHz, 1215 MHz, 0 %, 0 %, 53.44 W
2025/11/17 00:21:19.670, NVIDIA A100-SXM4-40GB, 0, P0, 210 MHz, 1215 MHz, 0 %, 0 %, 53.66 W
2025/11/17 00:21:19.874, NVIDIA A100-SXM4-40GB, 0, P0, 210 MHz, 1215 MHz, 0 %, 0 %, 53.66 W
2025/11/17 00:21:20.079, NVIDIA A100-SXM4-40GB, 0, P0, 210 MHz, 1215 MHz, 0 %, 0 %, 53.55 W
2025/11/17 00:21:20.282, NVIDIA A100-SXM4-40GB, 0, P0, 210 MHz, 1215 MHz, 0 %, 0 %, 53.89 W
2025/11/17 00:21:20.485, NVIDIA A100-SXM4-40GB, 0, P0, 210 MHz, 1215 MHz, 0 %, 0 %, 53.55 W
2025/11/17 00:21:20.689, NVIDIA A100-SXM4-40GB, 0, P0, 210 MHz, 1215 MHz, 0 %, 0 %, 53.61 W
2025/11/17 00:21:20.893, NVIDIA A100-SXM4-40GB, 0, P0, 210 MHz, 1215 MHz, 0 %, 0 %, 53.66 W
2025/11/17 00:21:21.097, NVIDIA A100-SXM4-40GB, 0, P0, 210 MHz, 1215 MHz, 0 %, 0 %, 53.72 W
2025/11/17 00:21:21.300, NVIDIA A100-SXM4-40GB, 0, P0, 210 MHz, 1215 MHz, 0 %, 0 %, 53.61 W
2025/11/17 00:21:21.504, NVIDIA A100-SXM4-40GB, 0, P0, 210 MHz, 1215 MHz, 0 %, 0 %, 53.55 W
2025/11/17 00:21:21.708, NVIDIA A100-SXM4-40GB, 0, P0, 210 MHz, 1215 MHz, 0 %, 0 %, 53.66 W
2025/11/17 00:21:21.912, NVIDIA A100-SXM4-40GB, 0, P0, 210 MHz, 1215 MHz, 0 %, 0 %, 53.77 W
2025/11/17 00:21:22.115, NVIDIA A100-SXM4-40GB, 0, P0, 210 MHz, 1215 MHz, 0 %, 0 %, 53.61 W
2025/11/17 00:21:22.319, NVIDIA A100-SXM4-40GB, 0, P0, 210 MHz, 1215 MHz, 0 %, 0 %, 53.55 W
2025/11/17 00:21:22.522, NVIDIA A100-SXM4-40GB, 0, P0, 210 MHz, 1215 MHz, 0 %, 0 %, 53.61 W
2025/11/17 00:21:22.726, NVIDIA A100-SXM4-40GB, 0, P0, 210 MHz, 1215 MHz, 0 %, 0 %, 53.50 W
2025/11/17 00:21:22.929, NVIDIA A100-SXM4-40GB, 0, P0, 210 MHz, 1215 MHz, 0 %, 0 %, 53.72 W
2025/11/17 00:21:23.132, NVIDIA A100-SXM4-40GB, 0, P0, 210 MHz, 1215 MHz, 0 %, 0 %, 53.44 W
2025/11/17 00:21:23.336, NVIDIA A100-SXM4-40GB, 0, P0, 210 MHz, 1215 MHz, 0 %, 0 %, 53.61 W
2025/11/17 00:21:23.540, NVIDIA A100-SXM4-40GB, 0, P0, 210 MHz, 1215 MHz, 0 %, 0 %, 53.61 W
2025/11/17 00:21:23.744, NVIDIA A100-SXM4-40GB, 0, P0, 210 MHz, 1215 MHz, 0 %, 0 %, 53.50 W
2025/11/17 00:21:23.947, NVIDIA A100-SXM4-40GB, 0, P0, 210 MHz, 1215 MHz, 0 %, 0 %, 53.66 W
2025/11/17 00:21:24.150, NVIDIA A100-SXM4-40GB, 0, P0, 210 MHz, 1215 MHz, 0 %, 0 %, 53.44 W
2025/11/17 00:21:24.354, NVIDIA A100-SXM4-40GB, 0, P0, 210 MHz, 1215 MHz, 0 %, 0 %, 53.61 W
2025/11/17 00:21:24.557, NVIDIA A100-SXM4-40GB, 0, P0, 210 MHz, 1215 MHz, 0 %, 0 %, 53.66 W
2025/11/17 00:21:24.761, NVIDIA A100-SXM4-40GB, 0, P0, 210 MHz, 1215 MHz, 0 %, 0 %, 53.61 W
2025/11/17 00:21:24.964, NVIDIA A100-SXM4-40GB, 0, P0, 210 MHz, 1215 MHz, 0 %, 0 %, 53.77 W
2025/11/17 00:21:25.168, NVIDIA A100-SXM4-40GB, 0, P0, 210 MHz, 1215 MHz, 0 %, 0 %, 53.55 W
2025/11/17 00:21:25.373, NVIDIA A100-SXM4-40GB, 0, P0, 210 MHz, 1215 MHz, 0 %, 0 %, 53.77 W
2025/11/17 00:21:25.577, NVIDIA A100-SXM4-40GB, 0, P0, 210 MHz, 1215 MHz, 0 %, 0 %, 53.61 W
2025/11/17 00:21:25.780, NVIDIA A100-SXM4-40GB, 0, P0, 210 MHz, 1215 MHz, 0 %, 0 %, 53.72 W
2025/11/17 00:21:25.984, NVIDIA A100-SXM4-40GB, 0, P0, 210 MHz, 1215 MHz, 0 %, 0 %, 53.66 W
2025/11/17 00:21:26.187, NVIDIA A100-SXM4-40GB, 0, P0, 210 MHz, 1215 MHz, 0 %, 0 %, 53.61 W
2025/11/17 00:21:26.391, NVIDIA A100-SXM4-40GB, 0, P0, 210 MHz, 1215 MHz, 0 %, 0 %, 53.55 W
2025/11/17 00:21:26.594, NVIDIA A100-SXM4-40GB, 0, P0, 210 MHz, 1215 MHz, 0 %, 0 %, 53.38 W
2025/11/17 00:21:26.798, NVIDIA A100-SXM4-40GB, 0, P0, 210 MHz, 1215 MHz, 0 %, 0 %, 53.77 W
2025/11/17 00:21:27.002, NVIDIA A100-SXM4-40GB, 0, P0, 210 MHz, 1215 MHz, 0 %, 0 %, 53.50 W
2025/11/17 00:21:27.206, NVIDIA A100-SXM4-40GB, 0, P0, 210 MHz, 1215 MHz, 0 %, 0 %, 53.66 W
2025/11/17 00:21:27.409, NVIDIA A100-SXM4-40GB, 0, P0, 210 MHz, 1215 MHz, 0 %, 0 %, 53.50 W
2025/11/17 00:21:27.613, NVIDIA A100-SXM4-40GB, 0, P0, 210 MHz, 1215 MHz, 0 %, 0 %, 53.33 W
2025/11/17 00:21:27.816, NVIDIA A100-SXM4-40GB, 0, P0, 210 MHz, 1215 MHz, 0 %, 0 %, 54.00 W
2025/11/17 00:21:28.020, NVIDIA A100-SXM4-40GB, 0, P0, 210 MHz, 1215 MHz, 0 %, 0 %, 53.89 W
2025/11/17 00:21:28.223, NVIDIA A100-SXM4-40GB, 0, P0, 210 MHz, 1215 MHz, 0 %, 0 %, 53.89 W
2025/11/17 00:21:28.427, NVIDIA A100-SXM4-40GB, 0, P0, 210 MHz, 1215 MHz, 0 %, 0 %, 53.94 W
2025/11/17 00:21:28.632, NVIDIA A100-SXM4-40GB, 0, P0, 210 MHz, 1215 MHz, 0 %, 0 %, 53.38 W
2025/11/17 00:21:28.838, NVIDIA A100-SXM4-40GB, 0, P0, 210 MHz, 1215 MHz, 0 %, 0 %, 53.50 W
2025/11/17 00:21:29.042, NVIDIA A100-SXM4-40GB, 0, P0, 210 MHz, 1215 MHz, 0 %, 0 %, 53.50 W
2025/11/17 00:21:29.245, NVIDIA A100-SXM4-40GB, 0, P0, 210 MHz, 1215 MHz, 0 %, 0 %, 53.66 W
2025/11/17 00:21:29.450, NVIDIA A100-SXM4-40GB, 0, P0, 210 MHz, 1215 MHz, 0 %, 0 %, 53.55 W
2025/11/17 00:21:29.654, NVIDIA A100-SXM4-40GB, 0, P0, 210 MHz, 1215 MHz, 0 %, 0 %, 53.38 W
2025/11/17 00:21:29.857, NVIDIA A100-SXM4-40GB, 0, P0, 210 MHz, 1215 MHz, 0 %, 0 %, 53.44 W
2025/11/17 00:21:30.060, NVIDIA A100-SXM4-40GB, 0, P0, 210 MHz, 1215 MHz, 0 %, 0 %, 53.44 W
2025/11/17 00:21:30.265, NVIDIA A100-SXM4-40GB, 0, P0, 210 MHz, 1215 MHz, 0 %, 0 %, 53.61 W
2025/11/17 00:21:30.470, NVIDIA A100-SXM4-40GB, 0, P0, 210 MHz, 1215 MHz, 0 %, 0 %, 53.50 W
2025/11/17 00:21:30.673, NVIDIA A100-SXM4-40GB, 0, P0, 210 MHz, 1215 MHz, 0 %, 0 %, 53.50 W
2025/11/17 00:21:30.876, NVIDIA A100-SXM4-40GB, 0, P0, 210 MHz, 1215 MHz, 0 %, 0 %, 53.55 W
2025/11/17 00:21:31.080, NVIDIA A100-SXM4-40GB, 0, P0, 210 MHz, 1215 MHz, 0 %, 0 %, 53.55 W
2025/11/17 00:21:31.283, NVIDIA A100-SXM4-40GB, 0, P0, 210 MHz, 1215 MHz, 0 %, 0 %, 53.27 W
2025/11/17 00:21:31.487, NVIDIA A100-SXM4-40GB, 0, P0, 210 MHz, 1215 MHz, 0 %, 0 %, 53.55 W
2025/11/17 00:21:31.690, NVIDIA A100-SXM4-40GB, 0, P0, 210 MHz, 1215 MHz, 0 %, 0 %, 53.55 W
2025/11/17 00:21:31.893, NVIDIA A100-SXM4-40GB, 0, P0, 210 MHz, 1215 MHz, 0 %, 0 %, 53.66 W
2025/11/17 00:21:32.097, NVIDIA A100-SXM4-40GB, 0, P0, 210 MHz, 1215 MHz, 0 %, 0 %, 53.38 W
2025/11/17 00:21:32.302, NVIDIA A100-SXM4-40GB, 0, P0, 210 MHz, 1215 MHz, 0 %, 0 %, 53.61 W
2025/11/17 00:21:32.506, NVIDIA A100-SXM4-40GB, 0, P0, 210 MHz, 1215 MHz, 0 %, 0 %, 53.61 W
2025/11/17 00:21:32.709, NVIDIA A100-SXM4-40GB, 0, P0, 210 MHz, 1215 MHz, 0 %, 0 %, 53.61 W
2025/11/17 00:21:32.912, NVIDIA A100-SXM4-40GB, 0, P0, 210 MHz, 1215 MHz, 0 %, 0 %, 53.61 W
2025/11/17 00:21:33.116, NVIDIA A100-SXM4-40GB, 0, P0, 210 MHz, 1215 MHz, 0 %, 0 %, 53.55 W
2025/11/17 00:21:33.319, NVIDIA A100-SXM4-40GB, 0, P0, 210 MHz, 1215 MHz, 0 %, 0 %, 53.72 W
2025/11/17 00:21:33.522, NVIDIA A100-SXM4-40GB, 0, P0, 210 MHz, 1215 MHz, 0 %, 0 %, 53.61 W
2025/11/17 00:21:33.726, NVIDIA A100-SXM4-40GB, 0, P0, 210 MHz, 1215 MHz, 0 %, 0 %, 53.50 W
2025/11/17 00:21:33.930, NVIDIA A100-SXM4-40GB, 0, P0, 210 MHz, 1215 MHz, 0 %, 0 %, 53.66 W
2025/11/17 00:21:34.134, NVIDIA A100-SXM4-40GB, 0, P0, 210 MHz, 1215 MHz, 0 %, 0 %, 53.72 W
2025/11/17 00:21:34.338, NVIDIA A100-SXM4-40GB, 0, P0, 210 MHz, 1215 MHz, 0 %, 0 %, 53.66 W
2025/11/17 00:21:34.541, NVIDIA A100-SXM4-40GB, 0, P0, 210 MHz, 1215 MHz, 0 %, 0 %, 53.61 W
2025/11/17 00:21:34.745, NVIDIA A100-SXM4-40GB, 0, P0, 210 MHz, 1215 MHz, 0 %, 0 %, 53.66 W
2025/11/17 00:21:34.948, NVIDIA A100-SXM4-40GB, 0, P0, 210 MHz, 1215 MHz, 0 %, 0 %, 53.61 W
2025/11/17 00:21:35.152, NVIDIA A100-SXM4-40GB, 0, P0, 210 MHz, 1215 MHz, 0 %, 0 %, 53.55 W
2025/11/17 00:21:35.356, NVIDIA A100-SXM4-40GB, 0, P0, 210 MHz, 1215 MHz, 0 %, 0 %, 53.44 W
2025/11/17 00:21:35.559, NVIDIA A100-SXM4-40GB, 0, P0, 210 MHz, 1215 MHz, 0 %, 0 %, 53.72 W
2025/11/17 00:21:35.763, NVIDIA A100-SXM4-40GB, 0, P0, 210 MHz, 1215 MHz, 0 %, 0 %, 53.44 W
2025/11/17 00:21:35.967, NVIDIA A100-SXM4-40GB, 0, P0, 210 MHz, 1215 MHz, 0 %, 0 %, 53.55 W
2025/11/17 00:21:36.170, NVIDIA A100-SXM4-40GB, 0, P0, 210 MHz, 1215 MHz, 0 %, 0 %, 53.61 W
2025/11/17 00:21:36.374, NVIDIA A100-SXM4-40GB, 0, P0, 210 MHz, 1215 MHz, 0 %, 0 %, 53.89 W
2025/11/17 00:21:36.577, NVIDIA A100-SXM4-40GB, 0, P0, 210 MHz, 1215 MHz, 0 %, 0 %, 53.89 W
2025/11/17 00:21:36.780, NVIDIA A100-SXM4-40GB, 0, P0, 210 MHz, 1215 MHz, 0 %, 0 %, 53.94 W
2025/11/17 00:21:36.984, NVIDIA A100-SXM4-40GB, 0, P0, 210 MHz, 1215 MHz, 0 %, 0 %, 53.89 W
2025/11/17 00:21:37.187, NVIDIA A100-SXM4-40GB, 0, P0, 210 MHz, 1215 MHz, 0 %, 0 %, 54.00 W
2025/11/17 00:21:37.391, NVIDIA A100-SXM4-40GB, 0, P0, 210 MHz, 1215 MHz, 0 %, 0 %, 53.33 W
2025/11/17 00:21:37.597, NVIDIA A100-SXM4-40GB, 0, P0, 210 MHz, 1215 MHz, 0 %, 0 %, 53.66 W
2025/11/17 00:21:37.800, NVIDIA A100-SXM4-40GB, 0, P0, 210 MHz, 1215 MHz, 0 %, 0 %, 53.83 W
2025/11/17 00:21:38.004, NVIDIA A100-SXM4-40GB, 0, P0, 210 MHz, 1215 MHz, 0 %, 0 %, 53.44 W
2025/11/17 00:21:38.207, NVIDIA A100-SXM4-40GB, 0, P0, 210 MHz, 1215 MHz, 0 %, 0 %, 53.38 W
2025/11/17 00:21:38.411, NVIDIA A100-SXM4-40GB, 0, P0, 210 MHz, 1215 MHz, 0 %, 0 %, 53.66 W
2025/11/17 00:21:38.614, NVIDIA A100-SXM4-40GB, 0, P0, 210 MHz, 1215 MHz, 0 %, 0 %, 53.55 W
2025/11/17 00:21:38.817, NVIDIA A100-SXM4-40GB, 0, P0, 210 MHz, 1215 MHz, 0 %, 0 %, 53.77 W
2025/11/17 00:21:39.021, NVIDIA A100-SXM4-40GB, 0, P0, 210 MHz, 1215 MHz, 0 %, 0 %, 53.44 W
2025/11/17 00:21:39.225, NVIDIA A100-SXM4-40GB, 0, P0, 210 MHz, 1215 MHz, 0 %, 0 %, 53.44 W
2025/11/17 00:21:39.429, NVIDIA A100-SXM4-40GB, 0, P0, 210 MHz, 1215 MHz, 0 %, 0 %, 53.72 W
2025/11/17 00:21:39.633, NVIDIA A100-SXM4-40GB, 0, P0, 210 MHz, 1215 MHz, 0 %, 0 %, 53.55 W
2025/11/17 00:21:39.836, NVIDIA A100-SXM4-40GB, 0, P0, 210 MHz, 1215 MHz, 0 %, 0 %, 53.66 W
2025/11/17 00:21:40.039, NVIDIA A100-SXM4-40GB, 0, P0, 210 MHz, 1215 MHz, 0 %, 0 %, 53.44 W
2025/11/17 00:21:40.243, NVIDIA A100-SXM4-40GB, 0, P0, 210 MHz, 1215 MHz, 0 %, 0 %, 53.66 W
2025/11/17 00:21:40.446, NVIDIA A100-SXM4-40GB, 0, P0, 210 MHz, 1215 MHz, 0 %, 0 %, 53.66 W
2025/11/17 00:21:40.650, NVIDIA A100-SXM4-40GB, 0, P0, 210 MHz, 1215 MHz, 0 %, 0 %, 53.55 W
2025/11/17 00:21:40.853, NVIDIA A100-SXM4-40GB, 0, P0, 210 MHz, 1215 MHz, 0 %, 0 %, 53.55 W
2025/11/17 00:21:41.057, NVIDIA A100-SXM4-40GB, 0, P0, 210 MHz, 1215 MHz, 0 %, 0 %, 53.38 W
2025/11/17 00:21:41.261, NVIDIA A100-SXM4-40GB, 0, P0, 210 MHz, 1215 MHz, 0 %, 0 %, 53.44 W
2025/11/17 00:21:41.464, NVIDIA A100-SXM4-40GB, 0, P0, 210 MHz, 1215 MHz, 0 %, 0 %, 53.38 W
2025/11/17 00:21:41.668, NVIDIA A100-SXM4-40GB, 0, P0, 210 MHz, 1215 MHz, 0 %, 0 %, 53.55 W
2025/11/17 00:21:41.871, NVIDIA A100-SXM4-40GB, 0, P0, 210 MHz, 1215 MHz, 0 %, 0 %, 53.50 W
2025/11/17 00:21:42.075, NVIDIA A100-SXM4-40GB, 0, P0, 210 MHz, 1215 MHz, 0 %, 0 %, 53.55 W
2025/11/17 00:21:42.278, NVIDIA A100-SXM4-40GB, 0, P0, 210 MHz, 1215 MHz, 0 %, 0 %, 53.50 W
2025/11/17 00:21:42.481, NVIDIA A100-SXM4-40GB, 0, P0, 210 MHz, 1215 MHz, 0 %, 0 %, 53.55 W
2025/11/17 00:21:42.685, NVIDIA A100-SXM4-40GB, 0, P0, 210 MHz, 1215 MHz, 0 %, 0 %, 53.55 W
2025/11/17 00:21:42.891, NVIDIA A100-SXM4-40GB, 0, P0, 210 MHz, 1215 MHz, 0 %, 0 %, 53.55 W
2025/11/17 00:21:43.094, NVIDIA A100-SXM4-40GB, 0, P0, 210 MHz, 1215 MHz, 0 %, 0 %, 53.44 W
2025/11/17 00:21:43.298, NVIDIA A100-SXM4-40GB, 0, P0, 210 MHz, 1215 MHz, 0 %, 0 %, 53.44 W
2025/11/17 00:21:43.501, NVIDIA A100-SXM4-40GB, 0, P0, 210 MHz, 1215 MHz, 0 %, 0 %, 53.50 W
2025/11/17 00:21:43.705, NVIDIA A100-SXM4-40GB, 0, P0, 210 MHz, 1215 MHz, 0 %, 0 %, 53.44 W
2025/11/17 00:21:43.908, NVIDIA A100-SXM4-40GB, 0, P0, 210 MHz, 1215 MHz, 0 %, 0 %, 53.27 W
2025/11/17 00:21:44.111, NVIDIA A100-SXM4-40GB, 0, P0, 210 MHz, 1215 MHz, 0 %, 0 %, 53.38 W
2025/11/17 00:21:44.315, NVIDIA A100-SXM4-40GB, 0, P0, 210 MHz, 1215 MHz, 0 %, 0 %, 53.55 W
2025/11/17 00:21:44.519, NVIDIA A100-SXM4-40GB, 0, P0, 210 MHz, 1215 MHz, 0 %, 0 %, 54.00 W
2025/11/17 00:21:44.723, NVIDIA A100-SXM4-40GB, 0, P0, 210 MHz, 1215 MHz, 0 %, 0 %, 53.61 W
2025/11/17 00:21:44.926, NVIDIA A100-SXM4-40GB, 0, P0, 210 MHz, 1215 MHz, 0 %, 0 %, 53.50 W
2025/11/17 00:21:45.130, NVIDIA A100-SXM4-40GB, 0, P0, 210 MHz, 1215 MHz, 0 %, 0 %, 53.66 W
2025/11/17 00:21:45.333, NVIDIA A100-SXM4-40GB, 0, P0, 210 MHz, 1215 MHz, 0 %, 0 %, 53.83 W
2025/11/17 00:21:45.536, NVIDIA A100-SXM4-40GB, 0, P0, 210 MHz, 1215 MHz, 0 %, 0 %, 53.89 W
2025/11/17 00:21:45.740, NVIDIA A100-SXM4-40GB, 0, P0, 210 MHz, 1215 MHz, 0 %, 0 %, 53.44 W
2025/11/17 00:21:45.943, NVIDIA A100-SXM4-40GB, 0, P0, 210 MHz, 1215 MHz, 0 %, 0 %, 53.50 W
2025/11/17 00:21:46.147, NVIDIA A100-SXM4-40GB, 0, P0, 210 MHz, 1215 MHz, 0 %, 0 %, 53.44 W
2025/11/17 00:21:46.351, NVIDIA A100-SXM4-40GB, 0, P0, 210 MHz, 1215 MHz, 0 %, 0 %, 53.61 W
2025/11/17 00:21:46.556, NVIDIA A100-SXM4-40GB, 0, P0, 210 MHz, 1215 MHz, 0 %, 0 %, 53.89 W
2025/11/17 00:21:46.760, NVIDIA A100-SXM4-40GB, 0, P0, 210 MHz, 1215 MHz, 0 %, 0 %, 53.33 W
2025/11/17 00:21:46.963, NVIDIA A100-SXM4-40GB, 0, P0, 210 MHz, 1215 MHz, 0 %, 0 %, 54.00 W
2025/11/17 00:21:47.167, NVIDIA A100-SXM4-40GB, 0, P0, 210 MHz, 1215 MHz, 0 %, 0 %, 53.61 W
2025/11/17 00:21:47.371, NVIDIA A100-SXM4-40GB, 0, P0, 210 MHz, 1215 MHz, 0 %, 0 %, 53.94 W
2025/11/17 00:21:47.575, NVIDIA A100-SXM4-40GB, 0, P0, 210 MHz, 1215 MHz, 0 %, 0 %, 53.83 W
2025/11/17 00:21:47.779, NVIDIA A100-SXM4-40GB, 0, P0, 210 MHz, 1215 MHz, 0 %, 0 %, 53.61 W
2025/11/17 00:21:47.984, NVIDIA A100-SXM4-40GB, 0, P0, 210 MHz, 1215 MHz, 0 %, 0 %, 53.50 W
2025/11/17 00:21:48.188, NVIDIA A100-SXM4-40GB, 0, P0, 210 MHz, 1215 MHz, 0 %, 0 %, 53.61 W
2025/11/17 00:21:48.391, NVIDIA A100-SXM4-40GB, 0, P0, 210 MHz, 1215 MHz, 0 %, 0 %, 53.38 W
2025/11/17 00:21:48.595, NVIDIA A100-SXM4-40GB, 0, P0, 210 MHz, 1215 MHz, 0 %, 0 %, 53.55 W
2025/11/17 00:21:48.798, NVIDIA A100-SXM4-40GB, 0, P0, 210 MHz, 1215 MHz, 0 %, 0 %, 53.44 W
2025/11/17 00:21:49.001, NVIDIA A100-SXM4-40GB, 0, P0, 210 MHz, 1215 MHz, 0 %, 0 %, 53.55 W
2025/11/17 00:21:49.205, NVIDIA A100-SXM4-40GB, 0, P0, 210 MHz, 1215 MHz, 0 %, 0 %, 53.61 W
2025/11/17 00:21:49.408, NVIDIA A100-SXM4-40GB, 0, P0, 210 MHz, 1215 MHz, 0 %, 0 %, 53.61 W
2025/11/17 00:21:49.612, NVIDIA A100-SXM4-40GB, 0, P0, 210 MHz, 1215 MHz, 0 %, 0 %, 53.55 W
2025/11/17 00:21:49.816, NVIDIA A100-SXM4-40GB, 0, P0, 210 MHz, 1215 MHz, 0 %, 0 %, 53.55 W
2025/11/17 00:21:50.020, NVIDIA A100-SXM4-40GB, 0, P0, 210 MHz, 1215 MHz, 0 %, 0 %, 53.50 W
2025/11/17 00:21:50.223, NVIDIA A100-SXM4-40GB, 0, P0, 210 MHz, 1215 MHz, 0 %, 0 %, 53.66 W
2025/11/17 00:21:50.427, NVIDIA A100-SXM4-40GB, 0, P0, 210 MHz, 1215 MHz, 0 %, 0 %, 53.38 W
2025/11/17 00:21:50.630, NVIDIA A100-SXM4-40GB, 0, P0, 210 MHz, 1215 MHz, 0 %, 0 %, 53.55 W
2025/11/17 00:21:50.833, NVIDIA A100-SXM4-40GB, 0, P0, 210 MHz, 1215 MHz, 0 %, 0 %, 53.33 W
2025/11/17 00:21:51.037, NVIDIA A100-SXM4-40GB, 0, P0, 210 MHz, 1215 MHz, 0 %, 0 %, 53.66 W
2025/11/17 00:21:51.240, NVIDIA A100-SXM4-40GB, 0, P0, 210 MHz, 1215 MHz, 0 %, 0 %, 53.38 W
2025/11/17 00:21:51.444, NVIDIA A100-SXM4-40GB, 0, P0, 210 MHz, 1215 MHz, 0 %, 0 %, 53.55 W
2025/11/17 00:21:51.648, NVIDIA A100-SXM4-40GB, 0, P0, 210 MHz, 1215 MHz, 0 %, 0 %, 53.61 W
2025/11/17 00:21:51.852, NVIDIA A100-SXM4-40GB, 0, P0, 210 MHz, 1215 MHz, 0 %, 0 %, 53.55 W
2025/11/17 00:21:52.056, NVIDIA A100-SXM4-40GB, 0, P0, 210 MHz, 1215 MHz, 0 %, 0 %, 53.61 W
2025/11/17 00:21:52.259, NVIDIA A100-SXM4-40GB, 0, P0, 210 MHz, 1215 MHz, 0 %, 0 %, 53.44 W
2025/11/17 00:21:52.463, NVIDIA A100-SXM4-40GB, 0, P0, 210 MHz, 1215 MHz, 0 %, 0 %, 53.66 W
2025/11/17 00:21:52.666, NVIDIA A100-SXM4-40GB, 0, P0, 210 MHz, 1215 MHz, 0 %, 0 %, 53.55 W
2025/11/17 00:21:52.870, NVIDIA A100-SXM4-40GB, 0, P0, 210 MHz, 1215 MHz, 0 %, 0 %, 53.94 W
2025/11/17 00:21:53.073, NVIDIA A100-SXM4-40GB, 0, P0, 210 MHz, 1215 MHz, 0 %, 0 %, 53.55 W
2025/11/17 00:21:53.276, NVIDIA A100-SXM4-40GB, 0, P0, 210 MHz, 1215 MHz, 0 %, 0 %, 53.61 W
2025/11/17 00:21:53.480, NVIDIA A100-SXM4-40GB, 0, P0, 210 MHz, 1215 MHz, 0 %, 0 %, 53.94 W
2025/11/17 00:21:53.684, NVIDIA A100-SXM4-40GB, 0, P0, 210 MHz, 1215 MHz, 0 %, 0 %, 53.77 W
2025/11/17 00:21:53.888, NVIDIA A100-SXM4-40GB, 0, P0, 210 MHz, 1215 MHz, 0 %, 0 %, 53.94 W
2025/11/17 00:21:54.091, NVIDIA A100-SXM4-40GB, 0, P0, 210 MHz, 1215 MHz, 0 %, 0 %, 53.77 W
2025/11/17 00:21:54.294, NVIDIA A100-SXM4-40GB, 0, P0, 210 MHz, 1215 MHz, 0 %, 0 %, 53.72 W
2025/11/17 00:21:54.498, NVIDIA A100-SXM4-40GB, 0, P0, 210 MHz, 1215 MHz, 0 %, 0 %, 53.94 W
2025/11/17 00:21:54.701, NVIDIA A100-SXM4-40GB, 0, P0, 210 MHz, 1215 MHz, 0 %, 0 %, 53.89 W
2025/11/17 00:21:54.905, NVIDIA A100-SXM4-40GB, 0, P0, 210 MHz, 1215 MHz, 0 %, 0 %, 53.89 W
2025/11/17 00:21:55.109, NVIDIA A100-SXM4-40GB, 0, P0, 210 MHz, 1215 MHz, 0 %, 0 %, 53.55 W
2025/11/17 00:21:55.314, NVIDIA A100-SXM4-40GB, 0, P0, 210 MHz, 1215 MHz, 0 %, 0 %, 53.94 W
2025/11/17 00:21:55.518, NVIDIA A100-SXM4-40GB, 0, P0, 210 MHz, 1215 MHz, 0 %, 0 %, 53.44 W
2025/11/17 00:21:55.721, NVIDIA A100-SXM4-40GB, 0, P0, 210 MHz, 1215 MHz, 0 %, 0 %, 53.33 W
2025/11/17 00:21:55.924, NVIDIA A100-SXM4-40GB, 0, P0, 210 MHz, 1215 MHz, 0 %, 0 %, 53.72 W
2025/11/17 00:21:56.128, NVIDIA A100-SXM4-40GB, 0, P0, 210 MHz, 1215 MHz, 0 %, 0 %, 53.44 W
2025/11/17 00:21:56.331, NVIDIA A100-SXM4-40GB, 0, P0, 210 MHz, 1215 MHz, 0 %, 0 %, 53.55 W
2025/11/17 00:21:56.535, NVIDIA A100-SXM4-40GB, 0, P0, 210 MHz, 1215 MHz, 0 %, 0 %, 53.55 W
2025/11/17 00:21:56.738, NVIDIA A100-SXM4-40GB, 0, P0, 210 MHz, 1215 MHz, 0 %, 0 %, 53.61 W
2025/11/17 00:21:56.943, NVIDIA A100-SXM4-40GB, 0, P0, 210 MHz, 1215 MHz, 0 %, 0 %, 53.61 W
2025/11/17 00:21:57.147, NVIDIA A100-SXM4-40GB, 0, P0, 210 MHz, 1215 MHz, 0 %, 0 %, 53.55 W
2025/11/17 00:21:57.350, NVIDIA A100-SXM4-40GB, 0, P0, 210 MHz, 1215 MHz, 0 %, 0 %, 53.61 W
2025/11/17 00:21:57.554, NVIDIA A100-SXM4-40GB, 0, P0, 210 MHz, 1215 MHz, 0 %, 0 %, 53.27 W
2025/11/17 00:21:57.757, NVIDIA A100-SXM4-40GB, 0, P0, 210 MHz, 1215 MHz, 0 %, 0 %, 53.55 W
2025/11/17 00:21:57.960, NVIDIA A100-SXM4-40GB, 0, P0, 210 MHz, 1215 MHz, 0 %, 0 %, 53.50 W
2025/11/17 00:21:58.164, NVIDIA A100-SXM4-40GB, 0, P0, 210 MHz, 1215 MHz, 0 %, 0 %, 53.55 W
2025/11/17 00:21:58.367, NVIDIA A100-SXM4-40GB, 0, P0, 210 MHz, 1215 MHz, 0 %, 0 %, 53.61 W
2025/11/17 00:21:58.571, NVIDIA A100-SXM4-40GB, 0, P0, 210 MHz, 1215 MHz, 0 %, 0 %, 53.61 W
2025/11/17 00:21:58.775, NVIDIA A100-SXM4-40GB, 0, P0, 210 MHz, 1215 MHz, 0 %, 0 %, 53.44 W
2025/11/17 00:21:58.979, NVIDIA A100-SXM4-40GB, 0, P0, 210 MHz, 1215 MHz, 0 %, 0 %, 53.44 W
2025/11/17 00:21:59.182, NVIDIA A100-SXM4-40GB, 0, P0, 210 MHz, 1215 MHz, 0 %, 0 %, 53.55 W
2025/11/17 00:21:59.385, NVIDIA A100-SXM4-40GB, 0, P0, 210 MHz, 1215 MHz, 0 %, 0 %, 53.55 W
2025/11/17 00:21:59.589, NVIDIA A100-SXM4-40GB, 0, P0, 210 MHz, 1215 MHz, 0 %, 0 %, 53.66 W
2025/11/17 00:21:59.792, NVIDIA A100-SXM4-40GB, 0, P0, 210 MHz, 1215 MHz, 0 %, 0 %, 53.55 W
2025/11/17 00:21:59.996, NVIDIA A100-SXM4-40GB, 0, P0, 210 MHz, 1215 MHz, 0 %, 0 %, 53.55 W
                                                                                                                                                                                                                                                                                                                                                                                                                                                                                                                                                                                                                                                                                                                                                                                                                                                                                                                                                                                                                                                                                                                                                                                                                                                                                                                                                                                                                                                                                                                                                                                                                                                                                                                                                                                                                                                                                                                                                                                                                                                                                                                                                                                                                                                                                                                                                                                                                                                                                                                                                                                                                                                                                                                                                                                                                                                                                                                                                                                                                                                                                                                                                                                                                                                                                                                                                                                                                                                                                                                                                                                                                                                                                                                                                                                                                                                                                                                                                                                                                                                                                                                                                                                                                                                                                                                                                                                                                                                                                                                                                                                                                                                                                                                                                                                                                                                                                                                                                                                                                                                                                                                                                                                                                                                                                                                                                                                                                                                                                                                                                                                                                                                                                                                                                                                                                                                                                                                                                                                                                                                                                                                                                                                                                                                                                                                                                                                                                                                                                                                                                                                                                                                                                                                                                                                                                                                                                                                                                                                                                                                                                                                                                                                                                                                                                                                                                                                                                                                                                                                                                                                                                                                                                                                                                                                                                                                                                                                                                                                                                                                                                                                                                                                                                                                                                                                                                                                                                                                                                                                                                                                                                                                                                                                                                                                                                                                                                                                                                                                                                                                                                                                                                                                                                                                                                                                                                                                                                                                                                                                                                                                                                                                                                                                                                                                                                                                                                                                                                                                                                                                                                                                                                                                                                                                                                                                                                                                                                                                                                                                                                                                                                                                                                                                                                                                                                                                                                                                                                                                                                                                                                                                                                                                                                                                                                                                                                                                                                                                                                                                                                                                                                                                                                                                                                                                                                                                                                                                                                                                                                                                                                                                                                                                                                                                                                                                                                                                                                                                                                                                                                                                                                                                                                                                                                                                                                                                                                                                                                                                                                                                                                                                                                                                                                                                                                                                                                                                                                                                                                                                                                                                                                                                                                                                                                                                                                                                                                                                                                                                                                                                                                                                                                                                                                                                                                                                                                                                                                                                                                                                                                                                                                                                                                                                                                                                                                                                                                                                                                                                                                                                                                                                                                                                                                                                                                                                                                                                                                                                                                                                                                                                                                                                                                                                                                                                                                                                                                                                                                                                                                                                                                                                                                                                                                                                                                                                                                                                                                                                                                                                                                                                                                                                                                                                                                                                                                                                                                                                                                                                                                                                                                                                                                                                                                                                                                                                                                                                                                                                                                                                                                                                                                                                                                                                                                                                                                                                                                                                                                                                                                                                                                                                                                                                                                                                                                                                                                                                                                                                                                                                                                                                                                                                                                                                                                                                                                                                                                                                                                                                                                                                                                                                                                                                                                                                                                                                                                                                                                                                                                                                                                                                                                                                                                                                                                                                                                                                                                                                                                                                                                                                                                                                                                                                                                                                                                                                                                                                                                                                                                                                                                                                                                                                                                                                                                                                                                                                                                                                                                                                                                                                                                                                                                                                                                                                                                                                                                                                                                                                                                                                                                                                                                                                                                                                                                                                                                                                                                                                                                                                                                                                                                                                                                                                                                                                                                                                                                                                                                                                                                                                                                                                                                                                                                                                                                                                                                                                                                                                                                                                                                                                                                                                                                                                                                                                                                                                                                                                                                                                                                                                                                                                                                                                                                                                                                                                                                                                                                                                                                                                                                                                                                                                                                                                                                                                                                                                                                                                                                                                                                                                                                                                                                                                                                                                                                                                                                                                                                                                                                                                                                                                                                                                                                                                                                                                                                                                                                                                                                                                                                                                                                                                                                                                                                                                                                                                                                                                                                                                                                                                                                                                                                                                                                                                                                                                                                                                                                                                                                                                                                                                                                                                                                                                                                                                                                                                                                                                                                                                                                                                                                                                                                                                                                                                                                                                                                                                                                                                                                                                                                                                                                                                                                                                                                                                                                                                                                                                                                                                                                                                                                                                                                                                                                                                                                                                                                                                                                                                                                                                                                                                                                                                                                                                                                                                                                                                                                                                                                                                                                                                                                                                                                                                                                                                                                                                                                                                                                                                                                                                                                                                                                                                                                                                                                                                                                                                                                                                                                                                                                                                                                                                                                                                                                                                                                                                                                                                                                                                                                                                                                                                                                                                                                                                                                                                                                                                                                                                                                                                                                                                                                                                                                                                                                                                                                                                                                                                                                                                                                                                                                                                                                                                                                                                                                                                                                                                                                                                                                                                                                                                                                                                                                                                                                                                                                                                                                                                                                                                                                                                                                                                                                                                                                                                                                                                                                                                                                                                                                                                                                                                                                                                                                                                                                                                                                                                                                                                                                                                                                                                                                                                                                                                                                                                                                                                                                                                                                                                                                                                                                                                                                                                                                                                                                                                                                                                                                                                                                                                                                                                                                                                                                                                                                                                                                                                                                                                                                                                                                                                                                                                                                                                                                                                                                                                                                                                                                                                                                                                                                                                                                                                                                                                                                                                                                                                                                                                                                                                                                                                                                                                                                                                                                                                                                                                                                                                                                                                                                                                                                                                                                                                                                                                                                                                                                                                                                                                                                                                                                                                                                                                                                                                                                                                                                                                                                                                                                                                                                                                                                                                                                                                                                                                                                                                                                                                                                                                                                                                                                                                                                                                                                                                                                                                                                                                                                                                                                                                                                                                                                                                                                                                                                                                                                                                                                                                                                                                                                                                                                                                                                                                                                                                                                                                                                                                                                                                                                                                                                                                                                                                                                                                                                                                                                                                                                                                                                                                                                                                                                                                                                                                                                                                                                                                                                                                                                                                                                                                                                                                                                                                                                                                                                                                                                                                                                                                                                                                                                                                                                                                                                                                                                                                                                                                                                                                                                                                                                                                                                                                                                                                                                                                                                                                                                                                                                                                                                                                                                                                                                                                                                                                                                                                                                                                                                                                                                                                                                                                                                                                                                                                                                                                                                                                                                                                                                                                                                                                                                                                                                                                                                                                                                                                                                                                                                                                                                                                                                                                                                                                                                                                                                                                                                                                                                                                                                                                                                                                                                                                                                                                                                                                                                                                                                                                                                                                                                                                                                                                                                                                                                                                                                                                                                                                                                                                                                                                                                                                                                                                                                                                                                                                                                                                                                                                                                                                                                                                                                                                                                                                                                                                                                                                                                                                                                                                                                                                                                                                                                                                                                                                                                                                                                                                                                                                                                                                                                                                                                                                                                                                                                                                                                                                                                                                                                                                                                                                                                                                                                                                                                                                                                                                                                                                                                                                                                                                                                                                                                                                                                                                                                                                                                                                                                                                                                                                                                                                                                                                                                                                                                                                                                                                                                                                                                                                                                                                                                                                                                                                                                                                                                                                                                                                                                                                                                                                                                                                                                                                                                                                                                                                                                                                                                                                                                                                                                                                                                                                                                                                                                                                                                                                                                                                                                                                                                                                                                                                                                                                                                                                                                                                                                                                                                                                                                                                                                                                                                                                                                                                                                                                                                                                                                                                                                                                                                                                                                                                                                                                                                                                                                                                                                                                                                                                                                                                                                                                                                                                                                                                                                                                                                                                                                                                                                                                                                                                                                                                                                                                                                                                                                                                                                                                                                                                                                                                                                                                                                                                                                                                                                                                                                                                                                                                                                                                                                                                                                                                                                                                                                                                                                                                                                                                                                                                                                                                                                                                                                                                                                                                                                                                                                                                                                                                                                                                                                                                                                                                                                                                                                                                                                                                                                                                                                                                                                                                                                                                                                                                                                                                                                                                                                                                                                                                                                                                                                                                                                                                                                                                                                                                                                                                                                                                                                                                                                                                                                                                                                                                                                                                                                                                                                                                                                                                                                                                                                                                                                                                                                                                                                                                                                                                                                                                                                                                                                                                                                                                                                                                                                                                                                                                                                                                                                                                                                                                                                                                                                                                                                                                                                                                                                                                                                                                                                                                                                                                                                                                                                                                                                                                                                                                                                                                                                                                                                                                                                                                                                                                                                                                                                                                                                                                                                                                                                                                                                                                                                                                                                                                                                                                                                                                                                                                                                                                                                                                                                                                                                                                                                                                                                                                                                                                                                                                                                                                                                                                                                                                                                                                                                                                                                                                                                                                                                                                                                                                                                                                                                                                                                                                                                                                                                                                                                                                                                                                                                                                                                                                                                                                                                                                                                                                                                                                                                                                                                                                                                                                                                                                                                                                                                                                                                                                                                                      2025/11/17 00:19:42.592, NVIDIA A100-SXM4-40GB, 0, P0, 1410 MHz, 1215 MHz, 91 %, 28 %, 83.56 W
2025/11/17 00:19:42.799, NVIDIA A100-SXM4-40GB, 0, P0, 1410 MHz, 1215 MHz, 6 %, 0 %, 82.28 W
2025/11/17 00:19:43.008, NVIDIA A100-SXM4-40GB, 0, P0, 1410 MHz, 1215 MHz, 0 %, 0 %, 81.68 W
2025/11/17 00:19:43.220, NVIDIA A100-SXM4-40GB, 0, P0, 1410 MHz, 1215 MHz, 2 %, 0 %, 268.49 W
2025/11/17 00:19:43.428, NVIDIA A100-SXM4-40GB, 0, P0, 1410 MHz, 1215 MHz, 97 %, 21 %, 132.74 W
2025/11/17 00:19:43.637, NVIDIA A100-SXM4-40GB, 0, P0, 1410 MHz, 1215 MHz, 56 %, 17 %, 82.36 W
2025/11/17 00:19:43.846, NVIDIA A100-SXM4-40GB, 0, P0, 1410 MHz, 1215 MHz, 0 %, 0 %, 81.68 W
2025/11/17 00:19:44.051, NVIDIA A100-SXM4-40GB, 0, P0, 1410 MHz, 1215 MHz, 0 %, 0 %, 81.14 W
2025/11/17 00:19:44.257, NVIDIA A100-SXM4-40GB, 0, P0, 1410 MHz, 1215 MHz, 0 %, 0 %, 81.22 W
2025/11/17 00:19:44.465, NVIDIA A100-SXM4-40GB, 0, P0, 1410 MHz, 1215 MHz, 0 %, 0 %, 81.14 W
2025/11/17 00:19:44.672, NVIDIA A100-SXM4-40GB, 0, P0, 1410 MHz, 1215 MHz, 0 %, 0 %, 81.14 W
2025/11/17 00:19:44.877, NVIDIA A100-SXM4-40GB, 0, P0, 1410 MHz, 1215 MHz, 0 %, 0 %, 80.82 W
2025/11/17 00:19:45.083, NVIDIA A100-SXM4-40GB, 0, P0, 1410 MHz, 1215 MHz, 0 %, 0 %, 80.82 W
2025/11/17 00:19:45.290, NVIDIA A100-SXM4-40GB, 0, P0, 1095 MHz, 1215 MHz, 0 %, 0 %, 67.26 W
2025/11/17 00:19:45.496, NVIDIA A100-SXM4-40GB, 0, P0, 270 MHz, 1215 MHz, 0 %, 0 %, 54.80 W
2025/11/17 00:19:45.702, NVIDIA A100-SXM4-40GB, 0, P0, 255 MHz, 1215 MHz, 0 %, 0 %, 54.54 W
2025/11/17 00:19:45.908, NVIDIA A100-SXM4-40GB, 0, P0, 225 MHz, 1215 MHz, 0 %, 0 %, 54.15 W
2025/11/17 00:19:46.116, NVIDIA A100-SXM4-40GB, 0, P0, 210 MHz, 1215 MHz, 0 %, 0 %, 54.21 W
2025/11/17 00:19:46.322, NVIDIA A100-SXM4-40GB, 0, P0, 210 MHz, 1215 MHz, 0 %, 0 %, 54.04 W
2025/11/17 00:19:46.529, NVIDIA A100-SXM4-40GB, 0, P0, 210 MHz, 1215 MHz, 0 %, 0 %, 54.21 W
2025/11/17 00:19:46.734, NVIDIA A100-SXM4-40GB, 0, P0, 210 MHz, 1215 MHz, 0 %, 0 %, 54.15 W
2025/11/17 00:19:46.942, NVIDIA A100-SXM4-40GB, 0, P0, 210 MHz, 1215 MHz, 0 %, 0 %, 53.66 W
2025/11/17 00:19:47.148, NVIDIA A100-SXM4-40GB, 0, P0, 210 MHz, 1215 MHz, 0 %, 0 %, 53.61 W
2025/11/17 00:19:47.354, NVIDIA A100-SXM4-40GB, 0, P0, 1095 MHz, 1215 MHz, 0 %, 0 %, 53.77 W
2025/11/17 00:19:47.560, NVIDIA A100-SXM4-40GB, 0, P0, 1095 MHz, 1215 MHz, 3 %, 0 %, 59.69 W
2025/11/17 00:19:47.774, NVIDIA A100-SXM4-40GB, 0, P0, 1095 MHz, 1215 MHz, 19 %, 1 %, 60.23 W
2025/11/17 00:19:47.980, NVIDIA A100-SXM4-40GB, 0, P0, 1095 MHz, 1215 MHz, 0 %, 0 %, 60.01 W
2025/11/17 00:19:48.185, NVIDIA A100-SXM4-40GB, 0, P0, 1095 MHz, 1215 MHz, 0 %, 0 %, 60.01 W
2025/11/17 00:19:48.392, NVIDIA A100-SXM4-40GB, 0, P0, 1095 MHz, 1215 MHz, 0 %, 0 %, 60.17 W
2025/11/17 00:19:48.597, NVIDIA A100-SXM4-40GB, 0, P0, 1095 MHz, 1215 MHz, 0 %, 0 %, 59.95 W
2025/11/17 00:19:48.803, NVIDIA A100-SXM4-40GB, 0, P0, 1095 MHz, 1215 MHz, 0 %, 0 %, 59.95 W
2025/11/17 00:19:49.009, NVIDIA A100-SXM4-40GB, 0, P0, 1095 MHz, 1215 MHz, 0 %, 0 %, 60.01 W
2025/11/17 00:19:49.218, NVIDIA A100-SXM4-40GB, 0, P0, 1095 MHz, 1215 MHz, 0 %, 0 %, 59.69 W
2025/11/17 00:19:49.424, NVIDIA A100-SXM4-40GB, 0, P0, 390 MHz, 1215 MHz, 0 %, 0 %, 54.42 W
2025/11/17 00:19:49.630, NVIDIA A100-SXM4-40GB, 0, P0, 360 MHz, 1215 MHz, 0 %, 0 %, 54.04 W
2025/11/17 00:19:49.836, NVIDIA A100-SXM4-40GB, 0, P0, 330 MHz, 1215 MHz, 0 %, 0 %, 54.10 W
2025/11/17 00:19:50.044, NVIDIA A100-SXM4-40GB, 0, P0, 300 MHz, 1215 MHz, 0 %, 0 %, 53.61 W
2025/11/17 00:19:50.249, NVIDIA A100-SXM4-40GB, 0, P0, 270 MHz, 1215 MHz, 0 %, 0 %, 53.77 W
2025/11/17 00:19:50.453, NVIDIA A100-SXM4-40GB, 0, P0, 255 MHz, 1215 MHz, 0 %, 0 %, 53.77 W
2025/11/17 00:19:50.656, NVIDIA A100-SXM4-40GB, 0, P0, 1095 MHz, 1215 MHz, 0 %, 0 %, 59.57 W
2025/11/17 00:19:50.860, NVIDIA A100-SXM4-40GB, 0, P0, 1095 MHz, 1215 MHz, 3 %, 0 %, 60.01 W
2025/11/17 00:19:51.063, NVIDIA A100-SXM4-40GB, 0, P0, 1095 MHz, 1215 MHz, 19 %, 1 %, 60.01 W
2025/11/17 00:19:51.266, NVIDIA A100-SXM4-40GB, 0, P0, 1095 MHz, 1215 MHz, 0 %, 0 %, 59.69 W
2025/11/17 00:19:51.470, NVIDIA A100-SXM4-40GB, 0, P0, 1095 MHz, 1215 MHz, 0 %, 0 %, 59.42 W
2025/11/17 00:19:51.675, NVIDIA A100-SXM4-40GB, 0, P0, 1095 MHz, 1215 MHz, 0 %, 0 %, 59.69 W
2025/11/17 00:19:51.879, NVIDIA A100-SXM4-40GB, 0, P0, 1095 MHz, 1215 MHz, 0 %, 0 %, 59.69 W
2025/11/17 00:19:52.082, NVIDIA A100-SXM4-40GB, 0, P0, 1095 MHz, 1215 MHz, 0 %, 0 %, 59.57 W
2025/11/17 00:19:52.285, NVIDIA A100-SXM4-40GB, 0, P0, 1095 MHz, 1215 MHz, 0 %, 0 %, 59.63 W
2025/11/17 00:19:52.488, NVIDIA A100-SXM4-40GB, 0, P0, 405 MHz, 1215 MHz, 0 %, 0 %, 53.83 W
2025/11/17 00:19:52.692, NVIDIA A100-SXM4-40GB, 0, P0, 375 MHz, 1215 MHz, 0 %, 0 %, 54.10 W
2025/11/17 00:19:52.895, NVIDIA A100-SXM4-40GB, 0, P0, 1095 MHz, 1215 MHz, 0 %, 0 %, 54.37 W
2025/11/17 00:19:53.099, NVIDIA A100-SXM4-40GB, 0, P0, 1095 MHz, 1215 MHz, 3 %, 0 %, 60.01 W
2025/11/17 00:19:53.302, NVIDIA A100-SXM4-40GB, 0, P0, 1095 MHz, 1215 MHz, 8 %, 0 %, 60.01 W
2025/11/17 00:19:53.507, NVIDIA A100-SXM4-40GB, 0, P0, 1095 MHz, 1215 MHz, 0 %, 0 %, 60.01 W
2025/11/17 00:19:53.711, NVIDIA A100-SXM4-40GB, 0, P0, 1095 MHz, 1215 MHz, 0 %, 0 %, 60.29 W
2025/11/17 00:19:53.914, NVIDIA A100-SXM4-40GB, 0, P0, 1095 MHz, 1215 MHz, 0 %, 0 %, 60.23 W
2025/11/17 00:19:54.118, NVIDIA A100-SXM4-40GB, 0, P0, 1095 MHz, 1215 MHz, 0 %, 0 %, 60.29 W
2025/11/17 00:19:54.322, NVIDIA A100-SXM4-40GB, 0, P0, 1095 MHz, 1215 MHz, 0 %, 0 %, 60.29 W
2025/11/17 00:19:54.525, NVIDIA A100-SXM4-40GB, 0, P0, 315 MHz, 1215 MHz, 0 %, 0 %, 53.99 W
2025/11/17 00:19:54.730, NVIDIA A100-SXM4-40GB, 0, P0, 285 MHz, 1215 MHz, 0 %, 0 %, 53.72 W
2025/11/17 00:19:54.933, NVIDIA A100-SXM4-40GB, 0, P0, 255 MHz, 1215 MHz, 0 %, 0 %, 53.66 W
2025/11/17 00:19:55.142, NVIDIA A100-SXM4-40GB, 0, P0, 210 MHz, 1215 MHz, 0 %, 0 %, 53.72 W
2025/11/17 00:19:55.350, NVIDIA A100-SXM4-40GB, 0, P0, 210 MHz, 1215 MHz, 0 %, 0 %, 53.89 W
2025/11/17 00:19:55.553, NVIDIA A100-SXM4-40GB, 0, P0, 210 MHz, 1215 MHz, 0 %, 0 %, 53.83 W
2025/11/17 00:19:55.757, NVIDIA A100-SXM4-40GB, 0, P0, 210 MHz, 1215 MHz, 0 %, 0 %, 53.61 W
2025/11/17 00:19:55.962, NVIDIA A100-SXM4-40GB, 0, P0, 210 MHz, 1215 MHz, 0 %, 0 %, 53.83 W
2025/11/17 00:19:56.168, NVIDIA A100-SXM4-40GB, 0, P0, 210 MHz, 1215 MHz, 0 %, 0 %, 53.50 W
2025/11/17 00:19:56.371, NVIDIA A100-SXM4-40GB, 0, P0, 210 MHz, 1215 MHz, 0 %, 0 %, 53.72 W
2025/11/17 00:19:56.575, NVIDIA A100-SXM4-40GB, 0, P0, 210 MHz, 1215 MHz, 0 %, 0 %, 53.61 W
2025/11/17 00:19:56.779, NVIDIA A100-SXM4-40GB, 0, P0, 210 MHz, 1215 MHz, 0 %, 0 %, 53.55 W
2025/11/17 00:19:56.983, NVIDIA A100-SXM4-40GB, 0, P0, 210 MHz, 1215 MHz, 0 %, 0 %, 53.77 W
2025/11/17 00:19:57.187, NVIDIA A100-SXM4-40GB, 0, P0, 210 MHz, 1215 MHz, 0 %, 0 %, 53.72 W
2025/11/17 00:19:57.390, NVIDIA A100-SXM4-40GB, 0, P0, 210 MHz, 1215 MHz, 0 %, 0 %, 53.61 W
2025/11/17 00:19:57.594, NVIDIA A100-SXM4-40GB, 0, P0, 210 MHz, 1215 MHz, 0 %, 0 %, 53.38 W
2025/11/17 00:19:57.798, NVIDIA A100-SXM4-40GB, 0, P0, 210 MHz, 1215 MHz, 0 %, 0 %, 53.50 W
2025/11/17 00:19:58.002, NVIDIA A100-SXM4-40GB, 0, P0, 210 MHz, 1215 MHz, 0 %, 0 %, 53.55 W
2025/11/17 00:19:58.205, NVIDIA A100-SXM4-40GB, 0, P0, 210 MHz, 1215 MHz, 0 %, 0 %, 53.89 W
2025/11/17 00:19:58.408, NVIDIA A100-SXM4-40GB, 0, P0, 210 MHz, 1215 MHz, 0 %, 0 %, 53.89 W
2025/11/17 00:19:58.612, NVIDIA A100-SXM4-40GB, 0, P0, 210 MHz, 1215 MHz, 0 %, 0 %, 53.94 W
2025/11/17 00:19:58.815, NVIDIA A100-SXM4-40GB, 0, P0, 210 MHz, 1215 MHz, 0 %, 0 %, 53.50 W
2025/11/17 00:19:59.019, NVIDIA A100-SXM4-40GB, 0, P0, 210 MHz, 1215 MHz, 0 %, 0 %, 53.94 W
2025/11/17 00:19:59.222, NVIDIA A100-SXM4-40GB, 0, P0, 210 MHz, 1215 MHz, 0 %, 0 %, 53.83 W
2025/11/17 00:19:59.426, NVIDIA A100-SXM4-40GB, 0, P0, 210 MHz, 1215 MHz, 0 %, 0 %, 53.83 W
2025/11/17 00:19:59.631, NVIDIA A100-SXM4-40GB, 0, P0, 210 MHz, 1215 MHz, 0 %, 0 %, 53.72 W
2025/11/17 00:19:59.834, NVIDIA A100-SXM4-40GB, 0, P0, 210 MHz, 1215 MHz, 0 %, 0 %, 53.72 W
2025/11/17 00:20:00.037, NVIDIA A100-SXM4-40GB, 0, P0, 210 MHz, 1215 MHz, 0 %, 0 %, 53.94 W
2025/11/17 00:20:00.241, NVIDIA A100-SXM4-40GB, 0, P0, 210 MHz, 1215 MHz, 0 %, 0 %, 53.72 W
2025/11/17 00:20:00.444, NVIDIA A100-SXM4-40GB, 0, P0, 210 MHz, 1215 MHz, 0 %, 0 %, 53.38 W
2025/11/17 00:20:00.648, NVIDIA A100-SXM4-40GB, 0, P0, 210 MHz, 1215 MHz, 0 %, 0 %, 53.77 W
2025/11/17 00:20:00.851, NVIDIA A100-SXM4-40GB, 0, P0, 210 MHz, 1215 MHz, 0 %, 0 %, 53.94 W
2025/11/17 00:20:01.055, NVIDIA A100-SXM4-40GB, 0, P0, 210 MHz, 1215 MHz, 0 %, 0 %, 53.94 W
2025/11/17 00:20:01.260, NVIDIA A100-SXM4-40GB, 0, P0, 210 MHz, 1215 MHz, 0 %, 0 %, 54.00 W
2025/11/17 00:20:01.464, NVIDIA A100-SXM4-40GB, 0, P0, 210 MHz, 1215 MHz, 0 %, 0 %, 53.72 W
2025/11/17 00:20:01.667, NVIDIA A100-SXM4-40GB, 0, P0, 210 MHz, 1215 MHz, 0 %, 0 %, 53.50 W
2025/11/17 00:20:01.871, NVIDIA A100-SXM4-40GB, 0, P0, 210 MHz, 1215 MHz, 0 %, 0 %, 54.00 W
2025/11/17 00:20:02.074, NVIDIA A100-SXM4-40GB, 0, P0, 210 MHz, 1215 MHz, 0 %, 0 %, 53.83 W
2025/11/17 00:20:02.277, NVIDIA A100-SXM4-40GB, 0, P0, 210 MHz, 1215 MHz, 0 %, 0 %, 53.89 W
2025/11/17 00:20:02.481, NVIDIA A100-SXM4-40GB, 0, P0, 210 MHz, 1215 MHz, 0 %, 0 %, 53.94 W
2025/11/17 00:20:02.684, NVIDIA A100-SXM4-40GB, 0, P0, 210 MHz, 1215 MHz, 0 %, 0 %, 53.83 W
2025/11/17 00:20:02.888, NVIDIA A100-SXM4-40GB, 0, P0, 210 MHz, 1215 MHz, 0 %, 0 %, 53.77 W
2025/11/17 00:20:03.092, NVIDIA A100-SXM4-40GB, 0, P0, 210 MHz, 1215 MHz, 0 %, 0 %, 53.72 W
2025/11/17 00:20:03.296, NVIDIA A100-SXM4-40GB, 0, P0, 210 MHz, 1215 MHz, 0 %, 0 %, 53.55 W
2025/11/17 00:20:03.499, NVIDIA A100-SXM4-40GB, 0, P0, 210 MHz, 1215 MHz, 0 %, 0 %, 53.44 W
2025/11/17 00:20:03.702, NVIDIA A100-SXM4-40GB, 0, P0, 210 MHz, 1215 MHz, 0 %, 0 %, 53.66 W
2025/11/17 00:20:03.906, NVIDIA A100-SXM4-40GB, 0, P0, 210 MHz, 1215 MHz, 0 %, 0 %, 53.50 W
2025/11/17 00:20:04.110, NVIDIA A100-SXM4-40GB, 0, P0, 210 MHz, 1215 MHz, 0 %, 0 %, 53.83 W
2025/11/17 00:20:04.314, NVIDIA A100-SXM4-40GB, 0, P0, 210 MHz, 1215 MHz, 0 %, 0 %, 53.83 W
2025/11/17 00:20:04.518, NVIDIA A100-SXM4-40GB, 0, P0, 210 MHz, 1215 MHz, 0 %, 0 %, 53.94 W
2025/11/17 00:20:04.724, NVIDIA A100-SXM4-40GB, 0, P0, 210 MHz, 1215 MHz, 0 %, 0 %, 53.33 W
2025/11/17 00:20:04.930, NVIDIA A100-SXM4-40GB, 0, P0, 210 MHz, 1215 MHz, 0 %, 0 %, 53.44 W
2025/11/17 00:20:05.136, NVIDIA A100-SXM4-40GB, 0, P0, 210 MHz, 1215 MHz, 0 %, 0 %, 53.55 W
2025/11/17 00:20:05.343, NVIDIA A100-SXM4-40GB, 0, P0, 210 MHz, 1215 MHz, 0 %, 0 %, 53.38 W
2025/11/17 00:20:05.551, NVIDIA A100-SXM4-40GB, 0, P0, 210 MHz, 1215 MHz, 0 %, 0 %, 53.44 W
2025/11/17 00:20:05.757, NVIDIA A100-SXM4-40GB, 0, P0, 210 MHz, 1215 MHz, 0 %, 0 %, 53.44 W
2025/11/17 00:20:05.963, NVIDIA A100-SXM4-40GB, 0, P0, 210 MHz, 1215 MHz, 0 %, 0 %, 53.44 W
2025/11/17 00:20:06.170, NVIDIA A100-SXM4-40GB, 0, P0, 210 MHz, 1215 MHz, 0 %, 0 %, 53.38 W
2025/11/17 00:20:06.375, NVIDIA A100-SXM4-40GB, 0, P0, 210 MHz, 1215 MHz, 0 %, 0 %, 53.38 W
2025/11/17 00:20:06.581, NVIDIA A100-SXM4-40GB, 0, P0, 210 MHz, 1215 MHz, 0 %, 0 %, 53.38 W
2025/11/17 00:20:06.787, NVIDIA A100-SXM4-40GB, 0, P0, 210 MHz, 1215 MHz, 0 %, 0 %, 53.38 W
2025/11/17 00:20:06.994, NVIDIA A100-SXM4-40GB, 0, P0, 210 MHz, 1215 MHz, 0 %, 0 %, 53.55 W
2025/11/17 00:20:07.201, NVIDIA A100-SXM4-40GB, 0, P0, 210 MHz, 1215 MHz, 0 %, 0 %, 53.55 W
2025/11/17 00:20:07.408, NVIDIA A100-SXM4-40GB, 0, P0, 210 MHz, 1215 MHz, 0 %, 0 %, 53.33 W
2025/11/17 00:20:07.615, NVIDIA A100-SXM4-40GB, 0, P0, 210 MHz, 1215 MHz, 0 %, 0 %, 53.27 W
2025/11/17 00:20:07.822, NVIDIA A100-SXM4-40GB, 0, P0, 210 MHz, 1215 MHz, 0 %, 0 %, 53.38 W
2025/11/17 00:20:08.028, NVIDIA A100-SXM4-40GB, 0, P0, 210 MHz, 1215 MHz, 0 %, 0 %, 53.44 W
2025/11/17 00:20:08.234, NVIDIA A100-SXM4-40GB, 0, P0, 210 MHz, 1215 MHz, 0 %, 0 %, 53.94 W
2025/11/17 00:20:08.442, NVIDIA A100-SXM4-40GB, 0, P0, 210 MHz, 1215 MHz, 0 %, 0 %, 53.55 W
2025/11/17 00:20:08.650, NVIDIA A100-SXM4-40GB, 0, P0, 210 MHz, 1215 MHz, 0 %, 0 %, 53.55 W
2025/11/17 00:20:08.856, NVIDIA A100-SXM4-40GB, 0, P0, 210 MHz, 1215 MHz, 0 %, 0 %, 53.50 W
2025/11/17 00:20:09.062, NVIDIA A100-SXM4-40GB, 0, P0, 210 MHz, 1215 MHz, 0 %, 0 %, 53.44 W
2025/11/17 00:20:09.273, NVIDIA A100-SXM4-40GB, 0, P0, 210 MHz, 1215 MHz, 0 %, 0 %, 53.61 W
2025/11/17 00:20:09.482, NVIDIA A100-SXM4-40GB, 0, P0, 210 MHz, 1215 MHz, 0 %, 0 %, 53.55 W
2025/11/17 00:20:09.691, NVIDIA A100-SXM4-40GB, 0, P0, 210 MHz, 1215 MHz, 0 %, 0 %, 53.61 W
2025/11/17 00:20:09.898, NVIDIA A100-SXM4-40GB, 0, P0, 210 MHz, 1215 MHz, 0 %, 0 %, 53.50 W
2025/11/17 00:20:10.105, NVIDIA A100-SXM4-40GB, 0, P0, 210 MHz, 1215 MHz, 0 %, 0 %, 53.50 W
2025/11/17 00:20:10.311, NVIDIA A100-SXM4-40GB, 0, P0, 210 MHz, 1215 MHz, 0 %, 0 %, 53.38 W
2025/11/17 00:20:10.519, NVIDIA A100-SXM4-40GB, 0, P0, 210 MHz, 1215 MHz, 0 %, 0 %, 53.55 W
2025/11/17 00:20:10.724, NVIDIA A100-SXM4-40GB, 0, P0, 210 MHz, 1215 MHz, 0 %, 0 %, 53.50 W
2025/11/17 00:20:10.930, NVIDIA A100-SXM4-40GB, 0, P0, 210 MHz, 1215 MHz, 0 %, 0 %, 53.44 W
2025/11/17 00:20:11.135, NVIDIA A100-SXM4-40GB, 0, P0, 210 MHz, 1215 MHz, 0 %, 0 %, 53.61 W
2025/11/17 00:20:11.341, NVIDIA A100-SXM4-40GB, 0, P0, 210 MHz, 1215 MHz, 0 %, 0 %, 53.33 W
2025/11/17 00:20:11.549, NVIDIA A100-SXM4-40GB, 0, P0, 210 MHz, 1215 MHz, 0 %, 0 %, 53.55 W
2025/11/17 00:20:11.754, NVIDIA A100-SXM4-40GB, 0, P0, 210 MHz, 1215 MHz, 0 %, 0 %, 53.61 W
2025/11/17 00:20:11.961, NVIDIA A100-SXM4-40GB, 0, P0, 210 MHz, 1215 MHz, 0 %, 0 %, 53.50 W
2025/11/17 00:20:12.166, NVIDIA A100-SXM4-40GB, 0, P0, 210 MHz, 1215 MHz, 0 %, 0 %, 53.66 W
2025/11/17 00:20:12.371, NVIDIA A100-SXM4-40GB, 0, P0, 210 MHz, 1215 MHz, 0 %, 0 %, 53.38 W
2025/11/17 00:20:12.574, NVIDIA A100-SXM4-40GB, 0, P0, 210 MHz, 1215 MHz, 0 %, 0 %, 53.33 W
2025/11/17 00:20:12.777, NVIDIA A100-SXM4-40GB, 0, P0, 210 MHz, 1215 MHz, 0 %, 0 %, 53.55 W
2025/11/17 00:20:12.981, NVIDIA A100-SXM4-40GB, 0, P0, 210 MHz, 1215 MHz, 0 %, 0 %, 53.50 W
2025/11/17 00:20:13.184, NVIDIA A100-SXM4-40GB, 0, P0, 210 MHz, 1215 MHz, 0 %, 0 %, 53.50 W
2025/11/17 00:20:13.388, NVIDIA A100-SXM4-40GB, 0, P0, 210 MHz, 1215 MHz, 0 %, 0 %, 53.61 W
2025/11/17 00:20:13.591, NVIDIA A100-SXM4-40GB, 0, P0, 210 MHz, 1215 MHz, 0 %, 0 %, 53.77 W
2025/11/17 00:20:13.795, NVIDIA A100-SXM4-40GB, 0, P0, 210 MHz, 1215 MHz, 0 %, 0 %, 53.50 W
2025/11/17 00:20:13.998, NVIDIA A100-SXM4-40GB, 0, P0, 210 MHz, 1215 MHz, 0 %, 0 %, 53.89 W
2025/11/17 00:20:14.202, NVIDIA A100-SXM4-40GB, 0, P0, 210 MHz, 1215 MHz, 0 %, 0 %, 53.50 W
2025/11/17 00:20:14.407, NVIDIA A100-SXM4-40GB, 0, P0, 210 MHz, 1215 MHz, 0 %, 0 %, 53.50 W
2025/11/17 00:20:14.610, NVIDIA A100-SXM4-40GB, 0, P0, 210 MHz, 1215 MHz, 0 %, 0 %, 53.33 W
2025/11/17 00:20:14.813, NVIDIA A100-SXM4-40GB, 0, P0, 210 MHz, 1215 MHz, 0 %, 0 %, 53.66 W
2025/11/17 00:20:15.017, NVIDIA A100-SXM4-40GB, 0, P0, 210 MHz, 1215 MHz, 0 %, 0 %, 53.61 W
2025/11/17 00:20:15.220, NVIDIA A100-SXM4-40GB, 0, P0, 210 MHz, 1215 MHz, 0 %, 0 %, 53.44 W
2025/11/17 00:20:15.424, NVIDIA A100-SXM4-40GB, 0, P0, 210 MHz, 1215 MHz, 0 %, 0 %, 53.44 W
2025/11/17 00:20:15.627, NVIDIA A100-SXM4-40GB, 0, P0, 210 MHz, 1215 MHz, 0 %, 0 %, 53.50 W
2025/11/17 00:20:15.831, NVIDIA A100-SXM4-40GB, 0, P0, 210 MHz, 1215 MHz, 0 %, 0 %, 53.44 W
2025/11/17 00:20:16.035, NVIDIA A100-SXM4-40GB, 0, P0, 210 MHz, 1215 MHz, 0 %, 0 %, 53.38 W
2025/11/17 00:20:16.239, NVIDIA A100-SXM4-40GB, 0, P0, 210 MHz, 1215 MHz, 0 %, 0 %, 53.44 W
2025/11/17 00:20:16.443, NVIDIA A100-SXM4-40GB, 0, P0, 210 MHz, 1215 MHz, 0 %, 0 %, 53.50 W
2025/11/17 00:20:16.646, NVIDIA A100-SXM4-40GB, 0, P0, 210 MHz, 1215 MHz, 0 %, 0 %, 53.38 W
2025/11/17 00:20:16.851, NVIDIA A100-SXM4-40GB, 0, P0, 210 MHz, 1215 MHz, 0 %, 0 %, 53.55 W
2025/11/17 00:20:17.055, NVIDIA A100-SXM4-40GB, 0, P0, 210 MHz, 1215 MHz, 0 %, 0 %, 53.44 W
2025/11/17 00:20:17.259, NVIDIA A100-SXM4-40GB, 0, P0, 210 MHz, 1215 MHz, 0 %, 0 %, 53.55 W
2025/11/17 00:20:17.464, NVIDIA A100-SXM4-40GB, 0, P0, 210 MHz, 1215 MHz, 0 %, 0 %, 53.27 W
2025/11/17 00:20:17.669, NVIDIA A100-SXM4-40GB, 0, P0, 210 MHz, 1215 MHz, 0 %, 0 %, 53.61 W
2025/11/17 00:20:17.874, NVIDIA A100-SXM4-40GB, 0, P0, 210 MHz, 1215 MHz, 0 %, 0 %, 53.44 W
2025/11/17 00:20:18.078, NVIDIA A100-SXM4-40GB, 0, P0, 210 MHz, 1215 MHz, 0 %, 0 %, 53.50 W
2025/11/17 00:20:18.282, NVIDIA A100-SXM4-40GB, 0, P0, 210 MHz, 1215 MHz, 0 %, 0 %, 53.72 W
2025/11/17 00:20:18.486, NVIDIA A100-SXM4-40GB, 0, P0, 210 MHz, 1215 MHz, 0 %, 0 %, 53.38 W
2025/11/17 00:20:18.689, NVIDIA A100-SXM4-40GB, 0, P0, 210 MHz, 1215 MHz, 0 %, 0 %, 53.72 W
2025/11/17 00:20:18.893, NVIDIA A100-SXM4-40GB, 0, P0, 210 MHz, 1215 MHz, 0 %, 0 %, 53.50 W
2025/11/17 00:20:19.097, NVIDIA A100-SXM4-40GB, 0, P0, 210 MHz, 1215 MHz, 0 %, 0 %, 53.61 W
2025/11/17 00:20:19.300, NVIDIA A100-SXM4-40GB, 0, P0, 210 MHz, 1215 MHz, 0 %, 0 %, 53.77 W
2025/11/17 00:20:19.504, NVIDIA A100-SXM4-40GB, 0, P0, 210 MHz, 1215 MHz, 0 %, 0 %, 53.55 W
2025/11/17 00:20:19.707, NVIDIA A100-SXM4-40GB, 0, P0, 210 MHz, 1215 MHz, 0 %, 0 %, 53.83 W
2025/11/17 00:20:19.911, NVIDIA A100-SXM4-40GB, 0, P0, 210 MHz, 1215 MHz, 0 %, 0 %, 53.50 W
2025/11/17 00:20:20.115, NVIDIA A100-SXM4-40GB, 0, P0, 210 MHz, 1215 MHz, 0 %, 0 %, 53.50 W
2025/11/17 00:20:20.318, NVIDIA A100-SXM4-40GB, 0, P0, 210 MHz, 1215 MHz, 0 %, 0 %, 53.55 W
2025/11/17 00:20:20.521, NVIDIA A100-SXM4-40GB, 0, P0, 210 MHz, 1215 MHz, 0 %, 0 %, 53.61 W
2025/11/17 00:20:20.726, NVIDIA A100-SXM4-40GB, 0, P0, 210 MHz, 1215 MHz, 0 %, 0 %, 53.50 W
2025/11/17 00:20:20.930, NVIDIA A100-SXM4-40GB, 0, P0, 210 MHz, 1215 MHz, 0 %, 0 %, 53.50 W
2025/11/17 00:20:21.133, NVIDIA A100-SXM4-40GB, 0, P0, 210 MHz, 1215 MHz, 0 %, 0 %, 53.44 W
2025/11/17 00:20:21.336, NVIDIA A100-SXM4-40GB, 0, P0, 210 MHz, 1215 MHz, 0 %, 0 %, 53.38 W
2025/11/17 00:20:21.540, NVIDIA A100-SXM4-40GB, 0, P0, 210 MHz, 1215 MHz, 0 %, 0 %, 53.44 W
2025/11/17 00:20:21.743, NVIDIA A100-SXM4-40GB, 0, P0, 210 MHz, 1215 MHz, 0 %, 0 %, 53.44 W
2025/11/17 00:20:21.947, NVIDIA A100-SXM4-40GB, 0, P0, 210 MHz, 1215 MHz, 0 %, 0 %, 53.50 W
2025/11/17 00:20:22.150, NVIDIA A100-SXM4-40GB, 0, P0, 210 MHz, 1215 MHz, 0 %, 0 %, 53.50 W
2025/11/17 00:20:22.353, NVIDIA A100-SXM4-40GB, 0, P0, 210 MHz, 1215 MHz, 0 %, 0 %, 53.77 W
2025/11/17 00:20:22.558, NVIDIA A100-SXM4-40GB, 0, P0, 210 MHz, 1215 MHz, 0 %, 0 %, 53.44 W
2025/11/17 00:20:22.762, NVIDIA A100-SXM4-40GB, 0, P0, 210 MHz, 1215 MHz, 0 %, 0 %, 53.50 W
2025/11/17 00:20:22.965, NVIDIA A100-SXM4-40GB, 0, P0, 210 MHz, 1215 MHz, 0 %, 0 %, 53.44 W
2025/11/17 00:20:23.168, NVIDIA A100-SXM4-40GB, 0, P0, 210 MHz, 1215 MHz, 0 %, 0 %, 53.33 W
2025/11/17 00:20:23.372, NVIDIA A100-SXM4-40GB, 0, P0, 210 MHz, 1215 MHz, 0 %, 0 %, 53.44 W
2025/11/17 00:20:23.575, NVIDIA A100-SXM4-40GB, 0, P0, 210 MHz, 1215 MHz, 0 %, 0 %, 53.33 W
2025/11/17 00:20:23.779, NVIDIA A100-SXM4-40GB, 0, P0, 210 MHz, 1215 MHz, 0 %, 0 %, 53.50 W
2025/11/17 00:20:23.982, NVIDIA A100-SXM4-40GB, 0, P0, 210 MHz, 1215 MHz, 0 %, 0 %, 53.50 W
2025/11/17 00:20:24.186, NVIDIA A100-SXM4-40GB, 0, P0, 210 MHz, 1215 MHz, 0 %, 0 %, 53.44 W
2025/11/17 00:20:24.390, NVIDIA A100-SXM4-40GB, 0, P0, 210 MHz, 1215 MHz, 0 %, 0 %, 53.33 W
2025/11/17 00:20:24.594, NVIDIA A100-SXM4-40GB, 0, P0, 210 MHz, 1215 MHz, 0 %, 0 %, 53.61 W
2025/11/17 00:20:24.797, NVIDIA A100-SXM4-40GB, 0, P0, 210 MHz, 1215 MHz, 0 %, 0 %, 53.38 W
2025/11/17 00:20:25.000, NVIDIA A100-SXM4-40GB, 0, P0, 210 MHz, 1215 MHz, 0 %, 0 %, 53.33 W
2025/11/17 00:20:25.204, NVIDIA A100-SXM4-40GB, 0, P0, 210 MHz, 1215 MHz, 0 %, 0 %, 53.44 W
2025/11/17 00:20:25.407, NVIDIA A100-SXM4-40GB, 0, P0, 210 MHz, 1215 MHz, 0 %, 0 %, 53.55 W
2025/11/17 00:20:25.611, NVIDIA A100-SXM4-40GB, 0, P0, 210 MHz, 1215 MHz, 0 %, 0 %, 53.50 W
2025/11/17 00:20:25.814, NVIDIA A100-SXM4-40GB, 0, P0, 210 MHz, 1215 MHz, 0 %, 0 %, 53.38 W
2025/11/17 00:20:26.017, NVIDIA A100-SXM4-40GB, 0, P0, 210 MHz, 1215 MHz, 0 %, 0 %, 53.50 W
2025/11/17 00:20:26.222, NVIDIA A100-SXM4-40GB, 0, P0, 210 MHz, 1215 MHz, 0 %, 0 %, 53.44 W
2025/11/17 00:20:26.425, NVIDIA A100-SXM4-40GB, 0, P0, 210 MHz, 1215 MHz, 0 %, 0 %, 53.44 W
2025/11/17 00:20:26.629, NVIDIA A100-SXM4-40GB, 0, P0, 210 MHz, 1215 MHz, 0 %, 0 %, 53.61 W
2025/11/17 00:20:26.832, NVIDIA A100-SXM4-40GB, 0, P0, 210 MHz, 1215 MHz, 0 %, 0 %, 53.38 W
2025/11/17 00:20:27.035, NVIDIA A100-SXM4-40GB, 0, P0, 210 MHz, 1215 MHz, 0 %, 0 %, 53.55 W
2025/11/17 00:20:27.239, NVIDIA A100-SXM4-40GB, 0, P0, 210 MHz, 1215 MHz, 0 %, 0 %, 53.55 W
2025/11/17 00:20:27.442, NVIDIA A100-SXM4-40GB, 0, P0, 210 MHz, 1215 MHz, 0 %, 0 %, 53.44 W
2025/11/17 00:20:27.646, NVIDIA A100-SXM4-40GB, 0, P0, 210 MHz, 1215 MHz, 0 %, 0 %, 53.33 W
2025/11/17 00:20:27.850, NVIDIA A100-SXM4-40GB, 0, P0, 210 MHz, 1215 MHz, 0 %, 0 %, 53.44 W
2025/11/17 00:20:28.055, NVIDIA A100-SXM4-40GB, 0, P0, 210 MHz, 1215 MHz, 0 %, 0 %, 53.66 W
2025/11/17 00:20:28.258, NVIDIA A100-SXM4-40GB, 0, P0, 210 MHz, 1215 MHz, 0 %, 0 %, 53.55 W
2025/11/17 00:20:28.462, NVIDIA A100-SXM4-40GB, 0, P0, 210 MHz, 1215 MHz, 0 %, 0 %, 53.55 W
2025/11/17 00:20:28.666, NVIDIA A100-SXM4-40GB, 0, P0, 210 MHz, 1215 MHz, 0 %, 0 %, 53.50 W
2025/11/17 00:20:28.870, NVIDIA A100-SXM4-40GB, 0, P0, 210 MHz, 1215 MHz, 0 %, 0 %, 53.50 W
2025/11/17 00:20:29.073, NVIDIA A100-SXM4-40GB, 0, P0, 210 MHz, 1215 MHz, 0 %, 0 %, 53.33 W
2025/11/17 00:20:29.277, NVIDIA A100-SXM4-40GB, 0, P0, 210 MHz, 1215 MHz, 0 %, 0 %, 53.27 W
2025/11/17 00:20:29.480, NVIDIA A100-SXM4-40GB, 0, P0, 210 MHz, 1215 MHz, 0 %, 0 %, 53.22 W
2025/11/17 00:20:29.684, NVIDIA A100-SXM4-40GB, 0, P0, 210 MHz, 1215 MHz, 0 %, 0 %, 53.61 W
2025/11/17 00:20:29.888, NVIDIA A100-SXM4-40GB, 0, P0, 210 MHz, 1215 MHz, 0 %, 0 %, 53.55 W
2025/11/17 00:20:30.091, NVIDIA A100-SXM4-40GB, 0, P0, 210 MHz, 1215 MHz, 0 %, 0 %, 53.61 W
2025/11/17 00:20:30.295, NVIDIA A100-SXM4-40GB, 0, P0, 210 MHz, 1215 MHz, 0 %, 0 %, 53.66 W
2025/11/17 00:20:30.498, NVIDIA A100-SXM4-40GB, 0, P0, 210 MHz, 1215 MHz, 0 %, 0 %, 53.83 W
2025/11/17 00:20:30.702, NVIDIA A100-SXM4-40GB, 0, P0, 210 MHz, 1215 MHz, 0 %, 0 %, 53.55 W
2025/11/17 00:20:30.905, NVIDIA A100-SXM4-40GB, 0, P0, 210 MHz, 1215 MHz, 0 %, 0 %, 53.55 W
2025/11/17 00:20:31.108, NVIDIA A100-SXM4-40GB, 0, P0, 210 MHz, 1215 MHz, 0 %, 0 %, 53.55 W
2025/11/17 00:20:31.312, NVIDIA A100-SXM4-40GB, 0, P0, 210 MHz, 1215 MHz, 0 %, 0 %, 53.44 W
2025/11/17 00:20:31.515, NVIDIA A100-SXM4-40GB, 0, P0, 210 MHz, 1215 MHz, 0 %, 0 %, 53.44 W
2025/11/17 00:20:31.721, NVIDIA A100-SXM4-40GB, 0, P0, 210 MHz, 1215 MHz, 0 %, 0 %, 53.66 W
2025/11/17 00:20:31.924, NVIDIA A100-SXM4-40GB, 0, P0, 210 MHz, 1215 MHz, 0 %, 0 %, 53.50 W
2025/11/17 00:20:32.127, NVIDIA A100-SXM4-40GB, 0, P0, 210 MHz, 1215 MHz, 0 %, 0 %, 53.61 W
2025/11/17 00:20:32.331, NVIDIA A100-SXM4-40GB, 0, P0, 210 MHz, 1215 MHz, 0 %, 0 %, 53.50 W
2025/11/17 00:20:32.534, NVIDIA A100-SXM4-40GB, 0, P0, 210 MHz, 1215 MHz, 0 %, 0 %, 53.61 W
2025/11/17 00:20:32.738, NVIDIA A100-SXM4-40GB, 0, P0, 210 MHz, 1215 MHz, 0 %, 0 %, 53.61 W
2025/11/17 00:20:32.941, NVIDIA A100-SXM4-40GB, 0, P0, 210 MHz, 1215 MHz, 0 %, 0 %, 53.61 W
2025/11/17 00:20:33.144, NVIDIA A100-SXM4-40GB, 0, P0, 210 MHz, 1215 MHz, 0 %, 0 %, 53.61 W
2025/11/17 00:20:33.349, NVIDIA A100-SXM4-40GB, 0, P0, 210 MHz, 1215 MHz, 0 %, 0 %, 53.55 W
2025/11/17 00:20:33.553, NVIDIA A100-SXM4-40GB, 0, P0, 210 MHz, 1215 MHz, 0 %, 0 %, 53.61 W
2025/11/17 00:20:33.756, NVIDIA A100-SXM4-40GB, 0, P0, 210 MHz, 1215 MHz, 0 %, 0 %, 53.61 W
2025/11/17 00:20:33.960, NVIDIA A100-SXM4-40GB, 0, P0, 210 MHz, 1215 MHz, 0 %, 0 %, 53.61 W
2025/11/17 00:20:34.163, NVIDIA A100-SXM4-40GB, 0, P0, 210 MHz, 1215 MHz, 0 %, 0 %, 53.61 W
2025/11/17 00:20:34.367, NVIDIA A100-SXM4-40GB, 0, P0, 210 MHz, 1215 MHz, 0 %, 0 %, 53.44 W
2025/11/17 00:20:34.570, NVIDIA A100-SXM4-40GB, 0, P0, 210 MHz, 1215 MHz, 0 %, 0 %, 53.44 W
2025/11/17 00:20:34.774, NVIDIA A100-SXM4-40GB, 0, P0, 210 MHz, 1215 MHz, 0 %, 0 %, 53.50 W
2025/11/17 00:20:34.978, NVIDIA A100-SXM4-40GB, 0, P0, 210 MHz, 1215 MHz, 0 %, 0 %, 53.38 W
2025/11/17 00:20:35.184, NVIDIA A100-SXM4-40GB, 0, P0, 210 MHz, 1215 MHz, 0 %, 0 %, 53.50 W
2025/11/17 00:20:35.387, NVIDIA A100-SXM4-40GB, 0, P0, 210 MHz, 1215 MHz, 0 %, 0 %, 53.44 W
2025/11/17 00:20:35.591, NVIDIA A100-SXM4-40GB, 0, P0, 210 MHz, 1215 MHz, 0 %, 0 %, 53.55 W
2025/11/17 00:20:35.794, NVIDIA A100-SXM4-40GB, 0, P0, 210 MHz, 1215 MHz, 0 %, 0 %, 53.44 W
2025/11/17 00:20:35.998, NVIDIA A100-SXM4-40GB, 0, P0, 210 MHz, 1215 MHz, 0 %, 0 %, 53.55 W
2025/11/17 00:20:36.202, NVIDIA A100-SXM4-40GB, 0, P0, 210 MHz, 1215 MHz, 0 %, 0 %, 53.44 W
2025/11/17 00:20:36.405, NVIDIA A100-SXM4-40GB, 0, P0, 210 MHz, 1215 MHz, 0 %, 0 %, 53.50 W
2025/11/17 00:20:36.609, NVIDIA A100-SXM4-40GB, 0, P0, 210 MHz, 1215 MHz, 0 %, 0 %, 53.55 W
2025/11/17 00:20:36.814, NVIDIA A100-SXM4-40GB, 0, P0, 210 MHz, 1215 MHz, 0 %, 0 %, 53.50 W
2025/11/17 00:20:37.018, NVIDIA A100-SXM4-40GB, 0, P0, 210 MHz, 1215 MHz, 0 %, 0 %, 53.50 W
2025/11/17 00:20:37.222, NVIDIA A100-SXM4-40GB, 0, P0, 210 MHz, 1215 MHz, 0 %, 0 %, 53.50 W
2025/11/17 00:20:37.425, NVIDIA A100-SXM4-40GB, 0, P0, 210 MHz, 1215 MHz, 0 %, 0 %, 53.38 W
2025/11/17 00:20:37.628, NVIDIA A100-SXM4-40GB, 0, P0, 210 MHz, 1215 MHz, 0 %, 0 %, 53.44 W
2025/11/17 00:20:37.832, NVIDIA A100-SXM4-40GB, 0, P0, 210 MHz, 1215 MHz, 0 %, 0 %, 53.38 W
2025/11/17 00:20:38.035, NVIDIA A100-SXM4-40GB, 0, P0, 210 MHz, 1215 MHz, 0 %, 0 %, 53.38 W
2025/11/17 00:20:38.239, NVIDIA A100-SXM4-40GB, 0, P0, 210 MHz, 1215 MHz, 0 %, 0 %, 53.50 W
2025/11/17 00:20:38.443, NVIDIA A100-SXM4-40GB, 0, P0, 210 MHz, 1215 MHz, 0 %, 0 %, 53.50 W
2025/11/17 00:20:38.646, NVIDIA A100-SXM4-40GB, 0, P0, 210 MHz, 1215 MHz, 0 %, 0 %, 53.38 W
2025/11/17 00:20:38.850, NVIDIA A100-SXM4-40GB, 0, P0, 210 MHz, 1215 MHz, 0 %, 0 %, 53.33 W
2025/11/17 00:20:39.053, NVIDIA A100-SXM4-40GB, 0, P0, 210 MHz, 1215 MHz, 0 %, 0 %, 53.61 W
2025/11/17 00:20:39.256, NVIDIA A100-SXM4-40GB, 0, P0, 210 MHz, 1215 MHz, 0 %, 0 %, 53.50 W
2025/11/17 00:20:39.460, NVIDIA A100-SXM4-40GB, 0, P0, 210 MHz, 1215 MHz, 0 %, 0 %, 53.55 W
2025/11/17 00:20:39.663, NVIDIA A100-SXM4-40GB, 0, P0, 210 MHz, 1215 MHz, 0 %, 0 %, 53.50 W
2025/11/17 00:20:39.867, NVIDIA A100-SXM4-40GB, 0, P0, 210 MHz, 1215 MHz, 0 %, 0 %, 53.44 W
2025/11/17 00:20:40.070, NVIDIA A100-SXM4-40GB, 0, P0, 210 MHz, 1215 MHz, 0 %, 0 %, 53.33 W
2025/11/17 00:20:40.275, NVIDIA A100-SXM4-40GB, 0, P0, 210 MHz, 1215 MHz, 0 %, 0 %, 53.44 W
2025/11/17 00:20:40.479, NVIDIA A100-SXM4-40GB, 0, P0, 210 MHz, 1215 MHz, 0 %, 0 %, 53.55 W
2025/11/17 00:20:40.682, NVIDIA A100-SXM4-40GB, 0, P0, 210 MHz, 1215 MHz, 0 %, 0 %, 53.44 W
2025/11/17 00:20:40.886, NVIDIA A100-SXM4-40GB, 0, P0, 210 MHz, 1215 MHz, 0 %, 0 %, 52.90 W
2025/11/17 00:20:41.089, NVIDIA A100-SXM4-40GB, 0, P0, 210 MHz, 1215 MHz, 0 %, 0 %, 53.50 W
2025/11/17 00:20:41.293, NVIDIA A100-SXM4-40GB, 0, P0, 210 MHz, 1215 MHz, 0 %, 0 %, 53.44 W
2025/11/17 00:20:41.496, NVIDIA A100-SXM4-40GB, 0, P0, 210 MHz, 1215 MHz, 0 %, 0 %, 53.38 W
2025/11/17 00:20:41.699, NVIDIA A100-SXM4-40GB, 0, P0, 210 MHz, 1215 MHz, 0 %, 0 %, 52.95 W
2025/11/17 00:20:41.903, NVIDIA A100-SXM4-40GB, 0, P0, 210 MHz, 1215 MHz, 0 %, 0 %, 53.44 W
2025/11/17 00:20:42.107, NVIDIA A100-SXM4-40GB, 0, P0, 210 MHz, 1215 MHz, 0 %, 0 %, 53.33 W
2025/11/17 00:20:42.311, NVIDIA A100-SXM4-40GB, 0, P0, 210 MHz, 1215 MHz, 0 %, 0 %, 53.44 W
2025/11/17 00:20:42.515, NVIDIA A100-SXM4-40GB, 0, P0, 210 MHz, 1215 MHz, 0 %, 0 %, 53.33 W
2025/11/17 00:20:42.719, NVIDIA A100-SXM4-40GB, 0, P0, 210 MHz, 1215 MHz, 0 %, 0 %, 52.90 W
2025/11/17 00:20:42.922, NVIDIA A100-SXM4-40GB, 0, P0, 210 MHz, 1215 MHz, 0 %, 0 %, 53.50 W
2025/11/17 00:20:43.126, NVIDIA A100-SXM4-40GB, 0, P0, 210 MHz, 1215 MHz, 0 %, 0 %, 53.27 W
2025/11/17 00:20:43.329, NVIDIA A100-SXM4-40GB, 0, P0, 210 MHz, 1215 MHz, 0 %, 0 %, 53.55 W
2025/11/17 00:20:43.533, NVIDIA A100-SXM4-40GB, 0, P0, 210 MHz, 1215 MHz, 0 %, 0 %, 52.90 W
2025/11/17 00:20:43.736, NVIDIA A100-SXM4-40GB, 0, P0, 210 MHz, 1215 MHz, 0 %, 0 %, 53.61 W
2025/11/17 00:20:43.942, NVIDIA A100-SXM4-40GB, 0, P0, 210 MHz, 1215 MHz, 0 %, 0 %, 53.44 W
2025/11/17 00:20:44.145, NVIDIA A100-SXM4-40GB, 0, P0, 210 MHz, 1215 MHz, 0 %, 0 %, 53.38 W
2025/11/17 00:20:44.349, NVIDIA A100-SXM4-40GB, 0, P0, 210 MHz, 1215 MHz, 0 %, 0 %, 53.50 W
2025/11/17 00:20:44.552, NVIDIA A100-SXM4-40GB, 0, P0, 210 MHz, 1215 MHz, 0 %, 0 %, 53.55 W
2025/11/17 00:20:44.756, NVIDIA A100-SXM4-40GB, 0, P0, 210 MHz, 1215 MHz, 0 %, 0 %, 53.55 W
2025/11/17 00:20:44.959, NVIDIA A100-SXM4-40GB, 0, P0, 210 MHz, 1215 MHz, 0 %, 0 %, 53.61 W
2025/11/17 00:20:45.162, NVIDIA A100-SXM4-40GB, 0, P0, 210 MHz, 1215 MHz, 0 %, 0 %, 53.38 W
2025/11/17 00:20:45.366, NVIDIA A100-SXM4-40GB, 0, P0, 210 MHz, 1215 MHz, 0 %, 0 %, 53.44 W
2025/11/17 00:20:45.570, NVIDIA A100-SXM4-40GB, 0, P0, 210 MHz, 1215 MHz, 0 %, 0 %, 53.44 W
2025/11/17 00:20:45.774, NVIDIA A100-SXM4-40GB, 0, P0, 210 MHz, 1215 MHz, 0 %, 0 %, 53.55 W
2025/11/17 00:20:45.977, NVIDIA A100-SXM4-40GB, 0, P0, 210 MHz, 1215 MHz, 0 %, 0 %, 53.61 W
2025/11/17 00:20:46.180, NVIDIA A100-SXM4-40GB, 0, P0, 210 MHz, 1215 MHz, 0 %, 0 %, 53.55 W
2025/11/17 00:20:46.384, NVIDIA A100-SXM4-40GB, 0, P0, 210 MHz, 1215 MHz, 0 %, 0 %, 53.61 W
2025/11/17 00:20:46.587, NVIDIA A100-SXM4-40GB, 0, P0, 210 MHz, 1215 MHz, 0 %, 0 %, 53.50 W
2025/11/17 00:20:46.791, NVIDIA A100-SXM4-40GB, 0, P0, 210 MHz, 1215 MHz, 0 %, 0 %, 53.50 W
2025/11/17 00:20:46.994, NVIDIA A100-SXM4-40GB, 0, P0, 210 MHz, 1215 MHz, 0 %, 0 %, 53.61 W
2025/11/17 00:20:47.198, NVIDIA A100-SXM4-40GB, 0, P0, 210 MHz, 1215 MHz, 0 %, 0 %, 53.50 W
2025/11/17 00:20:47.402, NVIDIA A100-SXM4-40GB, 0, P0, 210 MHz, 1215 MHz, 0 %, 0 %, 53.55 W
2025/11/17 00:20:47.606, NVIDIA A100-SXM4-40GB, 0, P0, 210 MHz, 1215 MHz, 0 %, 0 %, 53.33 W
2025/11/17 00:20:47.810, NVIDIA A100-SXM4-40GB, 0, P0, 210 MHz, 1215 MHz, 0 %, 0 %, 53.44 W
2025/11/17 00:20:48.013, NVIDIA A100-SXM4-40GB, 0, P0, 210 MHz, 1215 MHz, 0 %, 0 %, 53.55 W
2025/11/17 00:20:48.216, NVIDIA A100-SXM4-40GB, 0, P0, 210 MHz, 1215 MHz, 0 %, 0 %, 53.44 W
2025/11/17 00:20:48.420, NVIDIA A100-SXM4-40GB, 0, P0, 210 MHz, 1215 MHz, 0 %, 0 %, 53.61 W
2025/11/17 00:20:48.624, NVIDIA A100-SXM4-40GB, 0, P0, 210 MHz, 1215 MHz, 0 %, 0 %, 53.38 W
2025/11/17 00:20:48.827, NVIDIA A100-SXM4-40GB, 0, P0, 210 MHz, 1215 MHz, 0 %, 0 %, 53.55 W
2025/11/17 00:20:49.030, NVIDIA A100-SXM4-40GB, 0, P0, 210 MHz, 1215 MHz, 0 %, 0 %, 53.66 W
2025/11/17 00:20:49.234, NVIDIA A100-SXM4-40GB, 0, P0, 210 MHz, 1215 MHz, 0 %, 0 %, 53.44 W
2025/11/17 00:20:49.439, NVIDIA A100-SXM4-40GB, 0, P0, 210 MHz, 1215 MHz, 0 %, 0 %, 53.44 W
2025/11/17 00:20:49.642, NVIDIA A100-SXM4-40GB, 0, P0, 210 MHz, 1215 MHz, 0 %, 0 %, 53.61 W
2025/11/17 00:20:49.846, NVIDIA A100-SXM4-40GB, 0, P0, 210 MHz, 1215 MHz, 0 %, 0 %, 53.72 W
2025/11/17 00:20:50.049, NVIDIA A100-SXM4-40GB, 0, P0, 210 MHz, 1215 MHz, 0 %, 0 %, 53.22 W
2025/11/17 00:20:50.253, NVIDIA A100-SXM4-40GB, 0, P0, 210 MHz, 1215 MHz, 0 %, 0 %, 53.50 W
2025/11/17 00:20:50.456, NVIDIA A100-SXM4-40GB, 0, P0, 210 MHz, 1215 MHz, 0 %, 0 %, 53.55 W
2025/11/17 00:20:50.659, NVIDIA A100-SXM4-40GB, 0, P0, 210 MHz, 1215 MHz, 0 %, 0 %, 53.33 W
2025/11/17 00:20:50.863, NVIDIA A100-SXM4-40GB, 0, P0, 210 MHz, 1215 MHz, 0 %, 0 %, 53.72 W
2025/11/17 00:20:51.068, NVIDIA A100-SXM4-40GB, 0, P0, 210 MHz, 1215 MHz, 0 %, 0 %, 53.50 W
2025/11/17 00:20:51.272, NVIDIA A100-SXM4-40GB, 0, P0, 210 MHz, 1215 MHz, 0 %, 0 %, 53.55 W
2025/11/17 00:20:51.475, NVIDIA A100-SXM4-40GB, 0, P0, 210 MHz, 1215 MHz, 0 %, 0 %, 53.50 W
2025/11/17 00:20:51.678, NVIDIA A100-SXM4-40GB, 0, P0, 210 MHz, 1215 MHz, 0 %, 0 %, 53.66 W
2025/11/17 00:20:51.882, NVIDIA A100-SXM4-40GB, 0, P0, 210 MHz, 1215 MHz, 0 %, 0 %, 53.66 W
2025/11/17 00:20:52.085, NVIDIA A100-SXM4-40GB, 0, P0, 210 MHz, 1215 MHz, 0 %, 0 %, 53.38 W
2025/11/17 00:20:52.289, NVIDIA A100-SXM4-40GB, 0, P0, 210 MHz, 1215 MHz, 0 %, 0 %, 53.50 W
2025/11/17 00:20:52.493, NVIDIA A100-SXM4-40GB, 0, P0, 210 MHz, 1215 MHz, 0 %, 0 %, 53.50 W
2025/11/17 00:20:52.696, NVIDIA A100-SXM4-40GB, 0, P0, 210 MHz, 1215 MHz, 0 %, 0 %, 53.66 W
2025/11/17 00:20:52.901, NVIDIA A100-SXM4-40GB, 0, P0, 210 MHz, 1215 MHz, 0 %, 0 %, 53.50 W
2025/11/17 00:20:53.104, NVIDIA A100-SXM4-40GB, 0, P0, 210 MHz, 1215 MHz, 0 %, 0 %, 53.66 W
2025/11/17 00:20:53.308, NVIDIA A100-SXM4-40GB, 0, P0, 210 MHz, 1215 MHz, 0 %, 0 %, 53.44 W
2025/11/17 00:20:53.511, NVIDIA A100-SXM4-40GB, 0, P0, 210 MHz, 1215 MHz, 0 %, 0 %, 53.50 W
2025/11/17 00:20:53.715, NVIDIA A100-SXM4-40GB, 0, P0, 210 MHz, 1215 MHz, 0 %, 0 %, 53.66 W
2025/11/17 00:20:53.919, NVIDIA A100-SXM4-40GB, 0, P0, 210 MHz, 1215 MHz, 0 %, 0 %, 53.55 W
2025/11/17 00:20:54.123, NVIDIA A100-SXM4-40GB, 0, P0, 210 MHz, 1215 MHz, 0 %, 0 %, 53.72 W
2025/11/17 00:20:54.327, NVIDIA A100-SXM4-40GB, 0, P0, 210 MHz, 1215 MHz, 0 %, 0 %, 53.89 W
2025/11/17 00:20:54.531, NVIDIA A100-SXM4-40GB, 0, P0, 210 MHz, 1215 MHz, 0 %, 0 %, 53.72 W
2025/11/17 00:20:54.737, NVIDIA A100-SXM4-40GB, 0, P0, 210 MHz, 1215 MHz, 0 %, 0 %, 53.55 W
2025/11/17 00:20:54.941, NVIDIA A100-SXM4-40GB, 0, P0, 210 MHz, 1215 MHz, 0 %, 0 %, 53.72 W
2025/11/17 00:20:55.145, NVIDIA A100-SXM4-40GB, 0, P0, 210 MHz, 1215 MHz, 0 %, 0 %, 53.50 W
2025/11/17 00:20:55.348, NVIDIA A100-SXM4-40GB, 0, P0, 210 MHz, 1215 MHz, 0 %, 0 %, 53.72 W
2025/11/17 00:20:55.552, NVIDIA A100-SXM4-40GB, 0, P0, 210 MHz, 1215 MHz, 0 %, 0 %, 53.66 W
2025/11/17 00:20:55.755, NVIDIA A100-SXM4-40GB, 0, P0, 210 MHz, 1215 MHz, 0 %, 0 %, 53.55 W
2025/11/17 00:20:55.958, NVIDIA A100-SXM4-40GB, 0, P0, 210 MHz, 1215 MHz, 0 %, 0 %, 53.72 W
2025/11/17 00:20:56.162, NVIDIA A100-SXM4-40GB, 0, P0, 210 MHz, 1215 MHz, 0 %, 0 %, 53.27 W
2025/11/17 00:20:56.367, NVIDIA A100-SXM4-40GB, 0, P0, 210 MHz, 1215 MHz, 0 %, 0 %, 53.72 W
2025/11/17 00:20:56.570, NVIDIA A100-SXM4-40GB, 0, P0, 210 MHz, 1215 MHz, 0 %, 0 %, 53.44 W
2025/11/17 00:20:56.774, NVIDIA A100-SXM4-40GB, 0, P0, 210 MHz, 1215 MHz, 0 %, 0 %, 53.66 W
2025/11/17 00:20:56.977, NVIDIA A100-SXM4-40GB, 0, P0, 210 MHz, 1215 MHz, 0 %, 0 %, 53.50 W
2025/11/17 00:20:57.180, NVIDIA A100-SXM4-40GB, 0, P0, 210 MHz, 1215 MHz, 0 %, 0 %, 53.66 W
2025/11/17 00:20:57.384, NVIDIA A100-SXM4-40GB, 0, P0, 210 MHz, 1215 MHz, 0 %, 0 %, 53.66 W
2025/11/17 00:20:57.587, NVIDIA A100-SXM4-40GB, 0, P0, 210 MHz, 1215 MHz, 0 %, 0 %, 53.61 W
2025/11/17 00:20:57.791, NVIDIA A100-SXM4-40GB, 0, P0, 210 MHz, 1215 MHz, 0 %, 0 %, 53.66 W
2025/11/17 00:20:57.995, NVIDIA A100-SXM4-40GB, 0, P0, 210 MHz, 1215 MHz, 0 %, 0 %, 53.61 W
2025/11/17 00:20:58.199, NVIDIA A100-SXM4-40GB, 0, P0, 210 MHz, 1215 MHz, 0 %, 0 %, 53.50 W
2025/11/17 00:20:58.402, NVIDIA A100-SXM4-40GB, 0, P0, 210 MHz, 1215 MHz, 0 %, 0 %, 53.55 W
2025/11/17 00:20:58.605, NVIDIA A100-SXM4-40GB, 0, P0, 210 MHz, 1215 MHz, 0 %, 0 %, 53.66 W
2025/11/17 00:20:58.809, NVIDIA A100-SXM4-40GB, 0, P0, 210 MHz, 1215 MHz, 0 %, 0 %, 53.66 W
2025/11/17 00:20:59.012, NVIDIA A100-SXM4-40GB, 0, P0, 210 MHz, 1215 MHz, 0 %, 0 %, 53.61 W
2025/11/17 00:20:59.216, NVIDIA A100-SXM4-40GB, 0, P0, 210 MHz, 1215 MHz, 0 %, 0 %, 53.61 W
2025/11/17 00:20:59.419, NVIDIA A100-SXM4-40GB, 0, P0, 210 MHz, 1215 MHz, 0 %, 0 %, 53.50 W
2025/11/17 00:20:59.623, NVIDIA A100-SXM4-40GB, 0, P0, 210 MHz, 1215 MHz, 0 %, 0 %, 53.72 W
2025/11/17 00:20:59.829, NVIDIA A100-SXM4-40GB, 0, P0, 210 MHz, 1215 MHz, 0 %, 0 %, 53.55 W
2025/11/17 00:21:00.032, NVIDIA A100-SXM4-40GB, 0, P0, 210 MHz, 1215 MHz, 0 %, 0 %, 53.66 W
2025/11/17 00:21:00.235, NVIDIA A100-SXM4-40GB, 0, P0, 210 MHz, 1215 MHz, 0 %, 0 %, 53.50 W
2025/11/17 00:21:00.439, NVIDIA A100-SXM4-40GB, 0, P0, 210 MHz, 1215 MHz, 0 %, 0 %, 53.55 W
2025/11/17 00:21:00.642, NVIDIA A100-SXM4-40GB, 0, P0, 210 MHz, 1215 MHz, 0 %, 0 %, 53.66 W
2025/11/17 00:21:00.845, NVIDIA A100-SXM4-40GB, 0, P0, 210 MHz, 1215 MHz, 0 %, 0 %, 53.61 W
2025/11/17 00:21:01.049, NVIDIA A100-SXM4-40GB, 0, P0, 210 MHz, 1215 MHz, 0 %, 0 %, 53.44 W
2025/11/17 00:21:01.252, NVIDIA A100-SXM4-40GB, 0, P0, 210 MHz, 1215 MHz, 0 %, 0 %, 53.66 W
2025/11/17 00:21:01.456, NVIDIA A100-SXM4-40GB, 0, P0, 210 MHz, 1215 MHz, 0 %, 0 %, 53.61 W
2025/11/17 00:21:01.660, NVIDIA A100-SXM4-40GB, 0, P0, 210 MHz, 1215 MHz, 0 %, 0 %, 53.66 W
2025/11/17 00:21:01.863, NVIDIA A100-SXM4-40GB, 0, P0, 210 MHz, 1215 MHz, 0 %, 0 %, 53.55 W
2025/11/17 00:21:02.067, NVIDIA A100-SXM4-40GB, 0, P0, 210 MHz, 1215 MHz, 0 %, 0 %, 53.55 W
2025/11/17 00:21:02.270, NVIDIA A100-SXM4-40GB, 0, P0, 210 MHz, 1215 MHz, 0 %, 0 %, 53.50 W
2025/11/17 00:21:02.473, NVIDIA A100-SXM4-40GB, 0, P0, 210 MHz, 1215 MHz, 0 %, 0 %, 53.66 W
2025/11/17 00:21:02.677, NVIDIA A100-SXM4-40GB, 0, P0, 210 MHz, 1215 MHz, 0 %, 0 %, 53.61 W
2025/11/17 00:21:02.880, NVIDIA A100-SXM4-40GB, 0, P0, 210 MHz, 1215 MHz, 0 %, 0 %, 53.44 W
2025/11/17 00:21:03.085, NVIDIA A100-SXM4-40GB, 0, P0, 210 MHz, 1215 MHz, 0 %, 0 %, 53.55 W
2025/11/17 00:21:03.290, NVIDIA A100-SXM4-40GB, 0, P0, 210 MHz, 1215 MHz, 0 %, 0 %, 53.66 W
2025/11/17 00:21:03.493, NVIDIA A100-SXM4-40GB, 0, P0, 210 MHz, 1215 MHz, 0 %, 0 %, 53.38 W
2025/11/17 00:21:03.697, NVIDIA A100-SXM4-40GB, 0, P0, 210 MHz, 1215 MHz, 0 %, 0 %, 53.38 W
2025/11/17 00:21:03.900, NVIDIA A100-SXM4-40GB, 0, P0, 210 MHz, 1215 MHz, 0 %, 0 %, 53.66 W
2025/11/17 00:21:04.103, NVIDIA A100-SXM4-40GB, 0, P0, 210 MHz, 1215 MHz, 0 %, 0 %, 53.55 W
2025/11/17 00:21:04.307, NVIDIA A100-SXM4-40GB, 0, P0, 210 MHz, 1215 MHz, 0 %, 0 %, 53.66 W
2025/11/17 00:21:04.510, NVIDIA A100-SXM4-40GB, 0, P0, 210 MHz, 1215 MHz, 0 %, 0 %, 53.33 W
2025/11/17 00:21:04.713, NVIDIA A100-SXM4-40GB, 0, P0, 210 MHz, 1215 MHz, 0 %, 0 %, 53.61 W
2025/11/17 00:21:04.917, NVIDIA A100-SXM4-40GB, 0, P0, 210 MHz, 1215 MHz, 0 %, 0 %, 53.66 W
2025/11/17 00:21:05.121, NVIDIA A100-SXM4-40GB, 0, P0, 210 MHz, 1215 MHz, 0 %, 0 %, 53.66 W
2025/11/17 00:21:05.325, NVIDIA A100-SXM4-40GB, 0, P0, 210 MHz, 1215 MHz, 0 %, 0 %, 53.72 W
2025/11/17 00:21:05.528, NVIDIA A100-SXM4-40GB, 0, P0, 210 MHz, 1215 MHz, 0 %, 0 %, 53.44 W
2025/11/17 00:21:05.732, NVIDIA A100-SXM4-40GB, 0, P0, 210 MHz, 1215 MHz, 0 %, 0 %, 53.55 W
2025/11/17 00:21:05.935, NVIDIA A100-SXM4-40GB, 0, P0, 210 MHz, 1215 MHz, 0 %, 0 %, 53.55 W
2025/11/17 00:21:06.139, NVIDIA A100-SXM4-40GB, 0, P0, 210 MHz, 1215 MHz, 0 %, 0 %, 53.72 W
2025/11/17 00:21:06.342, NVIDIA A100-SXM4-40GB, 0, P0, 210 MHz, 1215 MHz, 0 %, 0 %, 53.38 W
2025/11/17 00:21:06.545, NVIDIA A100-SXM4-40GB, 0, P0, 210 MHz, 1215 MHz, 0 %, 0 %, 53.72 W
2025/11/17 00:21:06.749, NVIDIA A100-SXM4-40GB, 0, P0, 210 MHz, 1215 MHz, 0 %, 0 %, 53.66 W
2025/11/17 00:21:06.953, NVIDIA A100-SXM4-40GB, 0, P0, 210 MHz, 1215 MHz, 0 %, 0 %, 53.55 W
2025/11/17 00:21:07.156, NVIDIA A100-SXM4-40GB, 0, P0, 210 MHz, 1215 MHz, 0 %, 0 %, 53.72 W
2025/11/17 00:21:07.360, NVIDIA A100-SXM4-40GB, 0, P0, 210 MHz, 1215 MHz, 0 %, 0 %, 53.55 W
2025/11/17 00:21:07.563, NVIDIA A100-SXM4-40GB, 0, P0, 210 MHz, 1215 MHz, 0 %, 0 %, 53.55 W
2025/11/17 00:21:07.767, NVIDIA A100-SXM4-40GB, 0, P0, 210 MHz, 1215 MHz, 0 %, 0 %, 53.55 W
2025/11/17 00:21:07.970, NVIDIA A100-SXM4-40GB, 0, P0, 210 MHz, 1215 MHz, 0 %, 0 %, 53.55 W
2025/11/17 00:21:08.173, NVIDIA A100-SXM4-40GB, 0, P0, 210 MHz, 1215 MHz, 0 %, 0 %, 53.66 W
2025/11/17 00:21:08.377, NVIDIA A100-SXM4-40GB, 0, P0, 210 MHz, 1215 MHz, 0 %, 0 %, 53.50 W
2025/11/17 00:21:08.581, NVIDIA A100-SXM4-40GB, 0, P0, 210 MHz, 1215 MHz, 0 %, 0 %, 53.66 W
2025/11/17 00:21:08.787, NVIDIA A100-SXM4-40GB, 0, P0, 210 MHz, 1215 MHz, 0 %, 0 %, 53.50 W
2025/11/17 00:21:08.990, NVIDIA A100-SXM4-40GB, 0, P0, 210 MHz, 1215 MHz, 0 %, 0 %, 53.66 W
2025/11/17 00:21:09.194, NVIDIA A100-SXM4-40GB, 0, P0, 210 MHz, 1215 MHz, 0 %, 0 %, 53.33 W
2025/11/17 00:21:09.397, NVIDIA A100-SXM4-40GB, 0, P0, 210 MHz, 1215 MHz, 0 %, 0 %, 53.61 W
2025/11/17 00:21:09.600, NVIDIA A100-SXM4-40GB, 0, P0, 210 MHz, 1215 MHz, 0 %, 0 %, 53.27 W
2025/11/17 00:21:09.803, NVIDIA A100-SXM4-40GB, 0, P0, 210 MHz, 1215 MHz, 0 %, 0 %, 53.55 W
2025/11/17 00:21:10.007, NVIDIA A100-SXM4-40GB, 0, P0, 210 MHz, 1215 MHz, 0 %, 0 %, 53.72 W
2025/11/17 00:21:10.210, NVIDIA A100-SXM4-40GB, 0, P0, 210 MHz, 1215 MHz, 0 %, 0 %, 53.50 W
2025/11/17 00:21:10.414, NVIDIA A100-SXM4-40GB, 0, P0, 210 MHz, 1215 MHz, 0 %, 0 %, 53.61 W
2025/11/17 00:21:10.618, NVIDIA A100-SXM4-40GB, 0, P0, 210 MHz, 1215 MHz, 0 %, 0 %, 53.55 W
2025/11/17 00:21:10.822, NVIDIA A100-SXM4-40GB, 0, P0, 210 MHz, 1215 MHz, 0 %, 0 %, 53.50 W
2025/11/17 00:21:11.025, NVIDIA A100-SXM4-40GB, 0, P0, 210 MHz, 1215 MHz, 0 %, 0 %, 53.61 W
2025/11/17 00:21:11.229, NVIDIA A100-SXM4-40GB, 0, P0, 210 MHz, 1215 MHz, 0 %, 0 %, 53.89 W
2025/11/17 00:21:11.432, NVIDIA A100-SXM4-40GB, 0, P0, 210 MHz, 1215 MHz, 0 %, 0 %, 53.66 W
2025/11/17 00:21:11.636, NVIDIA A100-SXM4-40GB, 0, P0, 210 MHz, 1215 MHz, 0 %, 0 %, 53.83 W
2025/11/17 00:21:11.840, NVIDIA A100-SXM4-40GB, 0, P0, 210 MHz, 1215 MHz, 0 %, 0 %, 53.61 W
2025/11/17 00:21:12.044, NVIDIA A100-SXM4-40GB, 0, P0, 210 MHz, 1215 MHz, 0 %, 0 %, 53.38 W
2025/11/17 00:21:12.249, NVIDIA A100-SXM4-40GB, 0, P0, 210 MHz, 1215 MHz, 0 %, 0 %, 53.66 W
2025/11/17 00:21:12.453, NVIDIA A100-SXM4-40GB, 0, P0, 210 MHz, 1215 MHz, 0 %, 0 %, 53.55 W
2025/11/17 00:21:12.657, NVIDIA A100-SXM4-40GB, 0, P0, 210 MHz, 1215 MHz, 0 %, 0 %, 53.61 W
2025/11/17 00:21:12.860, NVIDIA A100-SXM4-40GB, 0, P0, 210 MHz, 1215 MHz, 0 %, 0 %, 53.61 W
2025/11/17 00:21:13.064, NVIDIA A100-SXM4-40GB, 0, P0, 210 MHz, 1215 MHz, 0 %, 0 %, 53.55 W
2025/11/17 00:21:13.267, NVIDIA A100-SXM4-40GB, 0, P0, 210 MHz, 1215 MHz, 0 %, 0 %, 53.50 W
2025/11/17 00:21:13.470, NVIDIA A100-SXM4-40GB, 0, P0, 210 MHz, 1215 MHz, 0 %, 0 %, 53.61 W
2025/11/17 00:21:13.674, NVIDIA A100-SXM4-40GB, 0, P0, 210 MHz, 1215 MHz, 0 %, 0 %, 53.50 W
2025/11/17 00:21:13.878, NVIDIA A100-SXM4-40GB, 0, P0, 210 MHz, 1215 MHz, 0 %, 0 %, 53.61 W
2025/11/17 00:21:14.083, NVIDIA A100-SXM4-40GB, 0, P0, 210 MHz, 1215 MHz, 0 %, 0 %, 53.55 W
2025/11/17 00:21:14.286, NVIDIA A100-SXM4-40GB, 0, P0, 210 MHz, 1215 MHz, 0 %, 0 %, 53.61 W
2025/11/17 00:21:14.490, NVIDIA A100-SXM4-40GB, 0, P0, 210 MHz, 1215 MHz, 0 %, 0 %, 53.55 W
2025/11/17 00:21:14.693, NVIDIA A100-SXM4-40GB, 0, P0, 210 MHz, 1215 MHz, 0 %, 0 %, 53.55 W
2025/11/17 00:21:14.896, NVIDIA A100-SXM4-40GB, 0, P0, 210 MHz, 1215 MHz, 0 %, 0 %, 53.61 W
2025/11/17 00:21:15.100, NVIDIA A100-SXM4-40GB, 0, P0, 210 MHz, 1215 MHz, 0 %, 0 %, 53.72 W
2025/11/17 00:21:15.303, NVIDIA A100-SXM4-40GB, 0, P0, 210 MHz, 1215 MHz, 0 %, 0 %, 53.55 W
2025/11/17 00:21:15.507, NVIDIA A100-SXM4-40GB, 0, P0, 210 MHz, 1215 MHz, 0 %, 0 %, 53.66 W
2025/11/17 00:21:15.712, NVIDIA A100-SXM4-40GB, 0, P0, 210 MHz, 1215 MHz, 0 %, 0 %, 53.50 W
2025/11/17 00:21:15.916, NVIDIA A100-SXM4-40GB, 0, P0, 210 MHz, 1215 MHz, 0 %, 0 %, 53.66 W
2025/11/17 00:21:16.119, NVIDIA A100-SXM4-40GB, 0, P0, 210 MHz, 1215 MHz, 0 %, 0 %, 53.50 W
2025/11/17 00:21:16.322, NVIDIA A100-SXM4-40GB, 0, P0, 210 MHz, 1215 MHz, 0 %, 0 %, 53.61 W
2025/11/17 00:21:16.526, NVIDIA A100-SXM4-40GB, 0, P0, 210 MHz, 1215 MHz, 0 %, 0 %, 53.66 W
2025/11/17 00:21:16.729, NVIDIA A100-SXM4-40GB, 0, P0, 210 MHz, 1215 MHz, 0 %, 0 %, 53.61 W
2025/11/17 00:21:16.933, NVIDIA A100-SXM4-40GB, 0, P0, 210 MHz, 1215 MHz, 0 %, 0 %, 53.61 W
2025/11/17 00:21:17.136, NVIDIA A100-SXM4-40GB, 0, P0, 210 MHz, 1215 MHz, 0 %, 0 %, 53.55 W
2025/11/17 00:21:17.340, NVIDIA A100-SXM4-40GB, 0, P0, 210 MHz, 1215 MHz, 0 %, 0 %, 53.66 W
2025/11/17 00:21:17.544, NVIDIA A100-SXM4-40GB, 0, P0, 210 MHz, 1215 MHz, 0 %, 0 %, 53.55 W
2025/11/17 00:21:17.747, NVIDIA A100-SXM4-40GB, 0, P0, 210 MHz, 1215 MHz, 0 %, 0 %, 53.72 W
2025/11/17 00:21:17.951, NVIDIA A100-SXM4-40GB, 0, P0, 210 MHz, 1215 MHz, 0 %, 0 %, 53.50 W
2025/11/17 00:21:18.154, NVIDIA A100-SXM4-40GB, 0, P0, 210 MHz, 1215 MHz, 0 %, 0 %, 53.38 W
2025/11/17 00:21:18.357, NVIDIA A100-SXM4-40GB, 0, P0, 210 MHz, 1215 MHz, 0 %, 0 %, 53.72 W
2025/11/17 00:21:18.561, NVIDIA A100-SXM4-40GB, 0, P0, 210 MHz, 1215 MHz, 0 %, 0 %, 53.55 W
2025/11/17 00:21:18.764, NVIDIA A100-SXM4-40GB, 0, P0, 210 MHz, 1215 MHz, 0 %, 0 %, 53.66 W
2025/11/17 00:21:18.968, NVIDIA A100-SXM4-40GB, 0, P0, 210 MHz, 1215 MHz, 0 %, 0 %, 53.66 W
2025/11/17 00:21:19.173, NVIDIA A100-SXM4-40GB, 0, P0, 210 MHz, 1215 MHz, 0 %, 0 %, 53.38 W
2025/11/17 00:21:19.377, NVIDIA A100-SXM4-40GB, 0, P0, 210 MHz, 1215 MHz, 0 %, 0 %, 53.72 W
2025/11/17 00:21:19.580, NVIDIA A100-SXM4-40GB, 0, P0, 210 MHz, 1215 MHz, 0 %, 0 %, 53.61 W
2025/11/17 00:21:19.783, NVIDIA A100-SXM4-40GB, 0, P0, 210 MHz, 1215 MHz, 0 %, 0 %, 54.00 W
2025/11/17 00:21:19.987, NVIDIA A100-SXM4-40GB, 0, P0, 210 MHz, 1215 MHz, 0 %, 0 %, 53.55 W
2025/11/17 00:21:20.191, NVIDIA A100-SXM4-40GB, 0, P0, 210 MHz, 1215 MHz, 0 %, 0 %, 53.89 W
2025/11/17 00:21:20.395, NVIDIA A100-SXM4-40GB, 0, P0, 210 MHz, 1215 MHz, 0 %, 0 %, 53.55 W
2025/11/17 00:21:20.599, NVIDIA A100-SXM4-40GB, 0, P0, 210 MHz, 1215 MHz, 0 %, 0 %, 53.61 W
2025/11/17 00:21:20.804, NVIDIA A100-SXM4-40GB, 0, P0, 210 MHz, 1215 MHz, 0 %, 0 %, 53.66 W
2025/11/17 00:21:21.007, NVIDIA A100-SXM4-40GB, 0, P0, 210 MHz, 1215 MHz, 0 %, 0 %, 53.83 W
2025/11/17 00:21:21.210, NVIDIA A100-SXM4-40GB, 0, P0, 210 MHz, 1215 MHz, 0 %, 0 %, 53.66 W
2025/11/17 00:21:21.414, NVIDIA A100-SXM4-40GB, 0, P0, 210 MHz, 1215 MHz, 0 %, 0 %, 53.61 W
2025/11/17 00:21:21.617, NVIDIA A100-SXM4-40GB, 0, P0, 210 MHz, 1215 MHz, 0 %, 0 %, 53.66 W
2025/11/17 00:21:21.821, NVIDIA A100-SXM4-40GB, 0, P0, 210 MHz, 1215 MHz, 0 %, 0 %, 53.61 W
2025/11/17 00:21:22.024, NVIDIA A100-SXM4-40GB, 0, P0, 210 MHz, 1215 MHz, 0 %, 0 %, 53.72 W
2025/11/17 00:21:22.227, NVIDIA A100-SXM4-40GB, 0, P0, 210 MHz, 1215 MHz, 0 %, 0 %, 53.50 W
2025/11/17 00:21:22.431, NVIDIA A100-SXM4-40GB, 0, P0, 210 MHz, 1215 MHz, 0 %, 0 %, 53.55 W
2025/11/17 00:21:22.636, NVIDIA A100-SXM4-40GB, 0, P0, 210 MHz, 1215 MHz, 0 %, 0 %, 53.72 W
2025/11/17 00:21:22.840, NVIDIA A100-SXM4-40GB, 0, P0, 210 MHz, 1215 MHz, 0 %, 0 %, 53.72 W
2025/11/17 00:21:23.043, NVIDIA A100-SXM4-40GB, 0, P0, 210 MHz, 1215 MHz, 0 %, 0 %, 53.72 W
2025/11/17 00:21:23.247, NVIDIA A100-SXM4-40GB, 0, P0, 210 MHz, 1215 MHz, 0 %, 0 %, 53.66 W
2025/11/17 00:21:23.450, NVIDIA A100-SXM4-40GB, 0, P0, 210 MHz, 1215 MHz, 0 %, 0 %, 53.50 W
2025/11/17 00:21:23.653, NVIDIA A100-SXM4-40GB, 0, P0, 210 MHz, 1215 MHz, 0 %, 0 %, 53.44 W
2025/11/17 00:21:23.857, NVIDIA A100-SXM4-40GB, 0, P0, 210 MHz, 1215 MHz, 0 %, 0 %, 53.50 W
2025/11/17 00:21:24.060, NVIDIA A100-SXM4-40GB, 0, P0, 210 MHz, 1215 MHz, 0 %, 0 %, 53.61 W
2025/11/17 00:21:24.264, NVIDIA A100-SXM4-40GB, 0, P0, 210 MHz, 1215 MHz, 0 %, 0 %, 53.66 W
2025/11/17 00:21:24.468, NVIDIA A100-SXM4-40GB, 0, P0, 210 MHz, 1215 MHz, 0 %, 0 %, 53.55 W
2025/11/17 00:21:24.672, NVIDIA A100-SXM4-40GB, 0, P0, 210 MHz, 1215 MHz, 0 %, 0 %, 53.50 W
2025/11/17 00:21:24.875, NVIDIA A100-SXM4-40GB, 0, P0, 210 MHz, 1215 MHz, 0 %, 0 %, 53.66 W
2025/11/17 00:21:25.079, NVIDIA A100-SXM4-40GB, 0, P0, 210 MHz, 1215 MHz, 0 %, 0 %, 53.55 W
2025/11/17 00:21:25.283, NVIDIA A100-SXM4-40GB, 0, P0, 210 MHz, 1215 MHz, 0 %, 0 %, 53.66 W
2025/11/17 00:21:25.487, NVIDIA A100-SXM4-40GB, 0, P0, 210 MHz, 1215 MHz, 0 %, 0 %, 53.55 W
2025/11/17 00:21:25.690, NVIDIA A100-SXM4-40GB, 0, P0, 210 MHz, 1215 MHz, 0 %, 0 %, 53.50 W
2025/11/17 00:21:25.895, NVIDIA A100-SXM4-40GB, 0, P0, 210 MHz, 1215 MHz, 0 %, 0 %, 53.55 W
2025/11/17 00:21:26.099, NVIDIA A100-SXM4-40GB, 0, P0, 210 MHz, 1215 MHz, 0 %, 0 %, 53.61 W
2025/11/17 00:21:26.302, NVIDIA A100-SXM4-40GB, 0, P0, 210 MHz, 1215 MHz, 0 %, 0 %, 53.61 W
2025/11/17 00:21:26.506, NVIDIA A100-SXM4-40GB, 0, P0, 210 MHz, 1215 MHz, 0 %, 0 %, 53.77 W
2025/11/17 00:21:26.709, NVIDIA A100-SXM4-40GB, 0, P0, 210 MHz, 1215 MHz, 0 %, 0 %, 53.66 W
2025/11/17 00:21:26.912, NVIDIA A100-SXM4-40GB, 0, P0, 210 MHz, 1215 MHz, 0 %, 0 %, 53.66 W
2025/11/17 00:21:27.116, NVIDIA A100-SXM4-40GB, 0, P0, 210 MHz, 1215 MHz, 0 %, 0 %, 53.66 W
2025/11/17 00:21:27.319, NVIDIA A100-SXM4-40GB, 0, P0, 210 MHz, 1215 MHz, 0 %, 0 %, 53.72 W
2025/11/17 00:21:27.523, NVIDIA A100-SXM4-40GB, 0, P0, 210 MHz, 1215 MHz, 0 %, 0 %, 53.55 W
2025/11/17 00:21:27.727, NVIDIA A100-SXM4-40GB, 0, P0, 210 MHz, 1215 MHz, 0 %, 0 %, 53.61 W
2025/11/17 00:21:27.931, NVIDIA A100-SXM4-40GB, 0, P0, 210 MHz, 1215 MHz, 0 %, 0 %, 53.66 W
2025/11/17 00:21:28.134, NVIDIA A100-SXM4-40GB, 0, P0, 210 MHz, 1215 MHz, 0 %, 0 %, 53.83 W
2025/11/17 00:21:28.337, NVIDIA A100-SXM4-40GB, 0, P0, 210 MHz, 1215 MHz, 0 %, 0 %, 53.94 W
2025/11/17 00:21:28.541, NVIDIA A100-SXM4-40GB, 0, P0, 210 MHz, 1215 MHz, 0 %, 0 %, 53.77 W
2025/11/17 00:21:28.745, NVIDIA A100-SXM4-40GB, 0, P0, 210 MHz, 1215 MHz, 0 %, 0 %, 53.50 W
2025/11/17 00:21:28.948, NVIDIA A100-SXM4-40GB, 0, P0, 210 MHz, 1215 MHz, 0 %, 0 %, 53.50 W
2025/11/17 00:21:29.152, NVIDIA A100-SXM4-40GB, 0, P0, 210 MHz, 1215 MHz, 0 %, 0 %, 53.66 W
2025/11/17 00:21:29.355, NVIDIA A100-SXM4-40GB, 0, P0, 210 MHz, 1215 MHz, 0 %, 0 %, 53.33 W
2025/11/17 00:21:29.558, NVIDIA A100-SXM4-40GB, 0, P0, 210 MHz, 1215 MHz, 0 %, 0 %, 53.55 W
2025/11/17 00:21:29.763, NVIDIA A100-SXM4-40GB, 0, P0, 210 MHz, 1215 MHz, 0 %, 0 %, 53.55 W
2025/11/17 00:21:29.967, NVIDIA A100-SXM4-40GB, 0, P0, 210 MHz, 1215 MHz, 0 %, 0 %, 53.44 W
2025/11/17 00:21:30.170, NVIDIA A100-SXM4-40GB, 0, P0, 210 MHz, 1215 MHz, 0 %, 0 %, 53.61 W
2025/11/17 00:21:30.374, NVIDIA A100-SXM4-40GB, 0, P0, 210 MHz, 1215 MHz, 0 %, 0 %, 53.61 W
2025/11/17 00:21:30.578, NVIDIA A100-SXM4-40GB, 0, P0, 210 MHz, 1215 MHz, 0 %, 0 %, 53.50 W
2025/11/17 00:21:30.782, NVIDIA A100-SXM4-40GB, 0, P0, 210 MHz, 1215 MHz, 0 %, 0 %, 53.50 W
2025/11/17 00:21:30.986, NVIDIA A100-SXM4-40GB, 0, P0, 210 MHz, 1215 MHz, 0 %, 0 %, 53.61 W
2025/11/17 00:21:31.189, NVIDIA A100-SXM4-40GB, 0, P0, 210 MHz, 1215 MHz, 0 %, 0 %, 53.66 W
2025/11/17 00:21:31.394, NVIDIA A100-SXM4-40GB, 0, P0, 210 MHz, 1215 MHz, 0 %, 0 %, 53.50 W
2025/11/17 00:21:31.598, NVIDIA A100-SXM4-40GB, 0, P0, 210 MHz, 1215 MHz, 0 %, 0 %, 53.61 W
2025/11/17 00:21:31.801, NVIDIA A100-SXM4-40GB, 0, P0, 210 MHz, 1215 MHz, 0 %, 0 %, 53.44 W
2025/11/17 00:21:32.005, NVIDIA A100-SXM4-40GB, 0, P0, 210 MHz, 1215 MHz, 0 %, 0 %, 53.50 W
2025/11/17 00:21:32.208, NVIDIA A100-SXM4-40GB, 0, P0, 210 MHz, 1215 MHz, 0 %, 0 %, 53.61 W
2025/11/17 00:21:32.411, NVIDIA A100-SXM4-40GB, 0, P0, 210 MHz, 1215 MHz, 0 %, 0 %, 53.55 W
2025/11/17 00:21:32.615, NVIDIA A100-SXM4-40GB, 0, P0, 210 MHz, 1215 MHz, 0 %, 0 %, 53.61 W
2025/11/17 00:21:32.818, NVIDIA A100-SXM4-40GB, 0, P0, 210 MHz, 1215 MHz, 0 %, 0 %, 53.55 W
2025/11/17 00:21:33.022, NVIDIA A100-SXM4-40GB, 0, P0, 210 MHz, 1215 MHz, 0 %, 0 %, 53.55 W
2025/11/17 00:21:33.226, NVIDIA A100-SXM4-40GB, 0, P0, 210 MHz, 1215 MHz, 0 %, 0 %, 53.50 W
2025/11/17 00:21:33.430, NVIDIA A100-SXM4-40GB, 0, P0, 210 MHz, 1215 MHz, 0 %, 0 %, 53.72 W
2025/11/17 00:21:33.634, NVIDIA A100-SXM4-40GB, 0, P0, 210 MHz, 1215 MHz, 0 %, 0 %, 53.61 W
2025/11/17 00:21:33.837, NVIDIA A100-SXM4-40GB, 0, P0, 210 MHz, 1215 MHz, 0 %, 0 %, 53.61 W
2025/11/17 00:21:34.041, NVIDIA A100-SXM4-40GB, 0, P0, 210 MHz, 1215 MHz, 0 %, 0 %, 53.61 W
2025/11/17 00:21:34.244, NVIDIA A100-SXM4-40GB, 0, P0, 210 MHz, 1215 MHz, 0 %, 0 %, 53.72 W
2025/11/17 00:21:34.448, NVIDIA A100-SXM4-40GB, 0, P0, 210 MHz, 1215 MHz, 0 %, 0 %, 53.44 W
2025/11/17 00:21:34.651, NVIDIA A100-SXM4-40GB, 0, P0, 210 MHz, 1215 MHz, 0 %, 0 %, 53.66 W
2025/11/17 00:21:34.855, NVIDIA A100-SXM4-40GB, 0, P0, 210 MHz, 1215 MHz, 0 %, 0 %, 53.66 W
2025/11/17 00:21:35.060, NVIDIA A100-SXM4-40GB, 0, P0, 210 MHz, 1215 MHz, 0 %, 0 %, 53.55 W
2025/11/17 00:21:35.263, NVIDIA A100-SXM4-40GB, 0, P0, 210 MHz, 1215 MHz, 0 %, 0 %, 53.61 W
2025/11/17 00:21:35.467, NVIDIA A100-SXM4-40GB, 0, P0, 210 MHz, 1215 MHz, 0 %, 0 %, 53.66 W
2025/11/17 00:21:35.670, NVIDIA A100-SXM4-40GB, 0, P0, 210 MHz, 1215 MHz, 0 %, 0 %, 53.89 W
2025/11/17 00:21:35.874, NVIDIA A100-SXM4-40GB, 0, P0, 210 MHz, 1215 MHz, 0 %, 0 %, 53.55 W
2025/11/17 00:21:36.077, NVIDIA A100-SXM4-40GB, 0, P0, 210 MHz, 1215 MHz, 0 %, 0 %, 53.66 W
2025/11/17 00:21:36.280, NVIDIA A100-SXM4-40GB, 0, P0, 210 MHz, 1215 MHz, 0 %, 0 %, 53.66 W
2025/11/17 00:21:36.484, NVIDIA A100-SXM4-40GB, 0, P0, 210 MHz, 1215 MHz, 0 %, 0 %, 53.94 W
2025/11/17 00:21:36.688, NVIDIA A100-SXM4-40GB, 0, P0, 210 MHz, 1215 MHz, 0 %, 0 %, 53.94 W
2025/11/17 00:21:36.892, NVIDIA A100-SXM4-40GB, 0, P0, 210 MHz, 1215 MHz, 0 %, 0 %, 53.77 W
2025/11/17 00:21:37.095, NVIDIA A100-SXM4-40GB, 0, P0, 210 MHz, 1215 MHz, 0 %, 0 %, 53.94 W
2025/11/17 00:21:37.299, NVIDIA A100-SXM4-40GB, 0, P0, 210 MHz, 1215 MHz, 0 %, 0 %, 53.33 W
2025/11/17 00:21:37.503, NVIDIA A100-SXM4-40GB, 0, P0, 210 MHz, 1215 MHz, 0 %, 0 %, 53.66 W
2025/11/17 00:21:37.706, NVIDIA A100-SXM4-40GB, 0, P0, 210 MHz, 1215 MHz, 0 %, 0 %, 53.83 W
2025/11/17 00:21:37.910, NVIDIA A100-SXM4-40GB, 0, P0, 210 MHz, 1215 MHz, 0 %, 0 %, 53.89 W
2025/11/17 00:21:38.113, NVIDIA A100-SXM4-40GB, 0, P0, 210 MHz, 1215 MHz, 0 %, 0 %, 53.38 W
2025/11/17 00:21:38.317, NVIDIA A100-SXM4-40GB, 0, P0, 210 MHz, 1215 MHz, 0 %, 0 %, 53.50 W
2025/11/17 00:21:38.522, NVIDIA A100-SXM4-40GB, 0, P0, 210 MHz, 1215 MHz, 0 %, 0 %, 53.72 W
2025/11/17 00:21:38.726, NVIDIA A100-SXM4-40GB, 0, P0, 210 MHz, 1215 MHz, 0 %, 0 %, 53.61 W
2025/11/17 00:21:38.929, NVIDIA A100-SXM4-40GB, 0, P0, 210 MHz, 1215 MHz, 0 %, 0 %, 53.61 W
2025/11/17 00:21:39.132, NVIDIA A100-SXM4-40GB, 0, P0, 210 MHz, 1215 MHz, 0 %, 0 %, 53.55 W
2025/11/17 00:21:39.336, NVIDIA A100-SXM4-40GB, 0, P0, 210 MHz, 1215 MHz, 0 %, 0 %, 53.55 W
2025/11/17 00:21:39.539, NVIDIA A100-SXM4-40GB, 0, P0, 210 MHz, 1215 MHz, 0 %, 0 %, 53.50 W
2025/11/17 00:21:39.743, NVIDIA A100-SXM4-40GB, 0, P0, 210 MHz, 1215 MHz, 0 %, 0 %, 53.50 W
2025/11/17 00:21:39.946, NVIDIA A100-SXM4-40GB, 0, P0, 210 MHz, 1215 MHz, 0 %, 0 %, 53.61 W
2025/11/17 00:21:40.150, NVIDIA A100-SXM4-40GB, 0, P0, 210 MHz, 1215 MHz, 0 %, 0 %, 53.61 W
2025/11/17 00:21:40.355, NVIDIA A100-SXM4-40GB, 0, P0, 210 MHz, 1215 MHz, 0 %, 0 %, 53.72 W
2025/11/17 00:21:40.558, NVIDIA A100-SXM4-40GB, 0, P0, 210 MHz, 1215 MHz, 0 %, 0 %, 53.61 W
2025/11/17 00:21:40.762, NVIDIA A100-SXM4-40GB, 0, P0, 210 MHz, 1215 MHz, 0 %, 0 %, 53.61 W
2025/11/17 00:21:40.965, NVIDIA A100-SXM4-40GB, 0, P0, 210 MHz, 1215 MHz, 0 %, 0 %, 53.50 W
2025/11/17 00:21:41.168, NVIDIA A100-SXM4-40GB, 0, P0, 210 MHz, 1215 MHz, 0 %, 0 %, 53.44 W
2025/11/17 00:21:41.372, NVIDIA A100-SXM4-40GB, 0, P0, 210 MHz, 1215 MHz, 0 %, 0 %, 53.66 W
2025/11/17 00:21:41.575, NVIDIA A100-SXM4-40GB, 0, P0, 210 MHz, 1215 MHz, 0 %, 0 %, 53.61 W
2025/11/17 00:21:41.779, NVIDIA A100-SXM4-40GB, 0, P0, 210 MHz, 1215 MHz, 0 %, 0 %, 53.61 W
2025/11/17 00:21:41.983, NVIDIA A100-SXM4-40GB, 0, P0, 210 MHz, 1215 MHz, 0 %, 0 %, 53.61 W
2025/11/17 00:21:42.187, NVIDIA A100-SXM4-40GB, 0, P0, 210 MHz, 1215 MHz, 0 %, 0 %, 53.61 W
2025/11/17 00:21:42.391, NVIDIA A100-SXM4-40GB, 0, P0, 210 MHz, 1215 MHz, 0 %, 0 %, 53.55 W
2025/11/17 00:21:42.594, NVIDIA A100-SXM4-40GB, 0, P0, 210 MHz, 1215 MHz, 0 %, 0 %, 53.66 W
2025/11/17 00:21:42.798, NVIDIA A100-SXM4-40GB, 0, P0, 210 MHz, 1215 MHz, 0 %, 0 %, 53.38 W
2025/11/17 00:21:43.002, NVIDIA A100-SXM4-40GB, 0, P0, 210 MHz, 1215 MHz, 0 %, 0 %, 53.50 W
2025/11/17 00:21:43.205, NVIDIA A100-SXM4-40GB, 0, P0, 210 MHz, 1215 MHz, 0 %, 0 %, 53.44 W
2025/11/17 00:21:43.408, NVIDIA A100-SXM4-40GB, 0, P0, 210 MHz, 1215 MHz, 0 %, 0 %, 53.55 W
2025/11/17 00:21:43.612, NVIDIA A100-SXM4-40GB, 0, P0, 210 MHz, 1215 MHz, 0 %, 0 %, 53.50 W
2025/11/17 00:21:43.817, NVIDIA A100-SXM4-40GB, 0, P0, 210 MHz, 1215 MHz, 0 %, 0 %, 53.44 W
2025/11/17 00:21:44.020, NVIDIA A100-SXM4-40GB, 0, P0, 210 MHz, 1215 MHz, 0 %, 0 %, 53.61 W
2025/11/17 00:21:44.223, NVIDIA A100-SXM4-40GB, 0, P0, 210 MHz, 1215 MHz, 0 %, 0 %, 53.61 W
2025/11/17 00:21:44.427, NVIDIA A100-SXM4-40GB, 0, P0, 210 MHz, 1215 MHz, 0 %, 0 %, 53.50 W
2025/11/17 00:21:44.630, NVIDIA A100-SXM4-40GB, 0, P0, 210 MHz, 1215 MHz, 0 %, 0 %, 53.61 W
2025/11/17 00:21:44.834, NVIDIA A100-SXM4-40GB, 0, P0, 210 MHz, 1215 MHz, 0 %, 0 %, 53.77 W
2025/11/17 00:21:45.037, NVIDIA A100-SXM4-40GB, 0, P0, 210 MHz, 1215 MHz, 0 %, 0 %, 53.38 W
2025/11/17 00:21:45.240, NVIDIA A100-SXM4-40GB, 0, P0, 210 MHz, 1215 MHz, 0 %, 0 %, 53.55 W
2025/11/17 00:21:45.445, NVIDIA A100-SXM4-40GB, 0, P0, 210 MHz, 1215 MHz, 0 %, 0 %, 53.61 W
2025/11/17 00:21:45.649, NVIDIA A100-SXM4-40GB, 0, P0, 210 MHz, 1215 MHz, 0 %, 0 %, 53.77 W
2025/11/17 00:21:45.853, NVIDIA A100-SXM4-40GB, 0, P0, 210 MHz, 1215 MHz, 0 %, 0 %, 53.50 W
2025/11/17 00:21:46.056, NVIDIA A100-SXM4-40GB, 0, P0, 210 MHz, 1215 MHz, 0 %, 0 %, 53.44 W
2025/11/17 00:21:46.260, NVIDIA A100-SXM4-40GB, 0, P0, 210 MHz, 1215 MHz, 0 %, 0 %, 53.61 W
2025/11/17 00:21:46.463, NVIDIA A100-SXM4-40GB, 0, P0, 210 MHz, 1215 MHz, 0 %, 0 %, 53.89 W
2025/11/17 00:21:46.666, NVIDIA A100-SXM4-40GB, 0, P0, 210 MHz, 1215 MHz, 0 %, 0 %, 53.33 W
2025/11/17 00:21:46.870, NVIDIA A100-SXM4-40GB, 0, P0, 210 MHz, 1215 MHz, 0 %, 0 %, 53.50 W
2025/11/17 00:21:47.073, NVIDIA A100-SXM4-40GB, 0, P0, 210 MHz, 1215 MHz, 0 %, 0 %, 53.44 W
2025/11/17 00:21:47.277, NVIDIA A100-SXM4-40GB, 0, P0, 210 MHz, 1215 MHz, 0 %, 0 %, 53.61 W
2025/11/17 00:21:47.482, NVIDIA A100-SXM4-40GB, 0, P0, 210 MHz, 1215 MHz, 0 %, 0 %, 53.44 W
2025/11/17 00:21:47.686, NVIDIA A100-SXM4-40GB, 0, P0, 210 MHz, 1215 MHz, 0 %, 0 %, 53.50 W
2025/11/17 00:21:47.889, NVIDIA A100-SXM4-40GB, 0, P0, 210 MHz, 1215 MHz, 0 %, 0 %, 53.55 W
2025/11/17 00:21:48.093, NVIDIA A100-SXM4-40GB, 0, P0, 210 MHz, 1215 MHz, 0 %, 0 %, 53.50 W
2025/11/17 00:21:48.296, NVIDIA A100-SXM4-40GB, 0, P0, 210 MHz, 1215 MHz, 0 %, 0 %, 53.66 W
2025/11/17 00:21:48.499, NVIDIA A100-SXM4-40GB, 0, P0, 210 MHz, 1215 MHz, 0 %, 0 %, 53.50 W
2025/11/17 00:21:48.703, NVIDIA A100-SXM4-40GB, 0, P0, 210 MHz, 1215 MHz, 0 %, 0 %, 53.38 W
2025/11/17 00:21:48.907, NVIDIA A100-SXM4-40GB, 0, P0, 210 MHz, 1215 MHz, 0 %, 0 %, 53.44 W
2025/11/17 00:21:49.112, NVIDIA A100-SXM4-40GB, 0, P0, 210 MHz, 1215 MHz, 0 %, 0 %, 53.50 W
2025/11/17 00:21:49.316, NVIDIA A100-SXM4-40GB, 0, P0, 210 MHz, 1215 MHz, 0 %, 0 %, 53.55 W
2025/11/17 00:21:49.519, NVIDIA A100-SXM4-40GB, 0, P0, 210 MHz, 1215 MHz, 0 %, 0 %, 53.55 W
2025/11/17 00:21:49.723, NVIDIA A100-SXM4-40GB, 0, P0, 210 MHz, 1215 MHz, 0 %, 0 %, 53.55 W
2025/11/17 00:21:49.926, NVIDIA A100-SXM4-40GB, 0, P0, 210 MHz, 1215 MHz, 0 %, 0 %, 53.38 W
2025/11/17 00:21:50.130, NVIDIA A100-SXM4-40GB, 0, P0, 210 MHz, 1215 MHz, 0 %, 0 %, 53.72 W
2025/11/17 00:21:50.333, NVIDIA A100-SXM4-40GB, 0, P0, 210 MHz, 1215 MHz, 0 %, 0 %, 53.33 W
2025/11/17 00:21:50.536, NVIDIA A100-SXM4-40GB, 0, P0, 210 MHz, 1215 MHz, 0 %, 0 %, 53.38 W
2025/11/17 00:21:50.740, NVIDIA A100-SXM4-40GB, 0, P0, 210 MHz, 1215 MHz, 0 %, 0 %, 53.50 W
2025/11/17 00:21:50.946, NVIDIA A100-SXM4-40GB, 0, P0, 210 MHz, 1215 MHz, 0 %, 0 %, 53.50 W
2025/11/17 00:21:51.149, NVIDIA A100-SXM4-40GB, 0, P0, 210 MHz, 1215 MHz, 0 %, 0 %, 53.66 W
2025/11/17 00:21:51.353, NVIDIA A100-SXM4-40GB, 0, P0, 210 MHz, 1215 MHz, 0 %, 0 %, 53.50 W
2025/11/17 00:21:51.556, NVIDIA A100-SXM4-40GB, 0, P0, 210 MHz, 1215 MHz, 0 %, 0 %, 53.61 W
2025/11/17 00:21:51.760, NVIDIA A100-SXM4-40GB, 0, P0, 210 MHz, 1215 MHz, 0 %, 0 %, 53.50 W
2025/11/17 00:21:51.963, NVIDIA A100-SXM4-40GB, 0, P0, 210 MHz, 1215 MHz, 0 %, 0 %, 53.44 W
2025/11/17 00:21:52.166, NVIDIA A100-SXM4-40GB, 0, P0, 210 MHz, 1215 MHz, 0 %, 0 %, 53.66 W
2025/11/17 00:21:52.370, NVIDIA A100-SXM4-40GB, 0, P0, 210 MHz, 1215 MHz, 0 %, 0 %, 53.38 W
2025/11/17 00:21:52.574, NVIDIA A100-SXM4-40GB, 0, P0, 210 MHz, 1215 MHz, 0 %, 0 %, 53.89 W
2025/11/17 00:21:52.778, NVIDIA A100-SXM4-40GB, 0, P0, 210 MHz, 1215 MHz, 0 %, 0 %, 53.50 W
2025/11/17 00:21:52.981, NVIDIA A100-SXM4-40GB, 0, P0, 210 MHz, 1215 MHz, 0 %, 0 %, 53.55 W
2025/11/17 00:21:53.184, NVIDIA A100-SXM4-40GB, 0, P0, 210 MHz, 1215 MHz, 0 %, 0 %, 53.50 W
2025/11/17 00:21:53.388, NVIDIA A100-SXM4-40GB, 0, P0, 210 MHz, 1215 MHz, 0 %, 0 %, 53.94 W
2025/11/17 00:21:53.591, NVIDIA A100-SXM4-40GB, 0, P0, 210 MHz, 1215 MHz, 0 %, 0 %, 53.89 W
2025/11/17 00:21:53.795, NVIDIA A100-SXM4-40GB, 0, P0, 210 MHz, 1215 MHz, 0 %, 0 %, 53.50 W
2025/11/17 00:21:53.998, NVIDIA A100-SXM4-40GB, 0, P0, 210 MHz, 1215 MHz, 0 %, 0 %, 53.83 W
2025/11/17 00:21:54.201, NVIDIA A100-SXM4-40GB, 0, P0, 210 MHz, 1215 MHz, 0 %, 0 %, 53.72 W
2025/11/17 00:21:54.406, NVIDIA A100-SXM4-40GB, 0, P0, 210 MHz, 1215 MHz, 0 %, 0 %, 53.94 W
2025/11/17 00:21:54.610, NVIDIA A100-SXM4-40GB, 0, P0, 210 MHz, 1215 MHz, 0 %, 0 %, 53.89 W
2025/11/17 00:21:54.814, NVIDIA A100-SXM4-40GB, 0, P0, 210 MHz, 1215 MHz, 0 %, 0 %, 53.89 W
2025/11/17 00:21:55.017, NVIDIA A100-SXM4-40GB, 0, P0, 210 MHz, 1215 MHz, 0 %, 0 %, 53.55 W
2025/11/17 00:21:55.221, NVIDIA A100-SXM4-40GB, 0, P0, 210 MHz, 1215 MHz, 0 %, 0 %, 53.55 W
2025/11/17 00:21:55.424, NVIDIA A100-SXM4-40GB, 0, P0, 210 MHz, 1215 MHz, 0 %, 0 %, 53.50 W
2025/11/17 00:21:55.627, NVIDIA A100-SXM4-40GB, 0, P0, 210 MHz, 1215 MHz, 0 %, 0 %, 53.38 W
2025/11/17 00:21:55.831, NVIDIA A100-SXM4-40GB, 0, P0, 210 MHz, 1215 MHz, 0 %, 0 %, 53.55 W
2025/11/17 00:21:56.035, NVIDIA A100-SXM4-40GB, 0, P0, 210 MHz, 1215 MHz, 0 %, 0 %, 53.44 W
2025/11/17 00:21:56.240, NVIDIA A100-SXM4-40GB, 0, P0, 210 MHz, 1215 MHz, 0 %, 0 %, 53.44 W
2025/11/17 00:21:56.443, NVIDIA A100-SXM4-40GB, 0, P0, 210 MHz, 1215 MHz, 0 %, 0 %, 53.55 W
2025/11/17 00:21:56.647, NVIDIA A100-SXM4-40GB, 0, P0, 210 MHz, 1215 MHz, 0 %, 0 %, 53.66 W
2025/11/17 00:21:56.850, NVIDIA A100-SXM4-40GB, 0, P0, 210 MHz, 1215 MHz, 0 %, 0 %, 53.55 W
2025/11/17 00:21:57.054, NVIDIA A100-SXM4-40GB, 0, P0, 210 MHz, 1215 MHz, 0 %, 0 %, 53.72 W
2025/11/17 00:21:57.257, NVIDIA A100-SXM4-40GB, 0, P0, 210 MHz, 1215 MHz, 0 %, 0 %, 53.50 W
2025/11/17 00:21:57.460, NVIDIA A100-SXM4-40GB, 0, P0, 210 MHz, 1215 MHz, 0 %, 0 %, 53.55 W
2025/11/17 00:21:57.664, NVIDIA A100-SXM4-40GB, 0, P0, 210 MHz, 1215 MHz, 0 %, 0 %, 53.38 W
2025/11/17 00:21:57.868, NVIDIA A100-SXM4-40GB, 0, P0, 210 MHz, 1215 MHz, 0 %, 0 %, 53.55 W
2025/11/17 00:21:58.072, NVIDIA A100-SXM4-40GB, 0, P0, 210 MHz, 1215 MHz, 0 %, 0 %, 53.72 W
2025/11/17 00:21:58.275, NVIDIA A100-SXM4-40GB, 0, P0, 210 MHz, 1215 MHz, 0 %, 0 %, 53.50 W
2025/11/17 00:21:58.479, NVIDIA A100-SXM4-40GB, 0, P0, 210 MHz, 1215 MHz, 0 %, 0 %, 53.61 W
2025/11/17 00:21:58.682, NVIDIA A100-SXM4-40GB, 0, P0, 210 MHz, 1215 MHz, 0 %, 0 %, 53.66 W
2025/11/17 00:21:58.886, NVIDIA A100-SXM4-40GB, 0, P0, 210 MHz, 1215 MHz, 0 %, 0 %, 53.44 W
2025/11/17 00:21:59.089, NVIDIA A100-SXM4-40GB, 0, P0, 210 MHz, 1215 MHz, 0 %, 0 %, 53.55 W
2025/11/17 00:21:59.292, NVIDIA A100-SXM4-40GB, 0, P0, 210 MHz, 1215 MHz, 0 %, 0 %, 53.50 W
2025/11/17 00:21:59.496, NVIDIA A100-SXM4-40GB, 0, P0, 210 MHz, 1215 MHz, 0 %, 0 %, 53.50 W
2025/11/17 00:21:59.701, NVIDIA A100-SXM4-40GB, 0, P0, 210 MHz, 1215 MHz, 0 %, 0 %, 53.55 W
2025/11/17 00:21:59.906, NVIDIA A100-SXM4-40GB, 0, P0, 210 MHz, 1215 MHz, 0 %, 0 %, 53.72 W
2025/11/17 00:22:00.109, NVIDIA A100-SXM4-40GB, 0, P0, 210 MHz, 1215 MHz, 0 %, 0 %, 53.61 W
                                                                                                                                                                                                                                                                                                                                                                                                                                                                                                                                                                                                                                                                                                                                                                                                                                                                                                                                                                                                                                                                                                                                                                                                                                                                                                                                                                                                                                                                                                                                                                                                                                                                                                                                                                                                                                                                                                                                                                                                                                                                                                                                                                                                                                                                                                                                                                                                                                                                                                                                                                                                                                                                                                                                                                                                                                                                                                                                                                                                                                                                                                                                                                                                                                                                                                                                                                                                                                                                                                                                                                                                                                                                                                                                                                                                                                                                                                                                                                                                                                                                                                                                                                                                                                                                                                                                                                                                                                                                                                                                                                                                                                                                                                                                                                                                                                                                                                                                                                                                                                                                                                                                                                                                                                                                                                                                                                                                                                                                                                                                                                                                                                                                                                                                                                                                                                                                                                                                                                                                                                                                                                                                                                                                                                                                                                                                                                                                                                                                                                                                                                                                                                                                                                                                                                                                                                                                                                                                                                                                                                                                                                                                                                                                                                                                                                                                                                                                                                                                                                                                                                                                                                                                                                                                                                                                                                                                                                                                                                                                                                                                                                                                                                                                                                                                                                                                                                                                                                                                                                                                                                                                                                                                                                                                                                                                                                                                                                                                                                                                                                                                                                                                                                                                                                                                                                                                                                                                                                                                                                                                                                                                                                                                                                                                                                                                                                                                                                                                                                                                                                                                                                                                                                                                                                                                                                                                                                                                                                                                                                                                                                                                                                                                                                                                                                                                                                                                                                                                                                                                                                                                                                                                                                                                                                                                                                                                                                                                                                                                                                                                                                                                                                                                                                                                                                                                                                                                                                                                                                                                                                                                                                                                                                                                                                                                                                                                                                                                                                                                                                                                                                                                                                                                                                                                                                                                                                                                                                                                                                                                                                                                                                                                                                                                                                                                                                                                                                                                                                                                                                                                                                                                                                                                                                                                                                                                                                                                                                                                                                                                                                                                                                                                                                                                                                                                                                                                                                                                                                                                                                                                                                                                                                                                                                                                                                                                                                                                                                                                                                                                                                                                                                                                                                                                                                                                                                                                                                                                                                                                                                                                                                                                                                                                                                                                                                                                                                                                                                                                                                                                                                                                                                                                                                                                                                                                                                                                                                                                                                                                                                                                                                                                                                                                                                                                                                                                                                                                                                                                                                                                                                                                                                                                                                                                                                                                                                                                                                                                                                                                                                                                                                                                                                                                                                                                                                                                                                                                                                                                                                                                                                                                                                                                                                                                                                                                                                                                                                                                                                                                                                                                                                                                                                                                                                                                                                                                                                                                                                                                                                                                                                                                                                                                                                                                                                                                                                                                                                                                                                                                                                                                                                                                                                                                                                                                                                                                                                                                                                                                                                                                                                                                                                                                                                                                                                                                                                                                                                                                                                                                                                                                                                                                                                                                                                                                                                                                                                                                                                                                                                                                                                                                                                                                                                                                                                                                                                                                                                                                                                                                                                                                                                                                                                                                                                                                                                                                                                                                                                                                                                                                                                                                                                                                                                                                                                                                                                                                                                                                                                                                                                                                                                                                                                                                                                                                                                                                                                                                                                                                                                                                                                                                                                                                                                                                                                                                                                                                                                                                                                                                                                                                                                                                                                                                                                                                                                                                                                                                                                                                                                                                                                                                                                                                                                                                                                                                                                                                                                                                                                                                                                                                                                                                                                                                                                                                                                                                                                                                                                                                                                                                                                                                                                                                                                                                                                                                                                                                                                                                                                                                                                                                                                                                                                                                                                                                                                                                                                                                                                                                                                                                                                                                                                                                                                                                                                                                                                                                                                                                                                                                                                                                                                                                                                                                                                                                                                                                                                                                                                                                                                                                                                                                                                                                                                                                                                                                                                                                                                                                                                                                                                                                                                                                                                                                                                                                                                                                                                                                                                                                                                                                                                                                                                                                                                                                                                                                                                                                                                                                                                                                                                                                                                                                                                                                                                                                                                                                                                                                                                                                                                                                                                                                                                                                                                                                                                                                                                                                                                                                                                                                                                                                                                                                                                                                                                                                                                                                                                                                                                                                                                                                                                                                                                                                                                                                                                                                                                                                                                                                                                                                                                                                                                                                                                                                                                                                                                                                                                                                                                                                                                                                                                                                                                                                                                                                                                                                                                                                                                                                                                                                                                                                                                                                                                                                                                                                                                                                                                                                                                                                                                                                                                                                                                                                                                                                                                                                                                                                                                                                                                                                                                                                                                                                                                                                                                                                                                                                                                                                                                                                                                                                                                                                                                                                                                                                                                                                                                                                                                                                                                                                                                                                                                                                                                                                                                                                                                                                                                                                                                                                                                                                                                                                                                                                                                                                                                                                                                                                                                                                                                                                                                                                                                                                                                                                                                                                                                                                                                                                                                                                                                                                                                                                                                                                                                                                                                                                                                                                                                                                                                                                                                                                                                                                                                                                                                                                                                                                                                                                                                                                                                                                                                                                                                                                                                                                                                                                                                                                                                                                                                                                                                                                                                                                                                                                                                                                                                                                                                                                                                                                                                                                                                                                                                                                                                                                                                                                                                                                                                                                                                                                                                                                                                                                                                                                                                                                                                                                                                                                                                                                                                                                                                                                                                                                                                                                                                                                                                                                                                                                                                                                                                                                                                                                                                                                                                                                                                                                                                                                                                                                                                                                                                                                                                                                                                                                                                                                                                                                                                                                                                                                                                                                                                                                                                                                                                                                                                                                                                                                                                                                                                                                                                                                                                                                                                                                                                                                                                                                                                                                                                                                                                                                                                                                                                                                                                                                                                                                                                                                                                                                                                                                                                                                                                                                                                                                                                                                                                                                                                                                                                                                                                                                                                                                                                                                                                                                                                                                                                                                                                                                                                                                                                                                                                                                                                                                                                                                                                                                                                                                                                                                                                                                                                                                                                                                                                                                                                                                                                                                                                                                                                                                                                                                                                                                                                                                                                                                                                                                                                                                                                                                                                                                                                                                                                                                                                                                                                                                                                                                                                                                                                                                                                                                                                                                                                                                                                                                                                                                                                                                                                                                                                                                                                                                                                                                                                                                                                                                                                                                                                                                                                                                                                                                                                                                                                                                                                                                                                                                                                                                                                                                                                                                                                                                                                                                                                                                                                                                                                                                                                                                                                                                                                                                                                                                                                                                                                                                                                                                                                                                                                                                                                                                                                                                                                                                                                                                                                                                                                                                                                                                                                                                                                                                                                                                                                                                                                                                                                                                                                                                                                                                                                                                                                                                                                                                                                                                                                                                                                                                                                                                                                                                                                                                                                                                                                                                                                                                                                                                                                                                                                                                                                                                                                                                                                                                                                                                                                                                                                                                                                                                                                                                                                                                                                                                                                                                                                                                                                                                                                                                                                                                                                                                                                                                                                                                                                                                                                                                                                                                                                                                                                                                                                                                                                                                                                                                                                                                                                                                                                                                                                                                                                                                                                                                                                                                                                                                                                                                                                                                                                                                                                                                                                                                                                                                                                                                                                                                                                                                                                                                                                                                                                                                                                                                                                                                                                                                                                                                                                                                                                                                                                                                                                                                                                                                                                                                                                                                                                                                                                                                                                                                                                                                                                                                                                                                                                                                                                                                                                                                                                                                                                                                                                                                                                                                                                                                                                                                                                                                                                                                                                                                                                                                                                                                                                                                                                                                                                                                                                                                                                                                                                                                                                                                                                                                                                                                                                                                                                                                                                                                                                                                                                                                                                                                                                                                                                                                                                                                                                                                                                                                                                                                                                                                                                                                                                                                                                                                                                                                                                                                                                                                                                                                                                                                                                                                                                                                                                                                                                                                                                                                                                                                                                                                                                                                                                                                                                                                                                                                                                                                                                                                                                                                                                                                                                                                                                                                                                                                                                                                                                                                                                                                                                                                                                                                                                                                                                                                                                                                                                                                                                                                                                                                                                                                                                                                                                                                                                                                                                                                                                                                                                                                                                                                                                                                                                                                                                                                                                                                                                                                                                                                                                                                                                                                                                                                                                                                                                                                                                                                                                                                                                                                                                                                                                                                                                                                                                                                                                                                                                                                                                                                                                                                                                                                                                                                                                                                                                                                                                                                                                                                                                                                                                                                                                                                                                                                                                                                                                                                                                                                                                                                                                                                                                                                                                                                                                                                                                                                                                                                                                                                                                                                                                                                                                                                                                                                                                                                                                                                                                                                                                                                                                                                                                                                                                                                                                                                                                                                                                                                                                                                                                                                                                                                                                                                                                                                                                                                                                                                                                                                                                                                                                                                                                                                                                                                                                                                                                                                                                                                                                                                                                                                                                                                                                                                                                                                                                                                                                                                                                                                                                                                                                                                                                                                                                                                                                                                                                                                                                                                                                                                                                                                                                                                                                                                                                                                                                                                                                                                                                                                                                                                                                                                                                                                                                                                                                                                                                                                                                                                                                                                                                                                                                                                                                                                                                                                                                                                                                                                                                                                                                                                                                                                                                                                                                                                                                                                                                                                                                                                                                                                                                                                                                                                                                                                                                                                                                                                                                                                                                                                                                                                                                                                                                                                                                                                                                                                                                                                                                                                                                                                                                                                                                                                                                                                                                                                                                                                                                                                                                                                                                                                                                                                                                                                                                                                                                                                                                                                                                                                                                                                                                                                                                                                                                                                                                                                                                                                                                                                                                                                                                                                                                                                                                                                                                                                                                                                                                                                                                                                                                                                                                                                                                                                                                                                                                                                                                                                                                                                                                                                                                                                                                                                                                                                                                                                                                                                                                                                                                                                                                                                                                                                                                                                                                                                                                                                                                                                                                                                                                                                                                                                                                                                                                                                                                                                                                                                                                                                                                                                                                                                                                                                                                                                                                                                                                                                                                                                                                                                                                                                                                                                                                                                                                                                                                                                                                                                                                                                                                                                                                                                                                                                                                                                                                                                                                                                                                                                                                                                                                                                                                                                                                                                                                                                                                                                                                                                                                                                                                                                                                                                                                                                                                                                                                                                                                                                                                                                                                                                                                                                                                                                                                                                                                                                                                                                                                                                                                                                                                                                                                                                                                                                                                                                                                                                                                                                                                                                                                                                                                                                                                                                                                                                                                                                                                                                                                                                                                                                                                                                                                                                                                                                                                                                                                                                                                                                                                                                                                                                                                                                                                                                                                                                                                                                                                                                                                                                                                                                                                                                                                                                                                                                                                                                                                                                                                                                                                                                                                                                                                                                                                                                                                                                                                                                                                                                                                                                                                                                                                                                                                                                                                                                                                                                                                                                                                                                                                                                                                                                                                                                                                                                                                                                                                                                                                                                                                                                                                                                                                                                                                                                                                                                                                                                                                                                                                                                                                                                                                                                                                                                                                                                                                                                                                                                                                                                                                                                                                                                                                                                                                                                                                                                                                                                                                                                                                                                                                                                                                                                                                                                                                                                                                                                                                                                                                                                                                                                                                                                                                                                                                                                                                                                                                                                                                                                                                                                                                                                                                                                                                                                                                                                                                                                                                                                                                                                                                                                                                                                                                                                                                                                                                                                                                                                                                                                                                                                                                                                                                                                                                                                                                                                                                                                                                                                                                                                                                                                                                                                                                                                                                                                                                                                                                                                                                                                                                                                                                                                                                                                                                                                                                                                                                                                                                                                                                                                                                                                                                                                                                                                                                                                                                                                                                                                                                                                                                                                                                                                                                                                                                                                                                                                                                                                                                                                                                                                                                                                                                                                                                                                                                                                                                                                                                                                                                                                                                                                                                                                                                                                                                                                                                                                                                                                                                                                                                                                                                                                                                                                                                                                                                                                                                                                                                                                                                                                                                                                                                                                                                                                                                                                                                                                                                                                                                                                                                                                                                                                                                                                                                                                                                                                                                                                                                                                                                                                                                                                                                                                                                                                                                                                                                                                                                                                                                                                                                                                                                                                                                                                                                                                                                                                                                                                                                                                                                                                                                                                                                                                                                                                                                                                                                                                                                                                                                                                                                                                                                                                                                                                                                                                                                                                                                                                                                                                                                                                                                                                                                                                                                                                                                                                                                                                                                                                                                                                                                                                                                                                                                                                                                                                                                                                                                                                                                                                                                                                                                                                                                                                                                                                                                                                                                                                                                                                                                                                                                                                                                                                                                                                                                                                                                                                                                                                                                                                                                                                                                                                                                                                                                                                                                                                                                                                                                                                                                                                                                                                                                                                                                                                                                                                                                                                                                                                                                                                                                                                                                                                                                                                                                                                                                                                                                                                                                                                                                                                                                                                                                                                                                                                                                                                                                                                                                                                                                                                                                                                                                                                                                                                                                                                                                                                                                                                                                                                                                                                                                                                                                                                                                                                                                                                                                                                                                                                                                                                                                                                                                                                                                                                                                                                                                                                                                                                                                                                                                                                                                                                                                                                                                                                                                                                                                                                                                                                                                                                                                                                                                                                                                                                                                                                                                                                                                                                                                                                                                                                                                                                                                                                                                                                                                                                                                                                                                                                                                                                                                                                                                                                                                                                                                                                                                                                                                                                                                                                                                                                                                                                                                                                                                                                                                                                                                                                                                                                                                                                                                                                                                                                                                                                                                                                                                                                                                                                                                                                                                                                                                                                                                                                                                                                                                                                                                                                                                                                                                                                                                                                                                                                                                                                                                                                                                                                                                                                                                                                                                                                                                                                                                                                                                                                                                                                                                                                                                                                                                                                                                                                                                                                                                                                                                                                                                                                                                                                                                                                                                                                                                                                                                                                                                                                                                                                                                                                                                                                                                                                                                                                                                                                                                                                                                                                                                                                                                                                                                                                                                                                                                                                                                                                                                                                                                                                                                                                                                                                                                                                                                                                                                                                                                                                                                                                                                                                                                                                                                                                                                                                                                                                                                                                                                                                                                                                                                                                                                                                                                                                                                                                                                                                                                                                                                                                                                                                                                                                                                                                                                                                                                                                                                                                                                                                                                                                                                                                                                                                                                                                                                                                                                                                                                                                                                                                                                                                                                                                                                                                                                                                                                                                                                                                                                                                                                                                                                                                                                                                                                                                                                                                                                                                                                                                                                                                                                                                                                                                                                                                                                                                                                                                                                                                                                                                                                                                                                                                                                                                                                                                                                                                                                                                                                                                                                                                                                                                                                                                                                                                                                                                                                                                                                                                                                                                                                                                                                                                                                                                                                                                                                                                                                                                                                                                                                                                                                                                                                                                                                                                                                                                                                                                                                                                                                                                                                                                                                                                                                                                                                                                                                                                                                                                                                                                                                                                                                                                                                                                                                                                                                                                                                                                                                                                                                                                                                                                                                                                                                                                                                                                                                                                                                                                                                                                                                                                                                                                                                                                                                                                                                                                                                                                                                                                                                                                                                                                                                                                                                                                                                                                                                                                                                                                                                                                                                                                                                                                                                                                                                                                                                                                                                                                                                                                                                                                                                                                                                                                                                                                                                                                                                                                                                                                                                                                                                                                                                                                                                                                                                                                                                                                                                                                                                                                                                                                                                                                                                                                                                                                                                                                                                                                                                                                                                                                                                                                                                                                                                                                                                                                                                                                                                                                                                                                                                                                                                                                                                                                                                                                                                                                                                                                                                                                                                                                                                                                                                                                                                                                                                                                                                                                                                                                                                                                                                                                                                                                                                                                                                                                                                                                                                                                                                                                                                                                                                                                                                                                                                                                                                                                                                                                                                                                                                                                                                                                                                                                                                                                                                                                                                                                                                                                                                                                                                                                                                                                                                                                                                                                                                                                                                                                                                                                                                                                                                                                                                                                                                                                                                                                                                                                                                                                                                                                                                                                                                                                                                                                                                                                                                                                                                                                                                                                                                                                                                                                                                                                                                                                                                                                                                                                                                                                                                                                                                                                                                                                                                                                                                                                                                                                                                                                                                                                                                                                                                                                                                                                                                                                                                                                                                                                                                                                                                                                                                                                                                                                                                                                                                                                                                                                                                                                                                                                                                                                                                                                                                                                                                                                                                                                                                                                                                                                                                                                                                                                                                                                                                                                                                                                                                                                                                                                                                                                                                                                                                                                                                                                                                                                                                                                                                                                                                                                                                                                                                                                                                                                                                                                                                                                                                                                                                                                                                                                                                                                                                                                                                                                                                                                                                                                                                                                                                                                                                                                                                                                                                                                                                                                                                                                                                                                                                                                                                                                                                                                                                                                                                                                                                                                                                                                                                                                                                                                                                                                                                                                                                                                                                                                                                                                                                                                                                                                                                                                                                                                                                                                                                                                                                                                                                                                                                                                                                                                                                                                                                                                                                                                                                                                                                                                                                                                                                                                                                                                                                                                                                                                                                                                                                                                                                                                                                                                                                                                                                                                                                                                                                                                                                                                                                                                                                                                                                                                                                                                                                                                                                                                                                                                                                                                                                                                                                                                                                                                                                                                                                                                                                                                                                                                                                                                                                                                                                                                                                                                                                                                                                                                                                                                                                                                                                                                                                                                                                                                                                                                                                                                                                                                                                                                                                                                                                                                                                                                                                                                                                                                                                                                                                                                                                                                                                                                                                                                                                                                                                                                                                                                                                                                                                                                                                                                                                                                                                                                                                                                                                                                                                                                                                                                                                                                                                                                                                                                                                                                                                                                                                                                                                                                                                                                                                                                                                                                                                                                                                                                                                                                                                                                                                                                                                                                                                                                                                                                                                                                                                                                                                                                                                                                                                                                                                                                                                                                                                                                                                                                                                                                                                                                                                                                                                                                                                                                                                                                                                                                                                                                                                                                                                                                                                                                                                                                                                                                                                                                                                                                                                                                                                                                                                                                                                                                                                                                                                                                                                                                                                                                                                                                                                                                                                                                                                                                                                                                                                                                                                                                                                                                                                                                                                                                                                                                                                                                                                                                                                                                                                                                                                                                                                                                                                                                                                                                                                                                                                                                                                                                                                                                                                                                                                                                                                                                                                                                                                                                                                                                                                                                                                                                                                                                                                                                                                                                                                                                                                                                                                                                                                                                                                                                                                                                                                                                                                                                                                                                                                                                                                                                                                                                                                                                                                                                                                                                                                                                                                                                                                                                                                                                                                                                                                                                                                                                                                                                                                                                                                                                                                                                                                                                                                                                                                                                                                                                                                                                                                                                                                                                                                                                                                                                                                                                                                                                                                                                                                                                                                                                                                                                                                                                                                                                                                                                                                                                                                                                                                                                                                                                                                                                                                                                                                                                                                                                                                                                                                                                                                                                                                                                                                                                                                                                                                                                                                                                                                                                                                                                                                                                                                                                                                                                                                                                                                                                                                                                                                                                                                                                                                                                                                                                                                                                                                                                                                                                                                                                                                                                                                                                                                                                                                                                                                                                                                                                                                                                                                                                                                                                                                                                                                                                                                                                                                                                                                                                                                                                                                                                                                                                                                                                                                                                                                                                                                                                                                                                                                                                                                                                                                                                                                                                                                                                                                                                                                                                                                                                                                                                                                                                                                                                                                                                                                                                                                                                                                                                                                                                                                                                                                                                                                                                                                                                                                                                                                                                                                                                                                                                                                                                                                                                                                                                                                                                                                                                                                                                                                                                                                                                                                                                                                                                                                                                                                                                                                                                                                                                                                                                                                                                                                                                                                                                                                                                                                                                                                                                                                                                                                                                                                                                                                                                                                                                                                                                                                                                                                                                                                                                                                                                                                                                                                                                                                                                                                                                                                                                                                                                                                                                                                                                                                                                                                                                                                                                                                                                                                                                                                                                                                                                                                                                                                                                                                                                                                                                                                                                                                                                                                                                                                                                                                                                                                                                                                                                                                                                                                                                                                                                                                                                                                                                                                                                                                                                                                                                                                                                                                                                                                                                                                                                                                                                                                                                                                                                                                                                                                                                                                                                                                                                                                                                                                                                                                                                                                                                                                                                                                                                                                                                                                                                                                                                                                                                                                                                                                                                                                                                                                                                                                                                                                                                                                                                                                                                                                                                                                                                                                                                                                                                                                                                                                                                                                                                                                                                                                                                                                                                                                                                                                                                                                                                                                                                                                                                                                                                                                                                                                                                                                                                                                                                                                                                                                                                                                                                                                                                                                                                                                                                                                                                                                                                                                                                                                                                                                                                                                                                                                                                                                                                                                                                                                                                                                                                                                                                                                                                                                                                                                                                                                                                                                                                                                                                                                                                                                                                                                                                                                                                                                                                                                                                                                                                                                                                                                                                                                                                                                                                                                                                                                                                                                                                                                                                                                                                                                                                                                                                                                                                                                                                                                                                                                                                                                                                                                                                                                                                                                                                                                                                                                                                                                                                                                                                                                                                                                                                                                                                                                                                                                                                                                                                                                                                                                                                                                                                                                                                                                                                                                                                                                                                                                                                                                                                                                                                                                                                                                                                                                                                                                                                                                                                                                                                                                                                                                                                                                                                                                                                                                                                                                                                                                                                                                                                                                                                                                                                                                                                                                                                                                                                                                                                                                                                                                                                                                                                                                                                                                                                                                                                                                                                                                                                                                                                                                                                                                                                                                                                                                                                                                                                                                                                                                                                                                                                                                                                                                                                                                                                                                                                                                                                                                                                                                                                                                                                                                                                                                                                                                                                                                                                                                                                                                                                                                                                                                                                                                                                                                                                                                                                                                                                                                                                                                                                                                                                                                                                                                                                                                                                                                                                                                                                                                                                                                                                                                                                                                                                                                                                                                                                                                                                                                                                                                                                                                                                                                                                                                                                                                                                                                                                                                                                                                                                                                                                                                                                                                                                                                                                                                                                                                                                                                                                                                                                                                                                                                                                                                                                                                                                                                                                                                                                                                                                                                                                                                                                                                                                                                                                                                                                                                                                                                                                                                                                                                                                                                                                                                                                                                                                                                                                                                                                                                                                                                                                                                                                                                                                                                                                                                                                                                                                                                                                                                                                                                                                                                                                                                                                                                                                                                                                                                                                                                                                                                                                                                                                                                                                                                                                                                                                                                                                                                                                                                                                                                                                                                                                                                                                                                                                                                                                                                                                                                                                                                                                                                                                                                                                                                                                                                                                                                                                                                                                                                                                                                                                                                                                                                                                                                                                                                                                                                                                                                                                                                                                                                                                                                                                                                                                                                                                                                                                                                                                                                                                                                                                                                                                                                                                                                                                                                                                                                                                                                                                                                                                                                                                                                                                                                                                                                                                                                                                                                                                                                                                                                                                                                                                                                                                                                                                                                                                                                                                                                                                                                                                                                                                                                                                                                                                                                                                                                                                                                                                                                                                                                                                                                                                                                                                                                                                                                                                                                                                                                                                                                                                                                                                                                                                                                                                                                                                                                                                                                                                                                                                                                                                                                                                                                                                                                                                                                                                                                                                                                                                                                                                                                                                                                                                                                                                                                                                                                                                                                                                                                                                                                                                                                                                                                                                                                                                                                                                                                                                                                                                                                                                                                                                                                                                                                                                                                                                                                                                                                                                                                                                                                                                                                                                                                                                                                                                                                                                                                                                                                                                                                                                                                                                                                                                                                                                                                                                                                                                                                                                                                                                                                                                                                                                                                                                                                                                                                                                                                                                                                                                                                                                                                                                                                                                                                                                                                                                                                                                                                                                                                                                                                                                                                                                                                                                                                                                                                                                                                                                                                                                                                                                                                                                                                                                                                                                                                                                                                                                                                                                                                                                                                                                                                                                                                                                                                                                                                                                                                                                                                                                                                                                                                                                                                                                                                                                                                                                                                                                                                                                                                                                                                                                                                                                                                                                                                                                                                                                                                                                                                                                                                                                                                                                                                                                                                                                                                                                                                                                                                                                                                                                                                                                                                                                                                                                                                                                                                                                                                                                                                                                                                                                                                                                                                                                                                                                                                                                                                                                                                                                                                                                                                                                                                                                                                                                                                                                                                                                                                                                                                                                                                                                                                                                                                                                                                                                                                                                                                                                                                                                                                                                                                                                                                                                                                                                                                                                                                                                                                                                                                                                                                                                                                                                                                                                                                                                                                                                                                                                                                                                                                                                                                                                                                                                                                                                                                                                                                                                                                                                                                                                                                                                                                                                                                                                                                                                                                                                                                                                                                                                                                                                                                                                                                                                                                                                                                                                                                                                                                                                                                                                                                                                                                                                                                                                                                                                                                                                                                                                                                                                                                                                                                                                                                                                                                                                                                                                                                                                                                                                                                                                                                                                                                                                                                                                                                                                                                                                                                                                                                                                                                                                                                                                                                                                                                                                                                                                                                                                                                                                                                                                                                                                                                                                                                                                                                                                                                                                                                                                                                                                                                                                                                                                                                                                                                                                                                                                                                                                                                                                                                                                                                                                                                                                                                                                                                                                                                                                                                                                                                                                                                                                                                                                                                                                                                                                                                                                                                                                                                                                                                                                                                                                                                                                                                                                                                                                                                                                                                                                                                                                                                                                                                                                                                                                                                                                                                                                                                                                                                                                                                                                                                                                                                                                                                                                                                                                                                                                                                                                                                                                                                                                                                                                                                                                                                                                                                                                                                                                                                                                                                                                                                                                                                                                                                                                                                                                                                                                                                                                                                                                                                                                                                                                                                                                                                                                                                                                                                                                                                                                                                                                                                                                                                                                                                                                                                                                                                                                                                                                                                                                                                                                                                                                                                                                                                                                                                                                                                                                                                                                                                                                                                                                                                                                                                                                                                                                                                                                                                                                                                                                                                                                                                                                                                                                                                                                                                                                                                                                                                                                                                                                                                                                                                                                                                                                                                                                                                                                                                                                                                                                                                                                                                                                                                                                                                                                                                                                                                                                                                                                                                                                                                                                                                                                                                                                                                                                                                                                                                                                                                                                                                                                                                                                                                                                                                                                                                                                                                                                                                                                                                                                                                                                                                                                                                                                                                                                                                                                                                                                                                                                                                                                                                                                                                                                                                                                                                                                                                                                                                                                                                                                                                                                                                                                                                                                                                                                                                                                                                                                                                                                                                                                                                                                                                                                                                                                                                                                                                                                                                                                                                                                                                                                                                                                                                                                                                                                                                                                                                                                                                                                                                                                                                                                                                                                                                                                                                                                                                                                                                                                                                                                                                                                                                                                                                                                                                                                                                                                                                                                                                                                                                                                                                                                                                                                                                                                                                                                                                                                                                                                                                                                                                                                                                                                                                                                                                                                                                                                                                                                                                                                                                                                                                                                                                                                                                                                                                                                                                                                                                                                                                                                                                                                                                                                                                                                                                                                                                                                                                                                                                                                                                                                                                                                                                                                                                                                                                                                                                                                                                                                                                                                                                                                                                                                                                                                                                                                                                                                                                                                                                                                                                                                                                                                                                                                                                                                                                                                                                                                                                                                                                                                                                                                                                                                                                                                                                                                                                                                                                                                                                                                                                                                                                                                                                                                                                                                                                                                                                                                                                                                                                                                                                                                                                                                                                                                                                                                                                                                                                                                                                                                                                                                                                                                                                                                                                                                                                                                                                                                                                                                                                                                                                                                                                                                                                                                                                                                                                                                                                                                                                                                                                                                                                                                                                                                                                                                                                                                                                                                                                                                                                                                                                                                                                                                                                                                                                                                                                                                                                                                                                                                                                                                                                                                                                                                                                                                                                                                                                                                                                                                                                                                                                                                                                                                                                                                                                                                                                                                                                                                                                                                                                                                                                                                                                                                                                                                                                                                                                                                                                                                                                                                                                                                                                                                                                                                                                                                                                                                                                                                                                                                                                                                                                                                                                                                                                                                                                                                                                                                                                                                                                                                                                                                                                                                                                                                                                                                                                                                                                                                                                                                                                                                                                                                                                                                                                                                                                                                                                                                                                                                                                                                                                                                                                                                                                                                                                                                                                                                                                                                                                                                                                                                                                                                                                                                                                                                                                                                                                                                                                                                                                                                                                                                                                                                                                                                                                                                                                                                                                                                                                                                                                                                                                                                                                                                                                                                                                                                                                                                                                                                                                                                                                                                                                                                                                                                                                                                                                                                                                                                                                                                                                                                                                                                                                                                                                                                                                                                                                                                                                                                                                                                                                                                                                                                                                                                                                                                                                                                                                                                                                                                                                                                                                                                                                                                                                                                                                                                                                                                                                                                                                                                                                                                                                                                                                                                                                                                                                                                                                                                                                                                                                                                                                                                                                                                                                                                                                                                                                                                                                                                                                                                                                                                                                                                                                                                                                                                                                                                                                                                                                                                                                                                                                                                                                                                                                                                                                                                                                                                                                                                                                                                                                                                                                                                                                                                                                                                                                                                                                                                                                                                                                                                                                                                                                                                                                                                                                                                                                                                                                                                                                                                                                                                                                                                                                                                                                                                                                                                                                                                                                                                                                                                                                                                                                                                                                                                                                                                                                                                                                                                                                                                                                                                                                                                                                                                                                                                                                                                                                                                                                                                                                                                                                                                                                                                                                                                                                                                                                                                                                                                                                                                                                                                                                                                                                                                                                                                                                                                                                                                                                                                                                                                                                                                                                                                                                                                                                                                                                                                                                                                                                                                                                                                                                                                                                                                                                                                                                                                                                                                                                                                                                                                                                                                                                                                                                                                                                                                                                                                                                                                                                                                                                                                                                                                                                                                                                                                                                                                                                                                                                                                                                                                                                                                                                                                                                                                                                                                                                                                                                                                                                                                                                                                                                                                                                                                                                                                                                                                                                                                                                                                                                                                                                                                                                                                                                                                                                                                                                                                                                                                                                                                                                                                                                                                                                                                                                                                                                                                                                                                                                                                                                                                                                                                                                                                                                                                                                                                                                                                                                                                                                                                                                                                                                                                                                                                                                                                                                                                                                                                                                                                                                                                                                                                                                                                                                                                                                                                                                                                                                                                                                                                                                                                                                                                                                                                                                                                                                                                                                                                                                                                                                                                                                                                                                                                                                                                                                                                                                                                                                                                                                                                                                                                                                                                                                                                                                                                                                                                                                                                                                                                                                                                                                                                                                                                                                                                                                                                                                                                                                                                                                                                                                                                                                                                                                                                                                                                                                                                                                                                                                                                                                                                                                                                                                                                                                                                                                                                                                                                                                                                                                                                                                                                                                                                                                                                                                                                                                                                                                                                                                                                                                                                                                                                                                                                                                                                                                                                                                                                                                                                                                                                                                                                                                                                                                                                                                                                                                                                                                                                                                                                                                                                                                                                                                                                                                                                                                                                                                                                                                                                                                                                                                                                                                                                                                                                                                                                                                                                                                                                                                                                                                                                                                                                                                                                                                                                                                                                                                                                                                                                                                                                                                                                                                                                                                                                                                                                                                                                                                                                                                                                                                                                                                                                                                                                                                                                                                                                                                                                                                                                                                                                                                                                                                                                                                                                                                                                                                                                                                                                                                                                                                                                                                                                                                                                                                                                                                                                                                                                                                                                                                                                                                                                                                                                                                                                                                                                                                                                                                                                                                                                                                                                                                                                                                                                                                                                                                                                                                                                                                                                                                                                                                                                                                                                                                                                                                                                                                                                                                                                                                                                                                                                                                                                                                                                                                                                                                                                                                                                                                                                                                                                                                                                                                                                                                                                                                                                                                                                                                                                                                                                                                                                                                                                                                                                                                                                                                                                                                                                                                                                                                                                                                                                                                                                                                                                                                                                                                                                                                                                                                                                                                                                                                                                                                                                                                                                                                                                                                                                                                                                                                                                                                                                                                                                                                                                                                                                                                                                                                                                                                                                                                                                                                                                                                                                                                                                                                                                                                                                                                                                                                                                                                                                                                                                                                                                                                                                                                                                                                                                                                                                                                                                                                                                                                                                                                                                                                                                                                                                                                                                                                                                                                                                                                                                                                                                                                                                                                                                                                                                                                                                                                                                                                                                                                                                                                                                                                                                                                                                                                                                                                                                                                                                                                                                                                                                                                                                                                                                                                                                                                                                                                                                                                                                                                                                                                                                                                                                                                                                                                                                                                                                                                                                                                                                                                                                                                                                                                                                                                                                                                                                                                                                                                                                                                                                                                                                                                                                                                                                                                                                                                                                                                                                                                                                                                                                                                                                                                                                                                                                                                                                                                                                                                                                                                                                                                                                                                                                                                                                                                                                                                                                                                                                                                                                                                                                                                                                                                                                                                                                                                                                                                                                                                                                                                                                                                                                                                                                                                                                                                                                                                                                                                                                                                                                                                                                                                                                                                                                                                                                                                                                                                                                                                                                                                                                                                                                                                                                                                                                                                                                                                                                                                                                                                                                                                                                                                                                                                                                                                                                                                                                                                                                                                                                                                                                                                                                                                                                                                                                                                                                                                                                                                                                                                                                                                                                                                                                                                                                                                                                                                                                                                                                                                                                                                                                                                                                                                                                                                                                                                                                                                                                                                                                                                                                                                                                                                                                                                                                                                                                                                                                                                                                                                                                                                                                                                                                                                                                                                                                                                                                                                                                                                                                                                                                                                                                                                                                                                                                                                                                                                                                                                                                                                                                                                                                                                                                                                                                                                                                                                                                                                                                                                                                                                                                                                                                                                                                                                                                                                                                                                                                                                                                                                                                                                                                                                                                                                                                                                                                                                                                                                                                                                                                                                                                                                                                                                                                                                                                                                                                                                                                                                                                                                                                                                                                                                                                                                                                                                                                                                                                                                                                                                                                                                                                                                                                                                                                                                                                                                                                                                                                                                                                                                                                                                                                                                                                                                                                                                                                                                                                                                                                                                                                                                                                                                                                                                                                                                                                                                                                                                                                                                                                                                                                                                                                                                                                                                                                                                                                                                                                                                                                                                                                                                                                                                                                                                                                                                                                                                                                                                                                                                                                                                                                                                                                                                                                                                                                                                                                                                                                                                                                                                                                                                                                                                                                                                                                                                                                                                                                                                                                                                                                                                                                                                                                                                                                                                                                                                                                                                                                                                                                                                                                                                                                                                                                                                                                                                                                                                                                                                                                                                                                                                                                                                                                                                                                                                                                                                                                                                                                                                                                                                                                                                                                                                                                                                                                                                                                                                                                                                                                                                                                                                                                                                                                                                                                                                                                                                                                                                                                                                                                                                                                                                                                                                                                                                                                                                                                                                                                                                                                                                                                                                                                                                                                                                                                                                                                                                                                                                                                                                                                                                                                                                                                                                                                                                                                                                                                                                                                                                                                                                                                                                                                                                                                                                                                                                                                                                                                                                                                                                                                                                                                                                                                                                                                                                                                                                                                                                                                                                                                                                                                                                                                                                                                                                                                                                                                                                                                                                                                                                                                                                                                                                                                                                                                                                                                                                                                                                                                                                                                                                                                                                                                                                                                                                                                                                                                                                                                                                                                                                                                                                                                                                                                                                                                                                                                                                                                                                                                                                                                                                                                                                                                                                                                                                                                                                                                                                                                                                                                                                                                                                                                                                                                                                                                                                                                                                                                                                                                                                                                                                                                                                                                                                                                                                                                                                                                                                                                                                                                                                                                                                                                                                                                                                                                                                                                                                                                                                                                                                                                                                                                                                                                                                                                                                                                                                                                                                                                                                                                                                                                                                                                                                                                                                                                                                                                                                                                                                                                                                                                                                                                                                                                                                                                                                                                                                                                                                                                                                                                                                                                                                                                                                                                                                                                                                                                                                                                                                                                                                                                                                                                                                                                                                                                                                                                                                                                                                                                                                                                                                                                                                                                                                                                                                                                                                                                                                                                                                                                                                                                                                                                                                                                                                                                                                                                                                                                                                                                                                                                                                                                                                                                                                                                                                                                                                                                                                                                                                                                                                                                                                                                                                                                                                                                                                                                                                                                                                                                                                                                                                                                                                                                                                                                                                                                                                                                                                                                                                                                                                                                                                                                                                                                                                                                                                                                                                                                                                                                                                                                                                                                                                                                                                                                                                                                                                                                                                                                                                                                                                                                                                                                                                                                                                                                                                                                                                                                                                                                                                                                                                                                                                                                                                                                                                                                                                                                                                                                                                                                                                                                                                                                                                                                                                                                                                                                                                                                                                                                                                                                                                                                                                                                                                                                                                                                                                                                                                                                                                                                                                                                                                                                                                                                                                                                                                                                                                                                                                                                                                                                                                                                                                                                                                                                                                                                                                                                                                                                                                                                                                                                                                                                                                                                                                                                                                                                                                                                                                                                                                                                                                                                                                                                                                                                                                                                                                                                                                                                                                                                                                                                                                                                                                                                                                                                                                                                                                                                                                                                                                                                                                                                                                                                                                                                                                                                                                                                                                                                                                                                                                                                                                                                                                                                                                                                                                                                                                                                                                                                                                                                                                                                                                                                                                                                                                                                                                                                                                                                                                                                                                                                                                                                                                                                                                                                                                                                                                                                                                                                                                                                                                                                                                                                                                                                                                                                                                                                                                                                                                                                                                                                                                                                                                                                                                                                                                                                                                                                                                                                                                                                                                                                                                                                                                                                                                                                                                                                                                                                                                                                                                                                                                                                                                                                                                                                                                                                                                                                                                                                                                                                                                                                                                                                                                                                                                                                                                                                                                                                                                                                                                                                                                                                                                                                                                                                                                                                                                                                                                                                                                                                                                                                                                                                                                                                                                                                                                                                                                                                                                                                                                                                                                                                                                                                                                                                                                                                                                                                                                                                                                                                                                                                                                                                                                                                                                                                                                                                                                                                                                                                                                                                                                                                                                                                                                                                                                                                                                                                                                                                                                                                                                                                                                                                                                                                                                                                                                                                                                                                                                                                                                                                                                                                                                                                                                                                                                                                                                                                                                                                                                                                                                                                                                                                                                                                                                                                                                                                                                                                                                                                                                                                                                                                                                                                                                                                                                                                                                                                                                                                                                                                                                                                                                                                                                                                                                                                                                                                                                                                                                                                                                                                                                                                                                                                                                                                                                                                                                                                                                                                                                                                                                                                                                                                                                                                                                                                                                                                                                                                                                                                                                                                                                                                                                                                                                                                                                                                                                                                                                                                                                                                                                                                                                                                                                                                                                                                                                                                                                                                                                                                                                                                                                                                                                                                                                                                                                                                                                                                                                                                                                                                                                                                                                                                                                                                                                                                                                                                                                                                                                                                                                                                                                                                                                                                                                                                                                                                                                                                                                                                                                                                                                                                                                                                                                                                                                                                                                                                                                                                                                                                                                                                                                                                                                                                                                                                                                                                                                                                                                                                                                                                                                                                                                                                                                                                                                                                                                                                                                                                                                                                                                                                                                                                                                                                                                                                                                                                                                                                                                                                                                                                                                                                                                                                                                                                                                                                                                                                                                                                                                                                                                                                                                                                                                                                                                                                                                                                                                                                                                                                                                                                                                                                                                                                                                                                                                                                                                                                                                                                                                                                                                                                                                                                                                                                                                                                                                                                                                                                                                                                                                                                                                                                                                                                                                                                                                                                                                                                                                                                                                                                                                                                                                                                                                                                                                                                                                                                                                                                                                                                                                                                                                                                                                                                                                                                                                                                                                                                                                                                                                                                                                                                                                                                                                                                                                                                                                                                                                                                                                                                                                                                                                                                                                                                                                                                                                                                                                                                                                                                                                                                                                                                                                                                                                                                                                                                                                                                                                                                                                                                                                                                                                                                                                                                                                                                                                                                                                                                                                                                                                                                                                                                                                                                                                                                                                                                                                                                                                                                                                                                                                                                                                                                                                                                                                                                                                                                                                                                                                                                                                                                                                                                                                                                                                                                                                                                                                                                                                                                                                                                                                                                                                                                                                                                                                                                                                                                                                                                                                                                                                                                                                                                                                                                                                                                                                                                                                                                                                                                                                                                                                                                                                                                                                                                                                                                                                                                                                                                                                                                                                                                                                                                                                                                                                                                                                                                                                                                                                                                                                                                                                                                                                                                                                                                                                                                                                                                                                                                                                                                                                                                                                                                                                                                                                                                                                                                                                                                                                                                                                                                                                                                                                                                                                                                                                                                                                                                                                                                                                                                                                                                                                                                                                                                                                                                                                                                                                                                                                                                                                                                                                                                                                                                                                                                                                                                                                                                                                                                                                                                                                                                                                                                                                                                                                                                                                                                                                                                                                                                                                                                                                                                                                                                                                                                                                                                                                                                                                                                                                                                                                                                                                                                                                                                                                                                                                                                                                                                                                                                                                                                                                                                                                                                                                                                                                                                                                                                                                                                                                                                                                                                                                                                                                                                                                                                                                                                                                                                                                                                                                                                                                                                                                                                                                                                                                                                                                                                                                                                                                                                                                                                                                                                                                                                                                                                                                                                                                                                                                                                                                                                                                                                                                                                                                                                                                                                                                                                                                                                                                                                                                                                                                                                                                                                                                                                                                                                                                                                                                                                                                                                                                                                                                                                                                                                                                                                                                                                                                                                                                                                                                                                                                                                                                                                                                                                                                                                                                                                                                                                                                                                                                                                                                                                                                                                                                                                                                                                                                                                                                                                                                                                                                                                                                                                                                                                                                                                                                                                                                                                                                                                                                                                                                                                                                                                                                                                                                                                                                                                                                                                                                                                                                                                                                                                                                                                                                                                                                                                                                                                                                                                                                                                                                                                                                                                                                                                                                                                                                                                                                                                                                                                                                                                                                                                                                                                                                                                                                                                                                                                                                                                                                                                                                                                                                                                                                                                                                                                                                                                                                                                                                                                                                                                                                                                                                                                                                                                                                                                                                                                                                                                                                                                                                                                                                                                                                                                                                                                                                                                                                                                                                                                                                                                                                                                                                                                                                                                                                                                                                                                                                                                                                                                                                                                                                                                                                                                                                                                                                                                                                                                                                                                                                                                                                                                                                                                                                                                                                                                                                                                                                                                                                                                                                                                                                                                                                                                                                                                                                                                                                                                                                                                                                                                                                                                                                                                                                                                                                                                                                                                                                                                                                                                                                                                                                                                                                                                                                                                                                                                                                                                                                                                                                                                                                                                                                                                                                                                                                                                                                                                                                                                                                                                                                                                                                                                                                                                                                                                                                                                                                                                                                                                                                                                                                                                                                                                                                                                                                                                                                                                                                                                                                                                                                                                                                                                                                                                                                                                                                                                                                                                                                                                                                                                                                                                                                                                                                                                                                                                                                                                                                                                                                                                                                                                                                                                                                                                                                                                                                                                                                                                                                                                                                                                                                                                                                                                                                                                                                                                                                                                                                                                                                                                                                                                                                                                                                                                                                                                                                                                                                                                                                                                                                                                                                                                                                                                                                                                                                                                                                                                                                                                                                                                                                                                                                                                                                                                                                                                                                                                                                                                                                                                                                                                                                                                                                                                                                                                                                                                                                                                                                                                                                                                                                                                                                                                                                                                                                                                                                                                                                                                                                                                                                                                                                                                                                                                                                                                                                                                                                                                                                                                                                                                                                                                                                                                                                                                                                                                                                                                                                                                                                                                                                                                                                                                                                                                                                                                                                                                                                                                                                                                                                                                                                                                                                                                                                                                                                                                                                                                                                                                                                                                                                                                                                                                                                                                                                                                                                                                                                                                                                                                                                                                                                                                                                                                                                                                                                                                                                                                                                                                                                                                                                                                                                                                                                                                                                                                                                                                                                                                                                                                                                                                                                                                                                                                                                                                                                                                                                                                                                                                                                                                                                                                                                                                                                                                                                                                                                                                                                                                                                                                                                                                                                                                                                                                                                                                                                                                                                                                                                                                                                                                                                                                                                                                                                                                                                                                                                                                                                                                                                                                                                                                                                                                                                                                                                                                                                                                                                                                                                                                                                                                                                                                                                                                                                                                                                                                                                                                                                                                                                                                                                                                                                                                                                                                                                                                                                                                                                                                                                                                                                                                                                                                                                                                                                                                                                                                                                                                                                                                                                                                                                                                                                                                                                                                                                                                                                                                                                                                                                                                                                                                                                                                                                                                                                                                                                                                                                                                                                                                                                                                                                                                                                                                                                                                                                                                                                                                                                                                                                                                                                                                                                                                                                                                                                                                                                                                                                                                                                                                                                                                                                                                                                                                                                                                                                                                                                                                                                                                                                                                                                                                                                                                                                                                                                                                                                                                                                                                                                                                                                                                                                                                                                                                                                                                                                                                                                                                                                                                                                                                                                                                                                                                                                                                                                                                                                                                                                                                                                                                                                                                                                                                                                                                                                                                                                                                                                                                                                                                                                                                                                                                                                                                                                                                                                                                                                                                                                                                                                                                                                                                                                                                                                                                                                                                                                                                                                                                                                                                                                                                                                                                                                                                                                                                                                                                                                                                                                                                                                                                                                                                                                                                                                                                                                                                                                                                                                                                                                                                                                                                                                                                                                                                                                                                                                                                                                                                                                                                                                                                                                                                                                                                                                                                                                                                                                                                                                                                                                                                                                                                                                                                                                                                                                                                                                                                                                                                                                                                                                                                                                                                                                                                                                                                                                                                                                                                                                                                                                                                                                                                                                                                                                                                                                                                                                                                                                                                                                                                                                                                                                                                                                                                                                                                                                                                                                                                                                                                                                                                                                                                                                                                                                                                                                                                                                                                                                                                                                                                                                                                                                                                                                                                                                                                                                                                                                                                                                                                                                                                                                                                                                                                                                                                                                                                                                                                                                                                                                                                                                                                                                                                                                                                                                                                                                                                                                                                                                                                                                                                                                                                                                                                                                                                                                                                                                                                                                                                                                                                                                                                                                                                                                                                                                                                                                                                                                                                                                                                                                                                                                                                                                                                                                                                                                                                                                                                                                                                                                                                                                                                                                                                                                                                                                                                                                                                                                                                                                                                                                                                                                                                                                                                                                                                                                                                                                                                                                                                                                                                                                                                                                                                                                                                                                                                                                                                                                                                                                                                                                                                                                                                                                                                                                                                                                                                                                                                                                                                                                                                                                                                                                                                                                                                                                                                                                                                                                                                                                                                                                                                                                                                                                                                                                                                                                                                                                                                                                                                                                                                                                                                                                                                                                                                                                                                                                                                                                                                                                                                                                                                                                                                                                                                                                                                                                                                                                                                                                                                                                                                                                                                                                                                                                                                                                                                                                                                                                                                                                                                                                                                                                                                                                                                                                                                                                                                                                                                                                                                                                                                                                                                                                                                                                                                                                                                                                                                                                                                                                                                                                                                                                                                                                                                                                                                                                                                                                                                                                                                                                                                                                                                                                                                                                                                                                                                                                                                                                                                                                                                                                                                                                                                                                                                                                                                                                                                                                                                                                                                                                                                                                                                                                                                                                                                                                                                                                                                                                                                                                                                                                                                                                                                                                                                                                                                                                                                                                                                                                                                                                                                                                                                                                                                                                                                                                                                                                                                                                                                                                                                                                                                                                                                                                                                                                                                                                                                                                                                                                                                                                                                                                                                                                                                                                                                                                                                                                                                                                                                                                                                                                                                                                                                                                                                                                                                                                                                                                                                                                                                                                                                                                                                                                                                                                                                                                                                                                                                                                                                                                                                                                                                                                                                                                                                                                                                                                                                                                                                                                                                                                                                                                                                                                                                                                                                                                                                                                                                                                                                                                                                                                                                                                                                                                                                                                                                                                                                                                                                                                                                                                                                                                                                                                                                                                                                                                                                                                                                                                                                                                                                                                                                                                                                                                                                                                                                                                                                                                                                                                                                                                                                                                                                                                                                                                                                                                                                                                                                                                                                                                                                                                                                                                                                                                                                                                                                                                                                                                                                                                                                                                                                                                                                                                                                                                                                                                                                                                                                                                                                                                                                                                                                                                                                                                                                                                                                                                                                                                                                                                                                                                                                                                                                                                                                                                                                                                                                                                                                                                                                                                                                                                                                                                                                                                                                                                                                                                                                                                                                                                                                                                                                                                                                                                                                                                                                                                                                                                                                                                                                                                                                                                                                                                                                                                                                                                                                                                                                                                                                                                                                                                                                                                                                                                                                                                                                                                                                                                                                                                                                                                                                                                                                                                                                                                                                                                                                                                                                                                                                                                                                                                                                                                                                                                                                                                                                                                                                                                                                                                                                                                                                                                                                                                                                                                                                                                                                                                                                                                                                                                                                                                                                                                                                                                                                                                                                                                                                                                                                                                                                                                                                                                                                                                                                                                                                                                                                                                                                                                                                                                                                                                                                                                                                                                                                                                                                                                                                                                                                                                                                                                                                                                                                                                                                                                                                                                                                                                                                                                                                                                                                                                                                                                                                                                                                                                                                                                                                                                                                                                                                                                                                                                                                                                                                                                                                                                                                                                                                                                                                                                                                                                                                                                                                                                                                                                                                                                                                                                                                                                                                                                                                                                                                                                                                                                                                                                                                                                                                                                                                                                                                                                                                                                                                                                                                                                                                                                                                                                                                                                                                                                                                                                                                                                                                                                                                                                                                                                                                                                                                                                                                                                                                                                                                                                                                                                                                                                                                                                                                                                                                                                                                                                                                                                                                                                                                                                                                                                                                                                                                                                                                                                                                                                                                                                                                                                                                                                                                                                                                                                                                                                                                                                                                                                                                                                                                                                                                                                                                                                                                                                                                                                                                                                                                                                                                                                                                                                                                                                                                                                                                                                                                                                                                                                                                                                                                                                                                                                                                                                                                                                                                                                                                                                                                                                                                                                                                                                                                                                                                                                                                                                                                                                                                                                                                                                                                                                                                                                                                                                                                                                                                                                                                                                                                                                                                                                                                                                                                                                                                                                                                                                                                                                                                                                                                                                                                                                                                                                                                                                                                                                                                                                                                                                                                                                                                                                                                                                                                                                                                                                                                                                                                                                                                                                                                                                                                                                                                                                                                                                                                                                                                                                                                                                                                                                                                                                                                                                                                                                                                                                                                                                                                                                                                                                                                                                                                                                                                                                                                                                                                                                                                                                                                                                                                                                                                                                                                                                                                                                                                                                                                                                                                                                                                                                                                                                                                                                                                                                                                                                                                                                                                                                                                                                                                                                                                                                                                                                                                                                                                                                                                                                                                                                                                                                                                                                                                                                                                                                                                                                                                                                                                                                                                                                                                                                                                                                                                                                                                                                                                                                                                                                                                                                                                                                                                                                                                                                                                                                                                                                                                                                                                                                                                                                                                                                                                                                                                                                                                                                                                                                                                                                                                                                                                                                                                                                                                                                                                                                                                                                                                                                                                                                                                                                                                                                                                                                                                                                                                                                                                                                                                                                                                                                                                                                                                                                                                                                                                                                                                                                                                                                                                                                                                                                                                                                                                                                                                                                                                                                                                                                                                                                                                                                                                                                                                                                                                                                                                                                                                                                                                                                                                                                                                                                                                                                                                                                                                                                                                                                                                                                                                                                                                                                                                                                                                                                                                                                                                                                                                                                                                                                                                                                                                                                                                                                                                                                                                                                                                                                                                                                                                                                                                                                                                                                                                                                                                                                                                                                                                                                                                                                                                                                                                                                                                                                                                                                                                                                                                                                                                                                                                                                                                                                                                                                                                                                                                                                                                                                                                                                                                                                                                                                                                                                                                                                                                                                                                                                                                                                                                                                                                                                                                                                                                                                                                                                                                                                                                                                                                                                                                                                                                                                                                                                                                                                                                                                                                                                                                                                                                                                                                                                                                                                                                                                                                                                                                                                                                                                                                                                                                                                                                                                                                                                                                                                                                                                                                                                                                                                                                                                                                                                                                                                                                                                                                                                                                                                                                                                                                                                                                                                                                                                                                                                                                                                                                                                                                                                                                                                                                                                                                                                                                                                                                                                                                                                                                                                                                                                                                                                                                                                                                                                                                                                                                                                                                                                                                                                                                                                                                                                                                                                                                                                                                                                                                                                                                                                                                                                                                                                                                                                                                                                                                                                                                                                                                                                                                                                                                                                                                                                                                                                                                                                                                                                                                                                                                                                                                                                                                                                                                                                                                                                                                                                                                                                                                                                                                                                                                                                                                                                                                                                                                                                                                                                                                                                                                                                                                                                                                                                                                                                                                                                                                                                                                                                                                                                                                                                                                                                                                                                                                                                                                                                                                                                                                                                                                                                                                                                                                                                                                                                                                                                                                                                                                                                                                                                                                                                                                                                                                                                                                                                                                                                                                                                                                                                                                                                                                                                                                                                                                                                                                                                                                                                                                                                                                                                                                                                                                                                                                                                                                                                                                                                                                                                                                                                                                                                                                                                                                                                                                                                                                                                                                                                                                                                                                                                                                                                                                                                                                                                                                                                                                                                                                                                                                                                                                                                                                                                                                                                                                                                                                                                                                                                                                                                                                                                                                                                                                                                                                                                                                                                                                                                                                                                                                                                                                                                                                                                                                                                                                                                                                                                                                                                                                                                                                                                                                                                                                                                                                                                                                                                                                                                                                                                                                                                                                                                                                                                                                                                                                                                                                                                                                                                                                                                                                                                                                                                                                                                                                                                                                                                                                                                                                                                                                                                                                                                                                                                                                                                                                                                                                                                                                                                                                                                                                                                                                                                                                                                                                                                                                                                                                                                                                                                                                                                                                                                                                                                                                                                                                                                                                                                                                                                                                                                                                                                                                                                                                                                                                                                                                                                                                                                                                                                                                                                                                                                                                                                                                                                                                                                                                                                                                                                                                                                                                                                                                                                                                                                                                                                                                                                                                                                                                                                                                                                                                                                                                                                                                                                                                                                                                                                                                                                                                                                                                                                                                                                                                                                                                                                                                                                                                                                                                                                                                                                                                                                                                                                                                                                                                                                                                                                                                                                                                                                                                                                                                                                                                                                                                                                                                                                                                                                                                                                                                                                                                                                                                                                                                                                                                                                                                                                                                                                                                                                                                                                                                                                                                                                                                                                                                                                                                                                                                                                                                                                                                                                                                                                                                                                                                                                                                                                                                                                                                                                                                                                                                                                                                                                                                                                                                                                                                                                                                                                                                                                                                                                                                                                                                                                                                                                                                                                                                                                                                                                                                                                                                                                                                                                                                                                                                                                                                                                                                                                                                                                                                                                                                                                                                                                                                                                                                                                                                                                                                                                                                                                                                                                                                                                                                                                                                                                                                                                                                                                                                                                                                                                                                                                                                                                                                                                                                                                                                                                                                                                                                                                                                                                                                                                                                                                                                                                                                                                                                                                                                                                                                                                                                                                                                                                                                                                                                                                                                                                                                                                                                                                                                                                                                                                                                                                                                                                                                                                                                                                                                                                                                                                                                                                                                                                                                                                                                                                                                                                                                                                                                                                                                                                                                                                                                                                                                                                                                                                                                                                                                                                                                                                                                                                                                                                                                                                                                                                                                                                                                                                                                                                                                                                                                                                                                                                                                                                                                                                                                                                                                                                                                                                                                                                                                                                                                                                                                                                                                                                                                                                                                                                                                                                                                                                                                                                                                                                                                                                                                                                                                                                                                                                                                                                                                                                                                                                                                                                                                                                                                                                                                                                                                                                                                                                                                                                                                                                                                                                                                                                                                                                                                                                                                                                                                                                                                                                                                                                                                                                                                                                                                                                                                                                                                                                                                                                                                                                                                                                                                                                                                                                                                                                                                                                                                                                                                                                                                                                                                                                                                                                                                                                                                                                                                                                                                                                                                                                                                                                                                                                                                                                                                                                                                                                                                                                                                                                                                                                                                                                                                                                                                                                                                                                                                                                                                                                                                                                                                                                                                                                                                                                                                                                                                                                                                                                                                                                                                                                                                                                                                                                                                                                                                                                                                                                                                                                                                                                                                                                                                                                                                                                                                                                                                                                                                                                                                                                                                                                                                                                                                                                                                                                                                                                                                                                                                                                                                                                                                                                                                                                                                                                                                                                                                                                                                                                                                                                                                                                                                                                                                                                                                                                                                                                                                                                                                                                                                                                                                                                                                                                                                                                                                                                                                                                                                                                                                                                                                                                                                                                                                                                                                                                                                                                                                                                                                                                                                                                                                                                                                                                                                                                                                                                                                                                                                                                                                                                                                                                                                                                                                                                                                                                                                                                                                                                                                                                                                                                                                                                                                                                                                                                                                                                                                                                                                                                                                                                                                                                                                                                                                                                                                                                                                                                                                                                                                                                                                                                                                                                                                                                                                                                                                                                                                                                                                                                                                                                                                                                                                                                                                                                                                                                                                                                                                                                                                                                                                                                                                                                                                                                                                                                                                                                                                                                                                                                                                                                                                                                                                                                                                                                                                                                                                                                                                                                                                                                                                                                                                                                                                                                                                                                                                                                                                                                                                                                                                                                                                                                                                                                                                                                                                                                                                                                                                                                                                                                                                                                                                                                                                                                                                                                                                                                                                                                                                                                                                                                                                                                                                                                                                                                                                                                                                                                                                                                                                                                                                                                                                                                                                                                                                                                                                                                                                                                                                                                                                                                                                                                                                                                                                                                                                                                                                                                                                                                                                                                                                                                                                                                                                                                                                                                                                                                                                                                                                                                                                                                                                                                                                                                                                                                                                                                                                                                                                                                                                                                                                                                                                                                                                                                                                                                                                                                                                                                                                                                                                                                                                                                                                                                                                                                                                                                                                                                                                                                                                                                                                                                                                                                                                                                                                                                                                                                                                                                                                                                                                                                                                                                                                                                                                                                                                                                                                                                                                                                                                                                                                                                                                                                                                                                                                                                                                                                                                                                                                                                                                                                                                                                                                                                                                                                                                                                                                                                                                                                                                                                                                                                                                                                                                                                                                                                                                                                                                                                                                                                                                                                                                                                                                                                                                                                                                                                                                                                                                                                                                                                                                                                                                                                                                                                                                                                                                                                                                                                                                                                                                                                                                                                                                                                                                                                                                                                                                                                                                                                                                                                                                                                                                                                                                                                                                                                                                                                                                                                                                                                                                                                                                                                                                                                                                                                                                                                                                                                                                                                                                                                                                                                                                                                                                                                                                                                                                                                                                                                                                                                                                                                                                                                                                                                                                                                                                                                                                                                                                                                                                                                                                                                                                                                                                                                                                                                                                                                                                                                                                                                                                                                                                                                                                                                                                                                                                                                                                                                                                                                                                                                                                                                                                                                                                                                                                                                                                                                                                                                                                                                                                                                                                                                                                                                                                                                                                                                                                                                                                                                                                                                                                                                                                                                                                                                                                                                                                                                                                                                                                                                                                                                                                                                                                                                                                                                                                                                                                                                                                                                                                                                                                                                                                                                                                                                                                                                                                                                                                                                                                                                                                                                                                                                                                                                                                                                                                                                                                                                                                                                                                                                                                                                                                                                                                                                                                                                                                                                                                                                                                                                                                                                                                                                                                                                                                                                                                                                                                                                                                                                                                                                                                                                                                                                                                                                                                                                                                                                                                                                                                                                                                                                                                                                                                                                                                                                                                                                                                                                                                                                                                                                                                                                                                                                                                                                                                                                                                                                                                                                                                                                                                                                                                                                                                                                                                                                                                                                                                                                                                                                                                                                                                                                                                                                                                                                                                                                                                                                                                                                                                                                                                                                                                                                                                                                                                                                                                                                                                                                                                                                                                                                                                                                                                                                                                                                                                                                                                                                                                                                                                                                                                                                                                                                                                                                                                                                                                                                                                                                                                                                                                                                                                                                                                                                                                                                                                                                                                                                                                                                                                                                                                                                                                                                                                                                                                                                                                                                                                                                                                                                                                                                                                                                                                                                                                                                                                                                                                                                                                                                                                                                                                                                                                                                                                                                                                                                                                                                                                                                                                                                                                                                                                                                                                                                                                                                                                                                                                                                                                                                                                                                                                                                                                                                                                                                                                                                                                                                                                                                                                                                                                                                                                                                                                                                                                                                                                                                                                                                                                                                                                                                                                                                                                                                                                                                                                                                                                                                                                                                                                                                                                                                                                                                                                                                                                                                                                                                                                                                                                                                                                                                                                                                                                                                                                                                                                                                                                                                                                                                                                                                                                                                                                                                                                                                                                                                                                                                                                                                                                                                                                                                                                                                                                                                                                                                                                                                                                                                                                                                                                                                                                                                                                                                                                                                                                                                                                                                                                                                                                                                                                                                                                                                                                                                                                                                                                                                                                                                                                                                                                                                                                                                                                                                                                                                                                                                                                                                                                                                                                                                                                                                                                                                                                                                                                                                                                                                                                                                                                                                                                                                                                                                                                                                                                                                                                                                                                                                                                                                                                                                                                                                                                                                                                                                                                                                                                                                                                                                                                                                                                                                                                                                                                                                                                                                                                                                                                                                                                                                                                                                                                                                                                                                                                                                                                                                                                                                                                                                                                                                                                                                                                                                                                                                                                                                                                                                                                                                                                                                                                                                                                                                                                                                                                                                                                                                                                                                                                                                                                                                                                                                                                                                                                                                                                                                                                                                                                                                                                                                                                                                                                                                                                                                                                                                                                                                                                                                                                                                                                                                                                                                                                                                                                                                                                                                                                                                                                                                                                                                                                                                                                                                                                                                                                                                                                                                                                                                                                                                                                                                                                                                                                                                                                                                                                                                                                                                                                                                                                                                                                                                                                                                                                                                                                                                                                                                                                                                                                                                                                                                                                                                                                                                                                                                                                                                                                                                                                                                                                                                                                                                                                                                                                                                                                                                                                                                                                                                                                                                                                                                                                                                                                                                                                                                                                                                                                                                                                                                                                                                                                                                                                                                                                                                                                                                                                                                                                                                                                                                                                                                                                                                                                                                                                                                                                                                                                                                                                                                                                                                                                                                                                                                                                                                                                                                                                                                                                                                                                                                                                                                                                                                                                                                                                                                                                                                                                                                                                                                                                                                                                                                                                                                                                                                                                                                                                                                                                                                                                                                                                                                                                                                                                                                                                                                                                                                                                                                                                                                                                                                                                                                                                                                                                                                                                                                                                                                                                                                                                                                                                                                                                                                                                                                                                                                                                                                                                                                                                                                                                                                                                                                                                                                                                                                                                                                                                                                                                                                                                                                                                                                                                                                                                                                                                                                                                                                                                                                                                                                                                                                                                                                                                                                                                                                                                                                                                                                                                                                                                                                                                                                                                                                                                                                                                                                                                                                                                                                                                                                                                                                                                                                                                                                                                                                                                                                                                                                                                                                                                                                                                                                                                                                                                                                                                                                                                                                                                                                                                                                                                                                                                                                                                                                                                                                                                                                                                                                                                                                                                                                                                                                                                                                                                                                                                                                                                                                                                                                                                                                                                                                                                                                                                                                                                                                                                                                                                                                                                                                                                                                                                                                                                                                                                                                                                                                                                                                                                                                                                                                                                                                                                                                                                                                                                                                                                                                                                                                                                                                                                                                                                                                                                                                                                                                                                                                                                                                                                                                                                                                                                                                                                                                                                                                                                                                                                                                                                                                                                                                                                                                                                                                                                                                                                                                                                                                                                                                                                                                                                                                                                                                                                                                                                                                                                                                                                                                                                                                                                                                                                                                                                                                                                                                                                                                                                                                                                                                                                                                                                                                                                                                                                                                                                                                                                                                                                                                                                                                                                                                                                                                                                                                                                                                                                                                                                                                                                                                                                                                                                                                                                                                                                                                                                                                                                                                                                                                                                                                                                                                                                                                                                                                                                                                                                                                                                                                                                                                                                                                                                                                                                                                                                                                                                                                                                                                                                                                                                                                                                                                                                                                                                                                                                                                                                                                                                                                                                                                                                                                                                                                                                                                                                                                                                                                                                                                                                                                                                                                                                                                                                                                                                                                                                                                                                                                                                                                                                                                                                                                                                                                                                                                                                                                                                                                                                                                                                                                                                                                                                                                                                                                                                                                                                                                                                                                                                                                                                                                                                                                                                                                                                                                                                                                                                                                                                                                                                                                                                                                                                                                                                                                                                                                                                                                                                                                                                                                                                                                                                                                                                                                                                                                                                                                                                                                                                                                                                                                                                                                                                                                                                                                                                                                                                                                                                                                                                                                                                                                                                                                                                                                                                                                                                                                                                                                                                                                                                                                                                                                                                                                                                                                                                                                                                                                                                                                                                                                                                                                                                                                                                                                                                                                                                                                                                                                                                                                                                                                                                                                                                                                                                                                                                                                                                                                                                                                                                                                                                                                                                                                                                                                                                                                                                                                                                                                                                                                                                                                                                                                                                                                                                                                                                                                                                                                                                                                                                                                                                                                                                                                                                                                                                                                                                                                                                                                                                                                                                                                                                                                                                                                                                                                                                                                                                                                                                                                                                                                                                                                                                                                                                                                                                                                                                                                                                                                                                                                                                                                                                                                                                                                                                                                                                                                                                                                                                                                                                                                                                                                                                                                                                                                                                                                                                                                                                                                                                                                                                                                                                                                                                                                                                                                                                                                                                                                                                                                                                                                                                                                                                                                                                                                                                                                                                                                                                                                                                                                                                                                                                                                                                                                                                                                                                                                                                                                                                                                                                                                                                                                                                                                                                                                                                                                                                                                                                                                                                                                                                                                                                                                                                                                                                                                                                                                                                                                                                                                                                                                                                                                                                                                                                                                                                                                                                                                                                                                                                                                                                                                                                                                                                                                                                                                                                                                                                                                                                                                                                                                                                                                                                                                                                                                                                                                                                                                                                                                                                                                                                                                                                                                                                                                                                                                                                                                                                                                                                                                                                                                                                                                                                                                                                                                                                                                                                                                                                                                                                                                                                                                                                                                                                                                                                                                                                                                                                                                                                                                                                                                                                                                                                                                                                                                                                                                                                                                                                                                                                                                                                                                                                                                                                                                                                                                                                                                                                                                                                                                                                                                                                                                                                                                                                                                                                                                                                                                                                                                                                                                                                                                                                                                                                                                                                                                                                                                                                                                                                                                                                                                                                                                                                                                                                                                                                                                                                                                                                                                                                                                                                                                                                                                                                                                                                                                                                                                                                                                                                                                                                                                                                                                                                                                                                                                                                                                                                                                                                                                                                                                                                                                                                                                                                                                                                                                                                                                                                                                                                                                                                                                                                                                                                                                                                                                                                                                                                                                                                                                                                                                                                                                                                                                                                                                                                                                                                                                                                                                                                                                                                                                                                                                                                                                                                                                                                                                                                                                                                                                                                                                                                                                                                                                                                                                                                                                                                                                                                                                                                                                                                                                                                                                                                                                                                                                                                                                                                                                                                                                                                                                                                                                                                                                                                                                                                                                                                                                                                                                                                                                                                                                                                                                                                                                                                                                                                                                                                                                                                                                                                                                                                                                                                                                                                                                                                                                                                                                                                                                                                                                                                                                                                                                                                                                                                                                                                                                                                                                                                                                                                                                                                                                                                                                                                                                                                                                                                                                                                                                                                                                                                                                                                                                                                                                                                                                                                                                                                                                                                                                                                                                                                                                                                                                                                                                                                                                                                                                                                                                                                                                                                                                                                                                                                                                                                                                                                                                                                                                                                                                                                                                                                                                                                                                                                                                                                                                                                                                                                                                                                                                                                                                                                                                                                                                                                                                                                                                                                                                                                                                                                                                                                                                                                                                                                                                                                                                                                                                                                                                                                                                                                                                                                                                                                                                                                                                                                                                                                                                                                                                                                                                                                                                                                                                                                                                                                                                                                                                                                                                                                                                                                                                                                                                                                                                                                                                                                                                                                                                                                                                                                                                                                                                                                                                                                                                                                                                                                                                                                                                                                                                                                                                                                                                                                                                                                                                                                                                                                                                                                                                                                                                                                                                                                                                                                                                                                                                                                                                                                                                                                                                                                                                                                                                                                                                                                                                                                                                                                                                                                                                                                                                                                                                                                                                                                                                                                                                                                                                                                                                                                                                                                                                                                                                                                                                                                                                                                                                                                                                                                                                                                                                                                                                                                                                                                                                                                                                                                                                                                                                                                                                                                                                                                                                                                                                                                                                                                                                                                                                                                                                                                                                                                                                                                                                                                                                                                                                                                                                                                                                                                                                                                                                                                                                                                                                                                                                                                                                                                                                                                                                                                                                                                                                                                                                                                                                                                                                                                                                                                                                                                                                                                                                                                                                                                                                                                                                                                                                                                                                                                                                                                                                                                                                                                                                                                                                                                                                                                                                                                                                                                                                                                                                                                                                                                                                                                                                                                                                                                                                                                                                                                                                                                                                                                                                                                                                                                                                                                                                                                                                                                                                                                                                                                                                                                                                                                                                                                                                                                                                                                                                                                                                                                                                                                                                                                                                                                                                                                                                                                                                                                                                                                                                                                                                                                                                                                                                                                                                                                                                                                                                                                                                                                                                                                                                                                                                                                                                                                                                                                                                                                                                2025/11/17 00:19:42.551, NVIDIA A100-SXM4-40GB, 0, P0, 1410 MHz, 1215 MHz, 91 %, 28 %, 91.16 W
2025/11/17 00:19:42.754, NVIDIA A100-SXM4-40GB, 0, P0, 1410 MHz, 1215 MHz, 6 %, 0 %, 82.01 W
2025/11/17 00:19:42.957, NVIDIA A100-SXM4-40GB, 0, P0, 1410 MHz, 1215 MHz, 0 %, 0 %, 81.68 W
2025/11/17 00:19:43.183, NVIDIA A100-SXM4-40GB, 0, P0, 1410 MHz, 1215 MHz, 2 %, 0 %, 268.49 W
2025/11/17 00:19:43.387, NVIDIA A100-SXM4-40GB, 0, P0, 1410 MHz, 1215 MHz, 97 %, 21 %, 132.74 W
2025/11/17 00:19:43.591, NVIDIA A100-SXM4-40GB, 0, P0, 1410 MHz, 1215 MHz, 56 %, 17 %, 82.36 W
2025/11/17 00:19:43.794, NVIDIA A100-SXM4-40GB, 0, P0, 1410 MHz, 1215 MHz, 0 %, 0 %, 81.68 W
2025/11/17 00:19:43.997, NVIDIA A100-SXM4-40GB, 0, P0, 1410 MHz, 1215 MHz, 0 %, 0 %, 81.14 W
2025/11/17 00:19:44.201, NVIDIA A100-SXM4-40GB, 0, P0, 1410 MHz, 1215 MHz, 0 %, 0 %, 81.22 W
2025/11/17 00:19:44.405, NVIDIA A100-SXM4-40GB, 0, P0, 1410 MHz, 1215 MHz, 0 %, 0 %, 81.14 W
2025/11/17 00:19:44.608, NVIDIA A100-SXM4-40GB, 0, P0, 1410 MHz, 1215 MHz, 0 %, 0 %, 81.14 W
2025/11/17 00:19:44.812, NVIDIA A100-SXM4-40GB, 0, P0, 1410 MHz, 1215 MHz, 0 %, 0 %, 80.82 W
2025/11/17 00:19:45.015, NVIDIA A100-SXM4-40GB, 0, P0, 1410 MHz, 1215 MHz, 0 %, 0 %, 80.82 W
2025/11/17 00:19:45.218, NVIDIA A100-SXM4-40GB, 0, P0, 1410 MHz, 1215 MHz, 0 %, 0 %, 80.82 W
2025/11/17 00:19:45.421, NVIDIA A100-SXM4-40GB, 0, P0, 285 MHz, 1215 MHz, 0 %, 0 %, 55.29 W
2025/11/17 00:19:45.625, NVIDIA A100-SXM4-40GB, 0, P0, 270 MHz, 1215 MHz, 0 %, 0 %, 54.25 W
2025/11/17 00:19:45.828, NVIDIA A100-SXM4-40GB, 0, P0, 255 MHz, 1215 MHz, 0 %, 0 %, 53.99 W
2025/11/17 00:19:46.032, NVIDIA A100-SXM4-40GB, 0, P0, 225 MHz, 1215 MHz, 0 %, 0 %, 54.21 W
2025/11/17 00:19:46.237, NVIDIA A100-SXM4-40GB, 0, P0, 210 MHz, 1215 MHz, 0 %, 0 %, 54.27 W
2025/11/17 00:19:46.441, NVIDIA A100-SXM4-40GB, 0, P0, 210 MHz, 1215 MHz, 0 %, 0 %, 54.10 W
2025/11/17 00:19:46.645, NVIDIA A100-SXM4-40GB, 0, P0, 210 MHz, 1215 MHz, 0 %, 0 %, 54.04 W
2025/11/17 00:19:46.848, NVIDIA A100-SXM4-40GB, 0, P0, 210 MHz, 1215 MHz, 0 %, 0 %, 54.04 W
2025/11/17 00:19:47.052, NVIDIA A100-SXM4-40GB, 0, P0, 210 MHz, 1215 MHz, 0 %, 0 %, 53.72 W
2025/11/17 00:19:47.256, NVIDIA A100-SXM4-40GB, 0, P0, 210 MHz, 1215 MHz, 0 %, 0 %, 54.27 W
2025/11/17 00:19:47.460, NVIDIA A100-SXM4-40GB, 0, P0, 1095 MHz, 1215 MHz, 0 %, 0 %, 60.29 W
2025/11/17 00:19:47.667, NVIDIA A100-SXM4-40GB, 0, P0, 1095 MHz, 1215 MHz, 3 %, 0 %, 60.55 W
2025/11/17 00:19:47.871, NVIDIA A100-SXM4-40GB, 0, P0, 1095 MHz, 1215 MHz, 19 %, 1 %, 60.23 W
2025/11/17 00:19:48.075, NVIDIA A100-SXM4-40GB, 0, P0, 1095 MHz, 1215 MHz, 0 %, 0 %, 60.29 W
2025/11/17 00:19:48.278, NVIDIA A100-SXM4-40GB, 0, P0, 1095 MHz, 1215 MHz, 0 %, 0 %, 60.29 W
2025/11/17 00:19:48.481, NVIDIA A100-SXM4-40GB, 0, P0, 1095 MHz, 1215 MHz, 0 %, 0 %, 60.49 W
2025/11/17 00:19:48.685, NVIDIA A100-SXM4-40GB, 0, P0, 1095 MHz, 1215 MHz, 0 %, 0 %, 60.55 W
2025/11/17 00:19:48.888, NVIDIA A100-SXM4-40GB, 0, P0, 1095 MHz, 1215 MHz, 0 %, 0 %, 60.88 W
2025/11/17 00:19:49.092, NVIDIA A100-SXM4-40GB, 0, P0, 1095 MHz, 1215 MHz, 0 %, 0 %, 60.62 W
2025/11/17 00:19:49.298, NVIDIA A100-SXM4-40GB, 0, P0, 1095 MHz, 1215 MHz, 0 %, 0 %, 59.69 W
2025/11/17 00:19:49.502, NVIDIA A100-SXM4-40GB, 0, P0, 360 MHz, 1215 MHz, 0 %, 0 %, 54.42 W
2025/11/17 00:19:49.707, NVIDIA A100-SXM4-40GB, 0, P0, 330 MHz, 1215 MHz, 0 %, 0 %, 54.04 W
2025/11/17 00:19:49.910, NVIDIA A100-SXM4-40GB, 0, P0, 300 MHz, 1215 MHz, 0 %, 0 %, 54.10 W
2025/11/17 00:19:50.114, NVIDIA A100-SXM4-40GB, 0, P0, 270 MHz, 1215 MHz, 0 %, 0 %, 53.61 W
2025/11/17 00:19:50.317, NVIDIA A100-SXM4-40GB, 0, P0, 255 MHz, 1215 MHz, 0 %, 0 %, 53.77 W
2025/11/17 00:19:50.521, NVIDIA A100-SXM4-40GB, 0, P0, 225 MHz, 1215 MHz, 0 %, 0 %, 53.83 W
2025/11/17 00:19:50.735, NVIDIA A100-SXM4-40GB, 0, P0, 1095 MHz, 1215 MHz, 3 %, 0 %, 80.38 W
2025/11/17 00:19:50.939, NVIDIA A100-SXM4-40GB, 0, P0, 1095 MHz, 1215 MHz, 19 %, 1 %, 59.69 W
2025/11/17 00:19:51.142, NVIDIA A100-SXM4-40GB, 0, P0, 1095 MHz, 1215 MHz, 0 %, 0 %, 59.69 W
2025/11/17 00:19:51.345, NVIDIA A100-SXM4-40GB, 0, P0, 1095 MHz, 1215 MHz, 0 %, 0 %, 59.42 W
2025/11/17 00:19:51.549, NVIDIA A100-SXM4-40GB, 0, P0, 1095 MHz, 1215 MHz, 0 %, 0 %, 60.01 W
2025/11/17 00:19:51.753, NVIDIA A100-SXM4-40GB, 0, P0, 1095 MHz, 1215 MHz, 0 %, 0 %, 60.01 W
2025/11/17 00:19:51.957, NVIDIA A100-SXM4-40GB, 0, P0, 1095 MHz, 1215 MHz, 0 %, 0 %, 60.29 W
2025/11/17 00:19:52.160, NVIDIA A100-SXM4-40GB, 0, P0, 1095 MHz, 1215 MHz, 0 %, 0 %, 60.23 W
2025/11/17 00:19:52.364, NVIDIA A100-SXM4-40GB, 0, P0, 405 MHz, 1215 MHz, 0 %, 0 %, 60.62 W
2025/11/17 00:19:52.568, NVIDIA A100-SXM4-40GB, 0, P0, 375 MHz, 1215 MHz, 0 %, 0 %, 54.42 W
2025/11/17 00:19:52.772, NVIDIA A100-SXM4-40GB, 0, P0, 345 MHz, 1215 MHz, 0 %, 0 %, 54.15 W
2025/11/17 00:19:52.977, NVIDIA A100-SXM4-40GB, 0, P0, 1095 MHz, 1215 MHz, 3 %, 0 %, 60.88 W
2025/11/17 00:19:53.180, NVIDIA A100-SXM4-40GB, 0, P0, 1095 MHz, 1215 MHz, 8 %, 0 %, 59.75 W
2025/11/17 00:19:53.384, NVIDIA A100-SXM4-40GB, 0, P0, 1095 MHz, 1215 MHz, 0 %, 0 %, 59.63 W
2025/11/17 00:19:53.589, NVIDIA A100-SXM4-40GB, 0, P0, 1095 MHz, 1215 MHz, 0 %, 0 %, 59.63 W
2025/11/17 00:19:53.792, NVIDIA A100-SXM4-40GB, 0, P0, 1095 MHz, 1215 MHz, 0 %, 0 %, 59.69 W
2025/11/17 00:19:53.995, NVIDIA A100-SXM4-40GB, 0, P0, 1095 MHz, 1215 MHz, 0 %, 0 %, 59.89 W
2025/11/17 00:19:54.199, NVIDIA A100-SXM4-40GB, 0, P0, 1095 MHz, 1215 MHz, 0 %, 0 %, 59.95 W
2025/11/17 00:19:54.402, NVIDIA A100-SXM4-40GB, 0, P0, 315 MHz, 1215 MHz, 0 %, 0 %, 59.95 W
2025/11/17 00:19:54.606, NVIDIA A100-SXM4-40GB, 0, P0, 285 MHz, 1215 MHz, 0 %, 0 %, 53.89 W
2025/11/17 00:19:54.812, NVIDIA A100-SXM4-40GB, 0, P0, 255 MHz, 1215 MHz, 0 %, 0 %, 53.89 W
2025/11/17 00:19:55.021, NVIDIA A100-SXM4-40GB, 0, P0, 240 MHz, 1215 MHz, 0 %, 0 %, 54.15 W
2025/11/17 00:19:55.227, NVIDIA A100-SXM4-40GB, 0, P0, 210 MHz, 1215 MHz, 0 %, 0 %, 53.89 W
2025/11/17 00:19:55.434, NVIDIA A100-SXM4-40GB, 0, P0, 210 MHz, 1215 MHz, 0 %, 0 %, 53.77 W
2025/11/17 00:19:55.641, NVIDIA A100-SXM4-40GB, 0, P0, 210 MHz, 1215 MHz, 0 %, 0 %, 53.89 W
2025/11/17 00:19:55.848, NVIDIA A100-SXM4-40GB, 0, P0, 210 MHz, 1215 MHz, 0 %, 0 %, 53.72 W
2025/11/17 00:19:56.054, NVIDIA A100-SXM4-40GB, 0, P0, 210 MHz, 1215 MHz, 0 %, 0 %, 53.83 W
2025/11/17 00:19:56.261, NVIDIA A100-SXM4-40GB, 0, P0, 210 MHz, 1215 MHz, 0 %, 0 %, 53.83 W
2025/11/17 00:19:56.470, NVIDIA A100-SXM4-40GB, 0, P0, 210 MHz, 1215 MHz, 0 %, 0 %, 53.83 W
2025/11/17 00:19:56.677, NVIDIA A100-SXM4-40GB, 0, P0, 210 MHz, 1215 MHz, 0 %, 0 %, 53.38 W
2025/11/17 00:19:56.883, NVIDIA A100-SXM4-40GB, 0, P0, 210 MHz, 1215 MHz, 0 %, 0 %, 53.72 W
2025/11/17 00:19:57.090, NVIDIA A100-SXM4-40GB, 0, P0, 210 MHz, 1215 MHz, 0 %, 0 %, 53.83 W
2025/11/17 00:19:57.297, NVIDIA A100-SXM4-40GB, 0, P0, 210 MHz, 1215 MHz, 0 %, 0 %, 53.72 W
2025/11/17 00:19:57.505, NVIDIA A100-SXM4-40GB, 0, P0, 210 MHz, 1215 MHz, 0 %, 0 %, 53.72 W
2025/11/17 00:19:57.709, NVIDIA A100-SXM4-40GB, 0, P0, 210 MHz, 1215 MHz, 0 %, 0 %, 53.77 W
2025/11/17 00:19:57.915, NVIDIA A100-SXM4-40GB, 0, P0, 210 MHz, 1215 MHz, 0 %, 0 %, 53.72 W
2025/11/17 00:19:58.122, NVIDIA A100-SXM4-40GB, 0, P0, 210 MHz, 1215 MHz, 0 %, 0 %, 53.72 W
2025/11/17 00:19:58.328, NVIDIA A100-SXM4-40GB, 0, P0, 210 MHz, 1215 MHz, 0 %, 0 %, 53.55 W
2025/11/17 00:19:58.533, NVIDIA A100-SXM4-40GB, 0, P0, 210 MHz, 1215 MHz, 0 %, 0 %, 53.83 W
2025/11/17 00:19:58.739, NVIDIA A100-SXM4-40GB, 0, P0, 210 MHz, 1215 MHz, 0 %, 0 %, 53.66 W
2025/11/17 00:19:58.947, NVIDIA A100-SXM4-40GB, 0, P0, 210 MHz, 1215 MHz, 0 %, 0 %, 53.72 W
2025/11/17 00:19:59.153, NVIDIA A100-SXM4-40GB, 0, P0, 210 MHz, 1215 MHz, 0 %, 0 %, 53.83 W
2025/11/17 00:19:59.359, NVIDIA A100-SXM4-40GB, 0, P0, 210 MHz, 1215 MHz, 0 %, 0 %, 53.44 W
2025/11/17 00:19:59.567, NVIDIA A100-SXM4-40GB, 0, P0, 210 MHz, 1215 MHz, 0 %, 0 %, 53.50 W
2025/11/17 00:19:59.772, NVIDIA A100-SXM4-40GB, 0, P0, 210 MHz, 1215 MHz, 0 %, 0 %, 53.77 W
2025/11/17 00:19:59.978, NVIDIA A100-SXM4-40GB, 0, P0, 210 MHz, 1215 MHz, 0 %, 0 %, 53.50 W
2025/11/17 00:20:00.183, NVIDIA A100-SXM4-40GB, 0, P0, 210 MHz, 1215 MHz, 0 %, 0 %, 53.27 W
2025/11/17 00:20:00.389, NVIDIA A100-SXM4-40GB, 0, P0, 210 MHz, 1215 MHz, 0 %, 0 %, 53.38 W
2025/11/17 00:20:00.597, NVIDIA A100-SXM4-40GB, 0, P0, 210 MHz, 1215 MHz, 0 %, 0 %, 53.77 W
2025/11/17 00:20:00.802, NVIDIA A100-SXM4-40GB, 0, P0, 210 MHz, 1215 MHz, 0 %, 0 %, 53.94 W
2025/11/17 00:20:01.008, NVIDIA A100-SXM4-40GB, 0, P0, 210 MHz, 1215 MHz, 0 %, 0 %, 53.94 W
2025/11/17 00:20:01.213, NVIDIA A100-SXM4-40GB, 0, P0, 210 MHz, 1215 MHz, 0 %, 0 %, 54.00 W
2025/11/17 00:20:01.421, NVIDIA A100-SXM4-40GB, 0, P0, 210 MHz, 1215 MHz, 0 %, 0 %, 53.72 W
2025/11/17 00:20:01.626, NVIDIA A100-SXM4-40GB, 0, P0, 210 MHz, 1215 MHz, 0 %, 0 %, 53.50 W
2025/11/17 00:20:01.832, NVIDIA A100-SXM4-40GB, 0, P0, 210 MHz, 1215 MHz, 0 %, 0 %, 54.00 W
2025/11/17 00:20:02.038, NVIDIA A100-SXM4-40GB, 0, P0, 210 MHz, 1215 MHz, 0 %, 0 %, 53.83 W
2025/11/17 00:20:02.245, NVIDIA A100-SXM4-40GB, 0, P0, 210 MHz, 1215 MHz, 0 %, 0 %, 53.89 W
2025/11/17 00:20:02.451, NVIDIA A100-SXM4-40GB, 0, P0, 210 MHz, 1215 MHz, 0 %, 0 %, 53.94 W
2025/11/17 00:20:02.657, NVIDIA A100-SXM4-40GB, 0, P0, 210 MHz, 1215 MHz, 0 %, 0 %, 53.83 W
2025/11/17 00:20:02.862, NVIDIA A100-SXM4-40GB, 0, P0, 210 MHz, 1215 MHz, 0 %, 0 %, 53.77 W
2025/11/17 00:20:03.070, NVIDIA A100-SXM4-40GB, 0, P0, 210 MHz, 1215 MHz, 0 %, 0 %, 53.72 W
2025/11/17 00:20:03.276, NVIDIA A100-SXM4-40GB, 0, P0, 210 MHz, 1215 MHz, 0 %, 0 %, 53.55 W
2025/11/17 00:20:03.482, NVIDIA A100-SXM4-40GB, 0, P0, 210 MHz, 1215 MHz, 0 %, 0 %, 53.44 W
2025/11/17 00:20:03.687, NVIDIA A100-SXM4-40GB, 0, P0, 210 MHz, 1215 MHz, 0 %, 0 %, 53.66 W
2025/11/17 00:20:03.893, NVIDIA A100-SXM4-40GB, 0, P0, 210 MHz, 1215 MHz, 0 %, 0 %, 53.50 W
2025/11/17 00:20:04.100, NVIDIA A100-SXM4-40GB, 0, P0, 210 MHz, 1215 MHz, 0 %, 0 %, 53.50 W
2025/11/17 00:20:04.306, NVIDIA A100-SXM4-40GB, 0, P0, 210 MHz, 1215 MHz, 0 %, 0 %, 53.72 W
2025/11/17 00:20:04.512, NVIDIA A100-SXM4-40GB, 0, P0, 210 MHz, 1215 MHz, 0 %, 0 %, 53.89 W
2025/11/17 00:20:04.719, NVIDIA A100-SXM4-40GB, 0, P0, 210 MHz, 1215 MHz, 0 %, 0 %, 53.33 W
2025/11/17 00:20:04.926, NVIDIA A100-SXM4-40GB, 0, P0, 210 MHz, 1215 MHz, 0 %, 0 %, 53.44 W
2025/11/17 00:20:05.130, NVIDIA A100-SXM4-40GB, 0, P0, 210 MHz, 1215 MHz, 0 %, 0 %, 53.55 W
2025/11/17 00:20:05.333, NVIDIA A100-SXM4-40GB, 0, P0, 210 MHz, 1215 MHz, 0 %, 0 %, 53.38 W
2025/11/17 00:20:05.537, NVIDIA A100-SXM4-40GB, 0, P0, 210 MHz, 1215 MHz, 0 %, 0 %, 53.44 W
2025/11/17 00:20:05.740, NVIDIA A100-SXM4-40GB, 0, P0, 210 MHz, 1215 MHz, 0 %, 0 %, 53.44 W
2025/11/17 00:20:05.943, NVIDIA A100-SXM4-40GB, 0, P0, 210 MHz, 1215 MHz, 0 %, 0 %, 53.44 W
2025/11/17 00:20:06.147, NVIDIA A100-SXM4-40GB, 0, P0, 210 MHz, 1215 MHz, 0 %, 0 %, 53.38 W
2025/11/17 00:20:06.353, NVIDIA A100-SXM4-40GB, 0, P0, 210 MHz, 1215 MHz, 0 %, 0 %, 53.38 W
2025/11/17 00:20:06.556, NVIDIA A100-SXM4-40GB, 0, P0, 210 MHz, 1215 MHz, 0 %, 0 %, 53.38 W
2025/11/17 00:20:06.760, NVIDIA A100-SXM4-40GB, 0, P0, 210 MHz, 1215 MHz, 0 %, 0 %, 53.38 W
2025/11/17 00:20:06.963, NVIDIA A100-SXM4-40GB, 0, P0, 210 MHz, 1215 MHz, 0 %, 0 %, 53.55 W
2025/11/17 00:20:07.166, NVIDIA A100-SXM4-40GB, 0, P0, 210 MHz, 1215 MHz, 0 %, 0 %, 53.55 W
2025/11/17 00:20:07.370, NVIDIA A100-SXM4-40GB, 0, P0, 210 MHz, 1215 MHz, 0 %, 0 %, 53.33 W
2025/11/17 00:20:07.573, NVIDIA A100-SXM4-40GB, 0, P0, 210 MHz, 1215 MHz, 0 %, 0 %, 53.27 W
2025/11/17 00:20:07.777, NVIDIA A100-SXM4-40GB, 0, P0, 210 MHz, 1215 MHz, 0 %, 0 %, 53.38 W
2025/11/17 00:20:07.981, NVIDIA A100-SXM4-40GB, 0, P0, 210 MHz, 1215 MHz, 0 %, 0 %, 53.44 W
2025/11/17 00:20:08.185, NVIDIA A100-SXM4-40GB, 0, P0, 210 MHz, 1215 MHz, 0 %, 0 %, 53.55 W
2025/11/17 00:20:08.388, NVIDIA A100-SXM4-40GB, 0, P0, 210 MHz, 1215 MHz, 0 %, 0 %, 53.27 W
2025/11/17 00:20:08.592, NVIDIA A100-SXM4-40GB, 0, P0, 210 MHz, 1215 MHz, 0 %, 0 %, 53.33 W
2025/11/17 00:20:08.795, NVIDIA A100-SXM4-40GB, 0, P0, 210 MHz, 1215 MHz, 0 %, 0 %, 53.50 W
2025/11/17 00:20:08.998, NVIDIA A100-SXM4-40GB, 0, P0, 210 MHz, 1215 MHz, 0 %, 0 %, 53.61 W
2025/11/17 00:20:09.202, NVIDIA A100-SXM4-40GB, 0, P0, 210 MHz, 1215 MHz, 0 %, 0 %, 53.38 W
2025/11/17 00:20:09.405, NVIDIA A100-SXM4-40GB, 0, P0, 210 MHz, 1215 MHz, 0 %, 0 %, 53.33 W
2025/11/17 00:20:09.610, NVIDIA A100-SXM4-40GB, 0, P0, 210 MHz, 1215 MHz, 0 %, 0 %, 53.66 W
2025/11/17 00:20:09.815, NVIDIA A100-SXM4-40GB, 0, P0, 210 MHz, 1215 MHz, 0 %, 0 %, 53.50 W
2025/11/17 00:20:10.018, NVIDIA A100-SXM4-40GB, 0, P0, 210 MHz, 1215 MHz, 0 %, 0 %, 53.50 W
2025/11/17 00:20:10.222, NVIDIA A100-SXM4-40GB, 0, P0, 210 MHz, 1215 MHz, 0 %, 0 %, 53.61 W
2025/11/17 00:20:10.425, NVIDIA A100-SXM4-40GB, 0, P0, 210 MHz, 1215 MHz, 0 %, 0 %, 53.89 W
2025/11/17 00:20:10.629, NVIDIA A100-SXM4-40GB, 0, P0, 210 MHz, 1215 MHz, 0 %, 0 %, 53.89 W
2025/11/17 00:20:10.833, NVIDIA A100-SXM4-40GB, 0, P0, 210 MHz, 1215 MHz, 0 %, 0 %, 53.55 W
2025/11/17 00:20:11.036, NVIDIA A100-SXM4-40GB, 0, P0, 210 MHz, 1215 MHz, 0 %, 0 %, 53.38 W
2025/11/17 00:20:11.239, NVIDIA A100-SXM4-40GB, 0, P0, 210 MHz, 1215 MHz, 0 %, 0 %, 53.89 W
2025/11/17 00:20:11.444, NVIDIA A100-SXM4-40GB, 0, P0, 210 MHz, 1215 MHz, 0 %, 0 %, 53.83 W
2025/11/17 00:20:11.648, NVIDIA A100-SXM4-40GB, 0, P0, 210 MHz, 1215 MHz, 0 %, 0 %, 54.00 W
2025/11/17 00:20:11.851, NVIDIA A100-SXM4-40GB, 0, P0, 210 MHz, 1215 MHz, 0 %, 0 %, 53.77 W
2025/11/17 00:20:12.054, NVIDIA A100-SXM4-40GB, 0, P0, 210 MHz, 1215 MHz, 0 %, 0 %, 53.50 W
2025/11/17 00:20:12.258, NVIDIA A100-SXM4-40GB, 0, P0, 210 MHz, 1215 MHz, 0 %, 0 %, 53.66 W
2025/11/17 00:20:12.461, NVIDIA A100-SXM4-40GB, 0, P0, 210 MHz, 1215 MHz, 0 %, 0 %, 53.38 W
2025/11/17 00:20:12.665, NVIDIA A100-SXM4-40GB, 0, P0, 210 MHz, 1215 MHz, 0 %, 0 %, 53.55 W
2025/11/17 00:20:12.868, NVIDIA A100-SXM4-40GB, 0, P0, 210 MHz, 1215 MHz, 0 %, 0 %, 53.61 W
2025/11/17 00:20:13.072, NVIDIA A100-SXM4-40GB, 0, P0, 210 MHz, 1215 MHz, 0 %, 0 %, 53.55 W
2025/11/17 00:20:13.276, NVIDIA A100-SXM4-40GB, 0, P0, 210 MHz, 1215 MHz, 0 %, 0 %, 53.38 W
2025/11/17 00:20:13.480, NVIDIA A100-SXM4-40GB, 0, P0, 210 MHz, 1215 MHz, 0 %, 0 %, 53.50 W
2025/11/17 00:20:13.684, NVIDIA A100-SXM4-40GB, 0, P0, 210 MHz, 1215 MHz, 0 %, 0 %, 53.33 W
2025/11/17 00:20:13.887, NVIDIA A100-SXM4-40GB, 0, P0, 210 MHz, 1215 MHz, 0 %, 0 %, 53.50 W
2025/11/17 00:20:14.090, NVIDIA A100-SXM4-40GB, 0, P0, 210 MHz, 1215 MHz, 0 %, 0 %, 53.44 W
2025/11/17 00:20:14.294, NVIDIA A100-SXM4-40GB, 0, P0, 210 MHz, 1215 MHz, 0 %, 0 %, 53.44 W
2025/11/17 00:20:14.498, NVIDIA A100-SXM4-40GB, 0, P0, 210 MHz, 1215 MHz, 0 %, 0 %, 53.55 W
2025/11/17 00:20:14.701, NVIDIA A100-SXM4-40GB, 0, P0, 210 MHz, 1215 MHz, 0 %, 0 %, 53.50 W
2025/11/17 00:20:14.905, NVIDIA A100-SXM4-40GB, 0, P0, 210 MHz, 1215 MHz, 0 %, 0 %, 53.61 W
2025/11/17 00:20:15.111, NVIDIA A100-SXM4-40GB, 0, P0, 210 MHz, 1215 MHz, 0 %, 0 %, 53.38 W
2025/11/17 00:20:15.315, NVIDIA A100-SXM4-40GB, 0, P0, 210 MHz, 1215 MHz, 0 %, 0 %, 53.55 W
2025/11/17 00:20:15.519, NVIDIA A100-SXM4-40GB, 0, P0, 210 MHz, 1215 MHz, 0 %, 0 %, 53.72 W
2025/11/17 00:20:15.723, NVIDIA A100-SXM4-40GB, 0, P0, 210 MHz, 1215 MHz, 0 %, 0 %, 53.61 W
2025/11/17 00:20:15.927, NVIDIA A100-SXM4-40GB, 0, P0, 210 MHz, 1215 MHz, 0 %, 0 %, 53.38 W
2025/11/17 00:20:16.131, NVIDIA A100-SXM4-40GB, 0, P0, 210 MHz, 1215 MHz, 0 %, 0 %, 53.44 W
2025/11/17 00:20:16.335, NVIDIA A100-SXM4-40GB, 0, P0, 210 MHz, 1215 MHz, 0 %, 0 %, 53.66 W
2025/11/17 00:20:16.540, NVIDIA A100-SXM4-40GB, 0, P0, 210 MHz, 1215 MHz, 0 %, 0 %, 53.55 W
2025/11/17 00:20:16.744, NVIDIA A100-SXM4-40GB, 0, P0, 210 MHz, 1215 MHz, 0 %, 0 %, 53.22 W
2025/11/17 00:20:16.947, NVIDIA A100-SXM4-40GB, 0, P0, 210 MHz, 1215 MHz, 0 %, 0 %, 53.44 W
2025/11/17 00:20:17.151, NVIDIA A100-SXM4-40GB, 0, P0, 210 MHz, 1215 MHz, 0 %, 0 %, 53.44 W
2025/11/17 00:20:17.354, NVIDIA A100-SXM4-40GB, 0, P0, 210 MHz, 1215 MHz, 0 %, 0 %, 53.55 W
2025/11/17 00:20:17.558, NVIDIA A100-SXM4-40GB, 0, P0, 210 MHz, 1215 MHz, 0 %, 0 %, 53.66 W
2025/11/17 00:20:17.761, NVIDIA A100-SXM4-40GB, 0, P0, 210 MHz, 1215 MHz, 0 %, 0 %, 53.50 W
2025/11/17 00:20:17.965, NVIDIA A100-SXM4-40GB, 0, P0, 210 MHz, 1215 MHz, 0 %, 0 %, 53.61 W
2025/11/17 00:20:18.169, NVIDIA A100-SXM4-40GB, 0, P0, 210 MHz, 1215 MHz, 0 %, 0 %, 53.55 W
2025/11/17 00:20:18.373, NVIDIA A100-SXM4-40GB, 0, P0, 210 MHz, 1215 MHz, 0 %, 0 %, 53.44 W
2025/11/17 00:20:18.577, NVIDIA A100-SXM4-40GB, 0, P0, 210 MHz, 1215 MHz, 0 %, 0 %, 53.55 W
2025/11/17 00:20:18.780, NVIDIA A100-SXM4-40GB, 0, P0, 210 MHz, 1215 MHz, 0 %, 0 %, 53.55 W
2025/11/17 00:20:18.983, NVIDIA A100-SXM4-40GB, 0, P0, 210 MHz, 1215 MHz, 0 %, 0 %, 53.44 W
2025/11/17 00:20:19.187, NVIDIA A100-SXM4-40GB, 0, P0, 210 MHz, 1215 MHz, 0 %, 0 %, 53.50 W
2025/11/17 00:20:19.390, NVIDIA A100-SXM4-40GB, 0, P0, 210 MHz, 1215 MHz, 0 %, 0 %, 53.38 W
2025/11/17 00:20:19.593, NVIDIA A100-SXM4-40GB, 0, P0, 210 MHz, 1215 MHz, 0 %, 0 %, 53.44 W
2025/11/17 00:20:19.797, NVIDIA A100-SXM4-40GB, 0, P0, 210 MHz, 1215 MHz, 0 %, 0 %, 53.61 W
2025/11/17 00:20:20.001, NVIDIA A100-SXM4-40GB, 0, P0, 210 MHz, 1215 MHz, 0 %, 0 %, 53.50 W
2025/11/17 00:20:20.205, NVIDIA A100-SXM4-40GB, 0, P0, 210 MHz, 1215 MHz, 0 %, 0 %, 53.50 W
2025/11/17 00:20:20.408, NVIDIA A100-SXM4-40GB, 0, P0, 210 MHz, 1215 MHz, 0 %, 0 %, 53.55 W
2025/11/17 00:20:20.611, NVIDIA A100-SXM4-40GB, 0, P0, 210 MHz, 1215 MHz, 0 %, 0 %, 53.61 W
2025/11/17 00:20:20.815, NVIDIA A100-SXM4-40GB, 0, P0, 210 MHz, 1215 MHz, 0 %, 0 %, 53.61 W
2025/11/17 00:20:21.020, NVIDIA A100-SXM4-40GB, 0, P0, 210 MHz, 1215 MHz, 0 %, 0 %, 53.50 W
2025/11/17 00:20:21.223, NVIDIA A100-SXM4-40GB, 0, P0, 210 MHz, 1215 MHz, 0 %, 0 %, 53.61 W
2025/11/17 00:20:21.426, NVIDIA A100-SXM4-40GB, 0, P0, 210 MHz, 1215 MHz, 0 %, 0 %, 53.94 W
2025/11/17 00:20:21.631, NVIDIA A100-SXM4-40GB, 0, P0, 210 MHz, 1215 MHz, 0 %, 0 %, 53.89 W
2025/11/17 00:20:21.835, NVIDIA A100-SXM4-40GB, 0, P0, 210 MHz, 1215 MHz, 0 %, 0 %, 53.89 W
2025/11/17 00:20:22.038, NVIDIA A100-SXM4-40GB, 0, P0, 210 MHz, 1215 MHz, 0 %, 0 %, 53.66 W
2025/11/17 00:20:22.242, NVIDIA A100-SXM4-40GB, 0, P0, 210 MHz, 1215 MHz, 0 %, 0 %, 53.94 W
2025/11/17 00:20:22.445, NVIDIA A100-SXM4-40GB, 0, P0, 210 MHz, 1215 MHz, 0 %, 0 %, 53.44 W
2025/11/17 00:20:22.649, NVIDIA A100-SXM4-40GB, 0, P0, 210 MHz, 1215 MHz, 0 %, 0 %, 53.55 W
2025/11/17 00:20:22.852, NVIDIA A100-SXM4-40GB, 0, P0, 210 MHz, 1215 MHz, 0 %, 0 %, 53.61 W
2025/11/17 00:20:23.055, NVIDIA A100-SXM4-40GB, 0, P0, 210 MHz, 1215 MHz, 0 %, 0 %, 53.50 W
2025/11/17 00:20:23.259, NVIDIA A100-SXM4-40GB, 0, P0, 210 MHz, 1215 MHz, 0 %, 0 %, 53.50 W
2025/11/17 00:20:23.463, NVIDIA A100-SXM4-40GB, 0, P0, 210 MHz, 1215 MHz, 0 %, 0 %, 53.55 W
2025/11/17 00:20:23.668, NVIDIA A100-SXM4-40GB, 0, P0, 210 MHz, 1215 MHz, 0 %, 0 %, 53.50 W
2025/11/17 00:20:23.871, NVIDIA A100-SXM4-40GB, 0, P0, 210 MHz, 1215 MHz, 0 %, 0 %, 53.55 W
2025/11/17 00:20:24.075, NVIDIA A100-SXM4-40GB, 0, P0, 210 MHz, 1215 MHz, 0 %, 0 %, 53.50 W
2025/11/17 00:20:24.278, NVIDIA A100-SXM4-40GB, 0, P0, 210 MHz, 1215 MHz, 0 %, 0 %, 53.66 W
2025/11/17 00:20:24.481, NVIDIA A100-SXM4-40GB, 0, P0, 210 MHz, 1215 MHz, 0 %, 0 %, 53.50 W
2025/11/17 00:20:24.685, NVIDIA A100-SXM4-40GB, 0, P0, 210 MHz, 1215 MHz, 0 %, 0 %, 53.66 W
2025/11/17 00:20:24.888, NVIDIA A100-SXM4-40GB, 0, P0, 210 MHz, 1215 MHz, 0 %, 0 %, 53.50 W
2025/11/17 00:20:25.091, NVIDIA A100-SXM4-40GB, 0, P0, 210 MHz, 1215 MHz, 0 %, 0 %, 53.44 W
2025/11/17 00:20:25.296, NVIDIA A100-SXM4-40GB, 0, P0, 210 MHz, 1215 MHz, 0 %, 0 %, 53.55 W
2025/11/17 00:20:25.500, NVIDIA A100-SXM4-40GB, 0, P0, 210 MHz, 1215 MHz, 0 %, 0 %, 53.50 W
2025/11/17 00:20:25.703, NVIDIA A100-SXM4-40GB, 0, P0, 210 MHz, 1215 MHz, 0 %, 0 %, 53.61 W
2025/11/17 00:20:25.906, NVIDIA A100-SXM4-40GB, 0, P0, 210 MHz, 1215 MHz, 0 %, 0 %, 53.61 W
2025/11/17 00:20:26.110, NVIDIA A100-SXM4-40GB, 0, P0, 210 MHz, 1215 MHz, 0 %, 0 %, 53.77 W
2025/11/17 00:20:26.314, NVIDIA A100-SXM4-40GB, 0, P0, 210 MHz, 1215 MHz, 0 %, 0 %, 53.38 W
2025/11/17 00:20:26.517, NVIDIA A100-SXM4-40GB, 0, P0, 210 MHz, 1215 MHz, 0 %, 0 %, 53.72 W
2025/11/17 00:20:26.720, NVIDIA A100-SXM4-40GB, 0, P0, 210 MHz, 1215 MHz, 0 %, 0 %, 53.50 W
2025/11/17 00:20:26.927, NVIDIA A100-SXM4-40GB, 0, P0, 210 MHz, 1215 MHz, 0 %, 0 %, 53.61 W
2025/11/17 00:20:27.130, NVIDIA A100-SXM4-40GB, 0, P0, 210 MHz, 1215 MHz, 0 %, 0 %, 53.44 W
2025/11/17 00:20:27.334, NVIDIA A100-SXM4-40GB, 0, P0, 210 MHz, 1215 MHz, 0 %, 0 %, 53.61 W
2025/11/17 00:20:27.537, NVIDIA A100-SXM4-40GB, 0, P0, 210 MHz, 1215 MHz, 0 %, 0 %, 53.66 W
2025/11/17 00:20:27.740, NVIDIA A100-SXM4-40GB, 0, P0, 210 MHz, 1215 MHz, 0 %, 0 %, 53.50 W
2025/11/17 00:20:27.943, NVIDIA A100-SXM4-40GB, 0, P0, 210 MHz, 1215 MHz, 0 %, 0 %, 53.83 W
2025/11/17 00:20:28.147, NVIDIA A100-SXM4-40GB, 0, P0, 210 MHz, 1215 MHz, 0 %, 0 %, 53.50 W
2025/11/17 00:20:28.350, NVIDIA A100-SXM4-40GB, 0, P0, 210 MHz, 1215 MHz, 0 %, 0 %, 53.44 W
2025/11/17 00:20:28.554, NVIDIA A100-SXM4-40GB, 0, P0, 210 MHz, 1215 MHz, 0 %, 0 %, 53.55 W
2025/11/17 00:20:28.758, NVIDIA A100-SXM4-40GB, 0, P0, 210 MHz, 1215 MHz, 0 %, 0 %, 53.50 W
2025/11/17 00:20:28.962, NVIDIA A100-SXM4-40GB, 0, P0, 210 MHz, 1215 MHz, 0 %, 0 %, 53.50 W
2025/11/17 00:20:29.165, NVIDIA A100-SXM4-40GB, 0, P0, 210 MHz, 1215 MHz, 0 %, 0 %, 53.33 W
2025/11/17 00:20:29.369, NVIDIA A100-SXM4-40GB, 0, P0, 210 MHz, 1215 MHz, 0 %, 0 %, 53.44 W
2025/11/17 00:20:29.573, NVIDIA A100-SXM4-40GB, 0, P0, 210 MHz, 1215 MHz, 0 %, 0 %, 53.38 W
2025/11/17 00:20:29.776, NVIDIA A100-SXM4-40GB, 0, P0, 210 MHz, 1215 MHz, 0 %, 0 %, 53.83 W
2025/11/17 00:20:29.980, NVIDIA A100-SXM4-40GB, 0, P0, 210 MHz, 1215 MHz, 0 %, 0 %, 53.94 W
2025/11/17 00:20:30.183, NVIDIA A100-SXM4-40GB, 0, P0, 210 MHz, 1215 MHz, 0 %, 0 %, 53.38 W
2025/11/17 00:20:30.387, NVIDIA A100-SXM4-40GB, 0, P0, 210 MHz, 1215 MHz, 0 %, 0 %, 53.72 W
2025/11/17 00:20:30.591, NVIDIA A100-SXM4-40GB, 0, P0, 210 MHz, 1215 MHz, 0 %, 0 %, 53.83 W
2025/11/17 00:20:30.795, NVIDIA A100-SXM4-40GB, 0, P0, 210 MHz, 1215 MHz, 0 %, 0 %, 53.55 W
2025/11/17 00:20:30.998, NVIDIA A100-SXM4-40GB, 0, P0, 210 MHz, 1215 MHz, 0 %, 0 %, 53.55 W
2025/11/17 00:20:31.202, NVIDIA A100-SXM4-40GB, 0, P0, 210 MHz, 1215 MHz, 0 %, 0 %, 53.66 W
2025/11/17 00:20:31.405, NVIDIA A100-SXM4-40GB, 0, P0, 210 MHz, 1215 MHz, 0 %, 0 %, 53.44 W
2025/11/17 00:20:31.608, NVIDIA A100-SXM4-40GB, 0, P0, 210 MHz, 1215 MHz, 0 %, 0 %, 53.55 W
2025/11/17 00:20:31.812, NVIDIA A100-SXM4-40GB, 0, P0, 210 MHz, 1215 MHz, 0 %, 0 %, 53.50 W
2025/11/17 00:20:32.015, NVIDIA A100-SXM4-40GB, 0, P0, 210 MHz, 1215 MHz, 0 %, 0 %, 52.95 W
2025/11/17 00:20:32.219, NVIDIA A100-SXM4-40GB, 0, P0, 210 MHz, 1215 MHz, 0 %, 0 %, 53.55 W
2025/11/17 00:20:32.423, NVIDIA A100-SXM4-40GB, 0, P0, 210 MHz, 1215 MHz, 0 %, 0 %, 53.55 W
2025/11/17 00:20:32.627, NVIDIA A100-SXM4-40GB, 0, P0, 210 MHz, 1215 MHz, 0 %, 0 %, 53.50 W
2025/11/17 00:20:32.830, NVIDIA A100-SXM4-40GB, 0, P0, 210 MHz, 1215 MHz, 0 %, 0 %, 53.50 W
2025/11/17 00:20:33.034, NVIDIA A100-SXM4-40GB, 0, P0, 210 MHz, 1215 MHz, 0 %, 0 %, 53.44 W
2025/11/17 00:20:33.237, NVIDIA A100-SXM4-40GB, 0, P0, 210 MHz, 1215 MHz, 0 %, 0 %, 53.61 W
2025/11/17 00:20:33.441, NVIDIA A100-SXM4-40GB, 0, P0, 210 MHz, 1215 MHz, 0 %, 0 %, 53.55 W
2025/11/17 00:20:33.645, NVIDIA A100-SXM4-40GB, 0, P0, 210 MHz, 1215 MHz, 0 %, 0 %, 53.38 W
2025/11/17 00:20:33.849, NVIDIA A100-SXM4-40GB, 0, P0, 210 MHz, 1215 MHz, 0 %, 0 %, 53.16 W
2025/11/17 00:20:34.054, NVIDIA A100-SXM4-40GB, 0, P0, 210 MHz, 1215 MHz, 0 %, 0 %, 53.38 W
2025/11/17 00:20:34.259, NVIDIA A100-SXM4-40GB, 0, P0, 210 MHz, 1215 MHz, 0 %, 0 %, 53.33 W
2025/11/17 00:20:34.463, NVIDIA A100-SXM4-40GB, 0, P0, 210 MHz, 1215 MHz, 0 %, 0 %, 53.44 W
2025/11/17 00:20:34.667, NVIDIA A100-SXM4-40GB, 0, P0, 210 MHz, 1215 MHz, 0 %, 0 %, 53.22 W
2025/11/17 00:20:34.871, NVIDIA A100-SXM4-40GB, 0, P0, 210 MHz, 1215 MHz, 0 %, 0 %, 53.38 W
2025/11/17 00:20:35.074, NVIDIA A100-SXM4-40GB, 0, P0, 210 MHz, 1215 MHz, 0 %, 0 %, 53.44 W
2025/11/17 00:20:35.278, NVIDIA A100-SXM4-40GB, 0, P0, 210 MHz, 1215 MHz, 0 %, 0 %, 53.55 W
2025/11/17 00:20:35.482, NVIDIA A100-SXM4-40GB, 0, P0, 210 MHz, 1215 MHz, 0 %, 0 %, 53.44 W
2025/11/17 00:20:35.687, NVIDIA A100-SXM4-40GB, 0, P0, 210 MHz, 1215 MHz, 0 %, 0 %, 53.38 W
2025/11/17 00:20:35.890, NVIDIA A100-SXM4-40GB, 0, P0, 210 MHz, 1215 MHz, 0 %, 0 %, 53.55 W
2025/11/17 00:20:36.094, NVIDIA A100-SXM4-40GB, 0, P0, 210 MHz, 1215 MHz, 0 %, 0 %, 53.55 W
2025/11/17 00:20:36.297, NVIDIA A100-SXM4-40GB, 0, P0, 210 MHz, 1215 MHz, 0 %, 0 %, 53.55 W
2025/11/17 00:20:36.500, NVIDIA A100-SXM4-40GB, 0, P0, 210 MHz, 1215 MHz, 0 %, 0 %, 53.33 W
2025/11/17 00:20:36.704, NVIDIA A100-SXM4-40GB, 0, P0, 210 MHz, 1215 MHz, 0 %, 0 %, 53.44 W
2025/11/17 00:20:36.907, NVIDIA A100-SXM4-40GB, 0, P0, 210 MHz, 1215 MHz, 0 %, 0 %, 53.50 W
2025/11/17 00:20:37.110, NVIDIA A100-SXM4-40GB, 0, P0, 210 MHz, 1215 MHz, 0 %, 0 %, 53.50 W
2025/11/17 00:20:37.315, NVIDIA A100-SXM4-40GB, 0, P0, 210 MHz, 1215 MHz, 0 %, 0 %, 53.50 W
2025/11/17 00:20:37.519, NVIDIA A100-SXM4-40GB, 0, P0, 210 MHz, 1215 MHz, 0 %, 0 %, 53.38 W
2025/11/17 00:20:37.723, NVIDIA A100-SXM4-40GB, 0, P0, 210 MHz, 1215 MHz, 0 %, 0 %, 53.55 W
2025/11/17 00:20:37.927, NVIDIA A100-SXM4-40GB, 0, P0, 210 MHz, 1215 MHz, 0 %, 0 %, 53.44 W
2025/11/17 00:20:38.130, NVIDIA A100-SXM4-40GB, 0, P0, 210 MHz, 1215 MHz, 0 %, 0 %, 53.55 W
2025/11/17 00:20:38.334, NVIDIA A100-SXM4-40GB, 0, P0, 210 MHz, 1215 MHz, 0 %, 0 %, 53.27 W
2025/11/17 00:20:38.537, NVIDIA A100-SXM4-40GB, 0, P0, 210 MHz, 1215 MHz, 0 %, 0 %, 53.50 W
2025/11/17 00:20:38.741, NVIDIA A100-SXM4-40GB, 0, P0, 210 MHz, 1215 MHz, 0 %, 0 %, 53.44 W
2025/11/17 00:20:38.945, NVIDIA A100-SXM4-40GB, 0, P0, 210 MHz, 1215 MHz, 0 %, 0 %, 53.83 W
2025/11/17 00:20:39.150, NVIDIA A100-SXM4-40GB, 0, P0, 210 MHz, 1215 MHz, 0 %, 0 %, 53.44 W
2025/11/17 00:20:39.353, NVIDIA A100-SXM4-40GB, 0, P0, 210 MHz, 1215 MHz, 0 %, 0 %, 53.72 W
2025/11/17 00:20:39.556, NVIDIA A100-SXM4-40GB, 0, P0, 210 MHz, 1215 MHz, 0 %, 0 %, 53.44 W
2025/11/17 00:20:39.760, NVIDIA A100-SXM4-40GB, 0, P0, 210 MHz, 1215 MHz, 0 %, 0 %, 53.50 W
2025/11/17 00:20:39.963, NVIDIA A100-SXM4-40GB, 0, P0, 210 MHz, 1215 MHz, 0 %, 0 %, 53.61 W
2025/11/17 00:20:40.166, NVIDIA A100-SXM4-40GB, 0, P0, 210 MHz, 1215 MHz, 0 %, 0 %, 53.33 W
2025/11/17 00:20:40.370, NVIDIA A100-SXM4-40GB, 0, P0, 210 MHz, 1215 MHz, 0 %, 0 %, 53.55 W
2025/11/17 00:20:40.573, NVIDIA A100-SXM4-40GB, 0, P0, 210 MHz, 1215 MHz, 0 %, 0 %, 53.44 W
2025/11/17 00:20:40.777, NVIDIA A100-SXM4-40GB, 0, P0, 210 MHz, 1215 MHz, 0 %, 0 %, 53.50 W
2025/11/17 00:20:40.983, NVIDIA A100-SXM4-40GB, 0, P0, 210 MHz, 1215 MHz, 0 %, 0 %, 53.27 W
2025/11/17 00:20:41.186, NVIDIA A100-SXM4-40GB, 0, P0, 210 MHz, 1215 MHz, 0 %, 0 %, 53.50 W
2025/11/17 00:20:41.389, NVIDIA A100-SXM4-40GB, 0, P0, 210 MHz, 1215 MHz, 0 %, 0 %, 53.44 W
2025/11/17 00:20:41.593, NVIDIA A100-SXM4-40GB, 0, P0, 210 MHz, 1215 MHz, 0 %, 0 %, 53.38 W
2025/11/17 00:20:41.796, NVIDIA A100-SXM4-40GB, 0, P0, 210 MHz, 1215 MHz, 0 %, 0 %, 53.44 W
2025/11/17 00:20:41.999, NVIDIA A100-SXM4-40GB, 0, P0, 210 MHz, 1215 MHz, 0 %, 0 %, 53.55 W
2025/11/17 00:20:42.203, NVIDIA A100-SXM4-40GB, 0, P0, 210 MHz, 1215 MHz, 0 %, 0 %, 53.61 W
2025/11/17 00:20:42.406, NVIDIA A100-SXM4-40GB, 0, P0, 210 MHz, 1215 MHz, 0 %, 0 %, 53.61 W
2025/11/17 00:20:42.610, NVIDIA A100-SXM4-40GB, 0, P0, 210 MHz, 1215 MHz, 0 %, 0 %, 53.50 W
2025/11/17 00:20:42.815, NVIDIA A100-SXM4-40GB, 0, P0, 210 MHz, 1215 MHz, 0 %, 0 %, 53.61 W
2025/11/17 00:20:43.018, NVIDIA A100-SXM4-40GB, 0, P0, 210 MHz, 1215 MHz, 0 %, 0 %, 53.44 W
2025/11/17 00:20:43.222, NVIDIA A100-SXM4-40GB, 0, P0, 210 MHz, 1215 MHz, 0 %, 0 %, 53.50 W
2025/11/17 00:20:43.425, NVIDIA A100-SXM4-40GB, 0, P0, 210 MHz, 1215 MHz, 0 %, 0 %, 53.50 W
2025/11/17 00:20:43.629, NVIDIA A100-SXM4-40GB, 0, P0, 210 MHz, 1215 MHz, 0 %, 0 %, 53.50 W
2025/11/17 00:20:43.832, NVIDIA A100-SXM4-40GB, 0, P0, 210 MHz, 1215 MHz, 0 %, 0 %, 53.33 W
2025/11/17 00:20:44.036, NVIDIA A100-SXM4-40GB, 0, P0, 210 MHz, 1215 MHz, 0 %, 0 %, 53.50 W
2025/11/17 00:20:44.240, NVIDIA A100-SXM4-40GB, 0, P0, 210 MHz, 1215 MHz, 0 %, 0 %, 53.66 W
2025/11/17 00:20:44.445, NVIDIA A100-SXM4-40GB, 0, P0, 210 MHz, 1215 MHz, 0 %, 0 %, 53.55 W
2025/11/17 00:20:44.648, NVIDIA A100-SXM4-40GB, 0, P0, 210 MHz, 1215 MHz, 0 %, 0 %, 53.55 W
2025/11/17 00:20:44.852, NVIDIA A100-SXM4-40GB, 0, P0, 210 MHz, 1215 MHz, 0 %, 0 %, 53.72 W
2025/11/17 00:20:45.055, NVIDIA A100-SXM4-40GB, 0, P0, 210 MHz, 1215 MHz, 0 %, 0 %, 53.55 W
2025/11/17 00:20:45.258, NVIDIA A100-SXM4-40GB, 0, P0, 210 MHz, 1215 MHz, 0 %, 0 %, 53.27 W
2025/11/17 00:20:45.462, NVIDIA A100-SXM4-40GB, 0, P0, 210 MHz, 1215 MHz, 0 %, 0 %, 53.55 W
2025/11/17 00:20:45.665, NVIDIA A100-SXM4-40GB, 0, P0, 210 MHz, 1215 MHz, 0 %, 0 %, 53.50 W
2025/11/17 00:20:45.869, NVIDIA A100-SXM4-40GB, 0, P0, 210 MHz, 1215 MHz, 0 %, 0 %, 53.55 W
2025/11/17 00:20:46.073, NVIDIA A100-SXM4-40GB, 0, P0, 210 MHz, 1215 MHz, 0 %, 0 %, 53.61 W
2025/11/17 00:20:46.277, NVIDIA A100-SXM4-40GB, 0, P0, 210 MHz, 1215 MHz, 0 %, 0 %, 53.44 W
2025/11/17 00:20:46.481, NVIDIA A100-SXM4-40GB, 0, P0, 210 MHz, 1215 MHz, 0 %, 0 %, 53.50 W
2025/11/17 00:20:46.684, NVIDIA A100-SXM4-40GB, 0, P0, 210 MHz, 1215 MHz, 0 %, 0 %, 53.55 W
2025/11/17 00:20:46.888, NVIDIA A100-SXM4-40GB, 0, P0, 210 MHz, 1215 MHz, 0 %, 0 %, 53.38 W
2025/11/17 00:20:47.091, NVIDIA A100-SXM4-40GB, 0, P0, 210 MHz, 1215 MHz, 0 %, 0 %, 53.38 W
2025/11/17 00:20:47.294, NVIDIA A100-SXM4-40GB, 0, P0, 210 MHz, 1215 MHz, 0 %, 0 %, 53.38 W
2025/11/17 00:20:47.498, NVIDIA A100-SXM4-40GB, 0, P0, 210 MHz, 1215 MHz, 0 %, 0 %, 53.38 W
2025/11/17 00:20:47.701, NVIDIA A100-SXM4-40GB, 0, P0, 210 MHz, 1215 MHz, 0 %, 0 %, 53.50 W
2025/11/17 00:20:47.905, NVIDIA A100-SXM4-40GB, 0, P0, 210 MHz, 1215 MHz, 0 %, 0 %, 53.50 W
2025/11/17 00:20:48.110, NVIDIA A100-SXM4-40GB, 0, P0, 210 MHz, 1215 MHz, 0 %, 0 %, 53.44 W
2025/11/17 00:20:48.313, NVIDIA A100-SXM4-40GB, 0, P0, 210 MHz, 1215 MHz, 0 %, 0 %, 53.38 W
2025/11/17 00:20:48.517, NVIDIA A100-SXM4-40GB, 0, P0, 210 MHz, 1215 MHz, 0 %, 0 %, 53.33 W
2025/11/17 00:20:48.720, NVIDIA A100-SXM4-40GB, 0, P0, 210 MHz, 1215 MHz, 0 %, 0 %, 52.95 W
2025/11/17 00:20:48.923, NVIDIA A100-SXM4-40GB, 0, P0, 210 MHz, 1215 MHz, 0 %, 0 %, 53.55 W
2025/11/17 00:20:49.127, NVIDIA A100-SXM4-40GB, 0, P0, 210 MHz, 1215 MHz, 0 %, 0 %, 53.44 W
2025/11/17 00:20:49.330, NVIDIA A100-SXM4-40GB, 0, P0, 210 MHz, 1215 MHz, 0 %, 0 %, 53.44 W
2025/11/17 00:20:49.533, NVIDIA A100-SXM4-40GB, 0, P0, 210 MHz, 1215 MHz, 0 %, 0 %, 53.22 W
2025/11/17 00:20:49.737, NVIDIA A100-SXM4-40GB, 0, P0, 210 MHz, 1215 MHz, 0 %, 0 %, 52.95 W
2025/11/17 00:20:49.943, NVIDIA A100-SXM4-40GB, 0, P0, 210 MHz, 1215 MHz, 0 %, 0 %, 53.55 W
2025/11/17 00:20:50.146, NVIDIA A100-SXM4-40GB, 0, P0, 210 MHz, 1215 MHz, 0 %, 0 %, 53.44 W
2025/11/17 00:20:50.349, NVIDIA A100-SXM4-40GB, 0, P0, 210 MHz, 1215 MHz, 0 %, 0 %, 53.44 W
2025/11/17 00:20:50.553, NVIDIA A100-SXM4-40GB, 0, P0, 210 MHz, 1215 MHz, 0 %, 0 %, 53.33 W
2025/11/17 00:20:50.756, NVIDIA A100-SXM4-40GB, 0, P0, 210 MHz, 1215 MHz, 0 %, 0 %, 53.50 W
2025/11/17 00:20:50.959, NVIDIA A100-SXM4-40GB, 0, P0, 210 MHz, 1215 MHz, 0 %, 0 %, 53.38 W
2025/11/17 00:20:51.163, NVIDIA A100-SXM4-40GB, 0, P0, 210 MHz, 1215 MHz, 0 %, 0 %, 53.27 W
2025/11/17 00:20:51.366, NVIDIA A100-SXM4-40GB, 0, P0, 210 MHz, 1215 MHz, 0 %, 0 %, 53.38 W
2025/11/17 00:20:51.571, NVIDIA A100-SXM4-40GB, 0, P0, 210 MHz, 1215 MHz, 0 %, 0 %, 53.55 W
2025/11/17 00:20:51.775, NVIDIA A100-SXM4-40GB, 0, P0, 210 MHz, 1215 MHz, 0 %, 0 %, 53.33 W
2025/11/17 00:20:51.978, NVIDIA A100-SXM4-40GB, 0, P0, 210 MHz, 1215 MHz, 0 %, 0 %, 53.61 W
2025/11/17 00:20:52.182, NVIDIA A100-SXM4-40GB, 0, P0, 210 MHz, 1215 MHz, 0 %, 0 %, 53.55 W
2025/11/17 00:20:52.385, NVIDIA A100-SXM4-40GB, 0, P0, 210 MHz, 1215 MHz, 0 %, 0 %, 53.55 W
2025/11/17 00:20:52.589, NVIDIA A100-SXM4-40GB, 0, P0, 210 MHz, 1215 MHz, 0 %, 0 %, 53.44 W
2025/11/17 00:20:52.793, NVIDIA A100-SXM4-40GB, 0, P0, 210 MHz, 1215 MHz, 0 %, 0 %, 53.66 W
2025/11/17 00:20:52.996, NVIDIA A100-SXM4-40GB, 0, P0, 210 MHz, 1215 MHz, 0 %, 0 %, 53.50 W
2025/11/17 00:20:53.201, NVIDIA A100-SXM4-40GB, 0, P0, 210 MHz, 1215 MHz, 0 %, 0 %, 53.72 W
2025/11/17 00:20:53.407, NVIDIA A100-SXM4-40GB, 0, P0, 210 MHz, 1215 MHz, 0 %, 0 %, 53.50 W
2025/11/17 00:20:53.611, NVIDIA A100-SXM4-40GB, 0, P0, 210 MHz, 1215 MHz, 0 %, 0 %, 53.94 W
2025/11/17 00:20:53.814, NVIDIA A100-SXM4-40GB, 0, P0, 210 MHz, 1215 MHz, 0 %, 0 %, 53.33 W
2025/11/17 00:20:54.018, NVIDIA A100-SXM4-40GB, 0, P0, 210 MHz, 1215 MHz, 0 %, 0 %, 53.22 W
2025/11/17 00:20:54.221, NVIDIA A100-SXM4-40GB, 0, P0, 210 MHz, 1215 MHz, 0 %, 0 %, 53.50 W
2025/11/17 00:20:54.425, NVIDIA A100-SXM4-40GB, 0, P0, 210 MHz, 1215 MHz, 0 %, 0 %, 53.44 W
2025/11/17 00:20:54.628, NVIDIA A100-SXM4-40GB, 0, P0, 210 MHz, 1215 MHz, 0 %, 0 %, 53.72 W
2025/11/17 00:20:54.832, NVIDIA A100-SXM4-40GB, 0, P0, 210 MHz, 1215 MHz, 0 %, 0 %, 53.55 W
2025/11/17 00:20:55.038, NVIDIA A100-SXM4-40GB, 0, P0, 210 MHz, 1215 MHz, 0 %, 0 %, 53.72 W
2025/11/17 00:20:55.242, NVIDIA A100-SXM4-40GB, 0, P0, 210 MHz, 1215 MHz, 0 %, 0 %, 53.66 W
2025/11/17 00:20:55.445, NVIDIA A100-SXM4-40GB, 0, P0, 210 MHz, 1215 MHz, 0 %, 0 %, 53.61 W
2025/11/17 00:20:55.648, NVIDIA A100-SXM4-40GB, 0, P0, 210 MHz, 1215 MHz, 0 %, 0 %, 53.61 W
2025/11/17 00:20:55.851, NVIDIA A100-SXM4-40GB, 0, P0, 210 MHz, 1215 MHz, 0 %, 0 %, 53.89 W
2025/11/17 00:20:56.055, NVIDIA A100-SXM4-40GB, 0, P0, 210 MHz, 1215 MHz, 0 %, 0 %, 53.22 W
2025/11/17 00:20:56.258, NVIDIA A100-SXM4-40GB, 0, P0, 210 MHz, 1215 MHz, 0 %, 0 %, 53.66 W
2025/11/17 00:20:56.462, NVIDIA A100-SXM4-40GB, 0, P0, 210 MHz, 1215 MHz, 0 %, 0 %, 53.77 W
2025/11/17 00:20:56.666, NVIDIA A100-SXM4-40GB, 0, P0, 210 MHz, 1215 MHz, 0 %, 0 %, 53.50 W
2025/11/17 00:20:56.870, NVIDIA A100-SXM4-40GB, 0, P0, 210 MHz, 1215 MHz, 0 %, 0 %, 53.61 W
2025/11/17 00:20:57.074, NVIDIA A100-SXM4-40GB, 0, P0, 210 MHz, 1215 MHz, 0 %, 0 %, 53.55 W
2025/11/17 00:20:57.277, NVIDIA A100-SXM4-40GB, 0, P0, 210 MHz, 1215 MHz, 0 %, 0 %, 53.55 W
2025/11/17 00:20:57.480, NVIDIA A100-SXM4-40GB, 0, P0, 210 MHz, 1215 MHz, 0 %, 0 %, 53.50 W
2025/11/17 00:20:57.684, NVIDIA A100-SXM4-40GB, 0, P0, 210 MHz, 1215 MHz, 0 %, 0 %, 53.61 W
2025/11/17 00:20:57.887, NVIDIA A100-SXM4-40GB, 0, P0, 210 MHz, 1215 MHz, 0 %, 0 %, 53.77 W
2025/11/17 00:20:58.090, NVIDIA A100-SXM4-40GB, 0, P0, 210 MHz, 1215 MHz, 0 %, 0 %, 53.55 W
2025/11/17 00:20:58.294, NVIDIA A100-SXM4-40GB, 0, P0, 210 MHz, 1215 MHz, 0 %, 0 %, 53.38 W
2025/11/17 00:20:58.498, NVIDIA A100-SXM4-40GB, 0, P0, 210 MHz, 1215 MHz, 0 %, 0 %, 53.61 W
2025/11/17 00:20:58.702, NVIDIA A100-SXM4-40GB, 0, P0, 210 MHz, 1215 MHz, 0 %, 0 %, 53.50 W
2025/11/17 00:20:58.905, NVIDIA A100-SXM4-40GB, 0, P0, 210 MHz, 1215 MHz, 0 %, 0 %, 52.95 W
2025/11/17 00:20:59.108, NVIDIA A100-SXM4-40GB, 0, P0, 210 MHz, 1215 MHz, 0 %, 0 %, 53.72 W
2025/11/17 00:20:59.312, NVIDIA A100-SXM4-40GB, 0, P0, 210 MHz, 1215 MHz, 0 %, 0 %, 53.50 W
2025/11/17 00:20:59.515, NVIDIA A100-SXM4-40GB, 0, P0, 210 MHz, 1215 MHz, 0 %, 0 %, 52.84 W
2025/11/17 00:20:59.718, NVIDIA A100-SXM4-40GB, 0, P0, 210 MHz, 1215 MHz, 0 %, 0 %, 53.66 W
2025/11/17 00:20:59.922, NVIDIA A100-SXM4-40GB, 0, P0, 210 MHz, 1215 MHz, 0 %, 0 %, 53.50 W
2025/11/17 00:21:00.125, NVIDIA A100-SXM4-40GB, 0, P0, 210 MHz, 1215 MHz, 0 %, 0 %, 53.66 W
2025/11/17 00:21:00.330, NVIDIA A100-SXM4-40GB, 0, P0, 210 MHz, 1215 MHz, 0 %, 0 %, 53.33 W
2025/11/17 00:21:00.533, NVIDIA A100-SXM4-40GB, 0, P0, 210 MHz, 1215 MHz, 0 %, 0 %, 53.61 W
2025/11/17 00:21:00.737, NVIDIA A100-SXM4-40GB, 0, P0, 210 MHz, 1215 MHz, 0 %, 0 %, 53.50 W
2025/11/17 00:21:00.940, NVIDIA A100-SXM4-40GB, 0, P0, 210 MHz, 1215 MHz, 0 %, 0 %, 53.55 W
2025/11/17 00:21:01.144, NVIDIA A100-SXM4-40GB, 0, P0, 210 MHz, 1215 MHz, 0 %, 0 %, 53.44 W
2025/11/17 00:21:01.347, NVIDIA A100-SXM4-40GB, 0, P0, 210 MHz, 1215 MHz, 0 %, 0 %, 53.38 W
2025/11/17 00:21:01.550, NVIDIA A100-SXM4-40GB, 0, P0, 210 MHz, 1215 MHz, 0 %, 0 %, 53.72 W
2025/11/17 00:21:01.754, NVIDIA A100-SXM4-40GB, 0, P0, 210 MHz, 1215 MHz, 0 %, 0 %, 53.50 W
2025/11/17 00:21:01.958, NVIDIA A100-SXM4-40GB, 0, P0, 210 MHz, 1215 MHz, 0 %, 0 %, 53.66 W
2025/11/17 00:21:02.163, NVIDIA A100-SXM4-40GB, 0, P0, 210 MHz, 1215 MHz, 0 %, 0 %, 53.50 W
2025/11/17 00:21:02.366, NVIDIA A100-SXM4-40GB, 0, P0, 210 MHz, 1215 MHz, 0 %, 0 %, 53.50 W
2025/11/17 00:21:02.569, NVIDIA A100-SXM4-40GB, 0, P0, 210 MHz, 1215 MHz, 0 %, 0 %, 53.44 W
2025/11/17 00:21:02.773, NVIDIA A100-SXM4-40GB, 0, P0, 210 MHz, 1215 MHz, 0 %, 0 %, 53.55 W
2025/11/17 00:21:02.976, NVIDIA A100-SXM4-40GB, 0, P0, 210 MHz, 1215 MHz, 0 %, 0 %, 53.61 W
2025/11/17 00:21:03.180, NVIDIA A100-SXM4-40GB, 0, P0, 210 MHz, 1215 MHz, 0 %, 0 %, 53.55 W
2025/11/17 00:21:03.383, NVIDIA A100-SXM4-40GB, 0, P0, 210 MHz, 1215 MHz, 0 %, 0 %, 53.66 W
2025/11/17 00:21:03.587, NVIDIA A100-SXM4-40GB, 0, P0, 210 MHz, 1215 MHz, 0 %, 0 %, 53.61 W
2025/11/17 00:21:03.792, NVIDIA A100-SXM4-40GB, 0, P0, 210 MHz, 1215 MHz, 0 %, 0 %, 53.61 W
2025/11/17 00:21:03.996, NVIDIA A100-SXM4-40GB, 0, P0, 210 MHz, 1215 MHz, 0 %, 0 %, 53.61 W
2025/11/17 00:21:04.199, NVIDIA A100-SXM4-40GB, 0, P0, 210 MHz, 1215 MHz, 0 %, 0 %, 53.94 W
2025/11/17 00:21:04.403, NVIDIA A100-SXM4-40GB, 0, P0, 210 MHz, 1215 MHz, 0 %, 0 %, 53.44 W
2025/11/17 00:21:04.606, NVIDIA A100-SXM4-40GB, 0, P0, 210 MHz, 1215 MHz, 0 %, 0 %, 53.66 W
2025/11/17 00:21:04.809, NVIDIA A100-SXM4-40GB, 0, P0, 210 MHz, 1215 MHz, 0 %, 0 %, 53.72 W
2025/11/17 00:21:05.013, NVIDIA A100-SXM4-40GB, 0, P0, 210 MHz, 1215 MHz, 0 %, 0 %, 53.38 W
2025/11/17 00:21:05.216, NVIDIA A100-SXM4-40GB, 0, P0, 210 MHz, 1215 MHz, 0 %, 0 %, 53.66 W
2025/11/17 00:21:05.419, NVIDIA A100-SXM4-40GB, 0, P0, 210 MHz, 1215 MHz, 0 %, 0 %, 53.50 W
2025/11/17 00:21:05.624, NVIDIA A100-SXM4-40GB, 0, P0, 210 MHz, 1215 MHz, 0 %, 0 %, 53.61 W
2025/11/17 00:21:05.828, NVIDIA A100-SXM4-40GB, 0, P0, 210 MHz, 1215 MHz, 0 %, 0 %, 53.50 W
2025/11/17 00:21:06.031, NVIDIA A100-SXM4-40GB, 0, P0, 210 MHz, 1215 MHz, 0 %, 0 %, 53.61 W
2025/11/17 00:21:06.235, NVIDIA A100-SXM4-40GB, 0, P0, 210 MHz, 1215 MHz, 0 %, 0 %, 53.72 W
2025/11/17 00:21:06.438, NVIDIA A100-SXM4-40GB, 0, P0, 210 MHz, 1215 MHz, 0 %, 0 %, 53.50 W
2025/11/17 00:21:06.642, NVIDIA A100-SXM4-40GB, 0, P0, 210 MHz, 1215 MHz, 0 %, 0 %, 53.72 W
2025/11/17 00:21:06.845, NVIDIA A100-SXM4-40GB, 0, P0, 210 MHz, 1215 MHz, 0 %, 0 %, 53.50 W
2025/11/17 00:21:07.048, NVIDIA A100-SXM4-40GB, 0, P0, 210 MHz, 1215 MHz, 0 %, 0 %, 53.61 W
2025/11/17 00:21:07.252, NVIDIA A100-SXM4-40GB, 0, P0, 210 MHz, 1215 MHz, 0 %, 0 %, 53.44 W
2025/11/17 00:21:07.456, NVIDIA A100-SXM4-40GB, 0, P0, 210 MHz, 1215 MHz, 0 %, 0 %, 53.50 W
2025/11/17 00:21:07.660, NVIDIA A100-SXM4-40GB, 0, P0, 210 MHz, 1215 MHz, 0 %, 0 %, 53.55 W
2025/11/17 00:21:07.863, NVIDIA A100-SXM4-40GB, 0, P0, 210 MHz, 1215 MHz, 0 %, 0 %, 53.61 W
2025/11/17 00:21:08.067, NVIDIA A100-SXM4-40GB, 0, P0, 210 MHz, 1215 MHz, 0 %, 0 %, 53.61 W
2025/11/17 00:21:08.270, NVIDIA A100-SXM4-40GB, 0, P0, 210 MHz, 1215 MHz, 0 %, 0 %, 53.55 W
2025/11/17 00:21:08.473, NVIDIA A100-SXM4-40GB, 0, P0, 210 MHz, 1215 MHz, 0 %, 0 %, 53.61 W
2025/11/17 00:21:08.677, NVIDIA A100-SXM4-40GB, 0, P0, 210 MHz, 1215 MHz, 0 %, 0 %, 53.66 W
2025/11/17 00:21:08.880, NVIDIA A100-SXM4-40GB, 0, P0, 210 MHz, 1215 MHz, 0 %, 0 %, 53.55 W
2025/11/17 00:21:09.084, NVIDIA A100-SXM4-40GB, 0, P0, 210 MHz, 1215 MHz, 0 %, 0 %, 53.66 W
2025/11/17 00:21:09.288, NVIDIA A100-SXM4-40GB, 0, P0, 210 MHz, 1215 MHz, 0 %, 0 %, 53.61 W
2025/11/17 00:21:09.491, NVIDIA A100-SXM4-40GB, 0, P0, 210 MHz, 1215 MHz, 0 %, 0 %, 53.55 W
2025/11/17 00:21:09.695, NVIDIA A100-SXM4-40GB, 0, P0, 210 MHz, 1215 MHz, 0 %, 0 %, 53.44 W
2025/11/17 00:21:09.898, NVIDIA A100-SXM4-40GB, 0, P0, 210 MHz, 1215 MHz, 0 %, 0 %, 53.61 W
2025/11/17 00:21:10.102, NVIDIA A100-SXM4-40GB, 0, P0, 210 MHz, 1215 MHz, 0 %, 0 %, 53.66 W
2025/11/17 00:21:10.305, NVIDIA A100-SXM4-40GB, 0, P0, 210 MHz, 1215 MHz, 0 %, 0 %, 53.50 W
2025/11/17 00:21:10.510, NVIDIA A100-SXM4-40GB, 0, P0, 210 MHz, 1215 MHz, 0 %, 0 %, 53.55 W
2025/11/17 00:21:10.714, NVIDIA A100-SXM4-40GB, 0, P0, 210 MHz, 1215 MHz, 0 %, 0 %, 53.55 W
2025/11/17 00:21:10.918, NVIDIA A100-SXM4-40GB, 0, P0, 210 MHz, 1215 MHz, 0 %, 0 %, 53.61 W
2025/11/17 00:21:11.123, NVIDIA A100-SXM4-40GB, 0, P0, 210 MHz, 1215 MHz, 0 %, 0 %, 53.44 W
2025/11/17 00:21:11.327, NVIDIA A100-SXM4-40GB, 0, P0, 210 MHz, 1215 MHz, 0 %, 0 %, 53.83 W
2025/11/17 00:21:11.531, NVIDIA A100-SXM4-40GB, 0, P0, 210 MHz, 1215 MHz, 0 %, 0 %, 53.61 W
2025/11/17 00:21:11.735, NVIDIA A100-SXM4-40GB, 0, P0, 210 MHz, 1215 MHz, 0 %, 0 %, 53.55 W
2025/11/17 00:21:11.939, NVIDIA A100-SXM4-40GB, 0, P0, 210 MHz, 1215 MHz, 0 %, 0 %, 53.83 W
2025/11/17 00:21:12.144, NVIDIA A100-SXM4-40GB, 0, P0, 210 MHz, 1215 MHz, 0 %, 0 %, 53.89 W
2025/11/17 00:21:12.348, NVIDIA A100-SXM4-40GB, 0, P0, 210 MHz, 1215 MHz, 0 %, 0 %, 54.00 W
2025/11/17 00:21:12.552, NVIDIA A100-SXM4-40GB, 0, P0, 210 MHz, 1215 MHz, 0 %, 0 %, 53.94 W
2025/11/17 00:21:12.756, NVIDIA A100-SXM4-40GB, 0, P0, 210 MHz, 1215 MHz, 0 %, 0 %, 53.66 W
2025/11/17 00:21:12.959, NVIDIA A100-SXM4-40GB, 0, P0, 210 MHz, 1215 MHz, 0 %, 0 %, 53.55 W
2025/11/17 00:21:13.162, NVIDIA A100-SXM4-40GB, 0, P0, 210 MHz, 1215 MHz, 0 %, 0 %, 53.61 W
2025/11/17 00:21:13.366, NVIDIA A100-SXM4-40GB, 0, P0, 210 MHz, 1215 MHz, 0 %, 0 %, 53.61 W
2025/11/17 00:21:13.569, NVIDIA A100-SXM4-40GB, 0, P0, 210 MHz, 1215 MHz, 0 %, 0 %, 53.61 W
2025/11/17 00:21:13.773, NVIDIA A100-SXM4-40GB, 0, P0, 210 MHz, 1215 MHz, 0 %, 0 %, 53.50 W
2025/11/17 00:21:13.976, NVIDIA A100-SXM4-40GB, 0, P0, 210 MHz, 1215 MHz, 0 %, 0 %, 53.55 W
2025/11/17 00:21:14.180, NVIDIA A100-SXM4-40GB, 0, P0, 210 MHz, 1215 MHz, 0 %, 0 %, 53.55 W
2025/11/17 00:21:14.385, NVIDIA A100-SXM4-40GB, 0, P0, 210 MHz, 1215 MHz, 0 %, 0 %, 53.50 W
2025/11/17 00:21:14.588, NVIDIA A100-SXM4-40GB, 0, P0, 210 MHz, 1215 MHz, 0 %, 0 %, 53.61 W
2025/11/17 00:21:14.791, NVIDIA A100-SXM4-40GB, 0, P0, 210 MHz, 1215 MHz, 0 %, 0 %, 53.50 W
2025/11/17 00:21:14.995, NVIDIA A100-SXM4-40GB, 0, P0, 210 MHz, 1215 MHz, 0 %, 0 %, 53.66 W
2025/11/17 00:21:15.198, NVIDIA A100-SXM4-40GB, 0, P0, 210 MHz, 1215 MHz, 0 %, 0 %, 53.61 W
2025/11/17 00:21:15.401, NVIDIA A100-SXM4-40GB, 0, P0, 210 MHz, 1215 MHz, 0 %, 0 %, 53.66 W
2025/11/17 00:21:15.605, NVIDIA A100-SXM4-40GB, 0, P0, 210 MHz, 1215 MHz, 0 %, 0 %, 53.55 W
2025/11/17 00:21:15.808, NVIDIA A100-SXM4-40GB, 0, P0, 210 MHz, 1215 MHz, 0 %, 0 %, 53.66 W
2025/11/17 00:21:16.012, NVIDIA A100-SXM4-40GB, 0, P0, 210 MHz, 1215 MHz, 0 %, 0 %, 53.66 W
2025/11/17 00:21:16.216, NVIDIA A100-SXM4-40GB, 0, P0, 210 MHz, 1215 MHz, 0 %, 0 %, 53.44 W
2025/11/17 00:21:16.419, NVIDIA A100-SXM4-40GB, 0, P0, 210 MHz, 1215 MHz, 0 %, 0 %, 53.72 W
2025/11/17 00:21:16.622, NVIDIA A100-SXM4-40GB, 0, P0, 210 MHz, 1215 MHz, 0 %, 0 %, 53.66 W
2025/11/17 00:21:16.826, NVIDIA A100-SXM4-40GB, 0, P0, 210 MHz, 1215 MHz, 0 %, 0 %, 53.61 W
2025/11/17 00:21:17.029, NVIDIA A100-SXM4-40GB, 0, P0, 210 MHz, 1215 MHz, 0 %, 0 %, 53.72 W
2025/11/17 00:21:17.233, NVIDIA A100-SXM4-40GB, 0, P0, 210 MHz, 1215 MHz, 0 %, 0 %, 53.44 W
2025/11/17 00:21:17.436, NVIDIA A100-SXM4-40GB, 0, P0, 210 MHz, 1215 MHz, 0 %, 0 %, 53.61 W
2025/11/17 00:21:17.640, NVIDIA A100-SXM4-40GB, 0, P0, 210 MHz, 1215 MHz, 0 %, 0 %, 53.55 W
2025/11/17 00:21:17.846, NVIDIA A100-SXM4-40GB, 0, P0, 210 MHz, 1215 MHz, 0 %, 0 %, 53.66 W
2025/11/17 00:21:18.049, NVIDIA A100-SXM4-40GB, 0, P0, 210 MHz, 1215 MHz, 0 %, 0 %, 53.72 W
2025/11/17 00:21:18.252, NVIDIA A100-SXM4-40GB, 0, P0, 210 MHz, 1215 MHz, 0 %, 0 %, 53.50 W
2025/11/17 00:21:18.456, NVIDIA A100-SXM4-40GB, 0, P0, 210 MHz, 1215 MHz, 0 %, 0 %, 53.55 W
2025/11/17 00:21:18.659, NVIDIA A100-SXM4-40GB, 0, P0, 210 MHz, 1215 MHz, 0 %, 0 %, 53.55 W
2025/11/17 00:21:18.862, NVIDIA A100-SXM4-40GB, 0, P0, 210 MHz, 1215 MHz, 0 %, 0 %, 53.72 W
2025/11/17 00:21:19.066, NVIDIA A100-SXM4-40GB, 0, P0, 210 MHz, 1215 MHz, 0 %, 0 %, 53.50 W
2025/11/17 00:21:19.270, NVIDIA A100-SXM4-40GB, 0, P0, 210 MHz, 1215 MHz, 0 %, 0 %, 53.66 W
2025/11/17 00:21:19.475, NVIDIA A100-SXM4-40GB, 0, P0, 210 MHz, 1215 MHz, 0 %, 0 %, 53.44 W
2025/11/17 00:21:19.678, NVIDIA A100-SXM4-40GB, 0, P0, 210 MHz, 1215 MHz, 0 %, 0 %, 53.66 W
2025/11/17 00:21:19.882, NVIDIA A100-SXM4-40GB, 0, P0, 210 MHz, 1215 MHz, 0 %, 0 %, 53.66 W
2025/11/17 00:21:20.085, NVIDIA A100-SXM4-40GB, 0, P0, 210 MHz, 1215 MHz, 0 %, 0 %, 53.55 W
2025/11/17 00:21:20.289, NVIDIA A100-SXM4-40GB, 0, P0, 210 MHz, 1215 MHz, 0 %, 0 %, 53.83 W
2025/11/17 00:21:20.494, NVIDIA A100-SXM4-40GB, 0, P0, 210 MHz, 1215 MHz, 0 %, 0 %, 53.44 W
2025/11/17 00:21:20.697, NVIDIA A100-SXM4-40GB, 0, P0, 210 MHz, 1215 MHz, 0 %, 0 %, 53.50 W
2025/11/17 00:21:20.901, NVIDIA A100-SXM4-40GB, 0, P0, 210 MHz, 1215 MHz, 0 %, 0 %, 53.55 W
2025/11/17 00:21:21.106, NVIDIA A100-SXM4-40GB, 0, P0, 210 MHz, 1215 MHz, 0 %, 0 %, 53.72 W
2025/11/17 00:21:21.310, NVIDIA A100-SXM4-40GB, 0, P0, 210 MHz, 1215 MHz, 0 %, 0 %, 53.61 W
2025/11/17 00:21:21.513, NVIDIA A100-SXM4-40GB, 0, P0, 210 MHz, 1215 MHz, 0 %, 0 %, 53.55 W
2025/11/17 00:21:21.716, NVIDIA A100-SXM4-40GB, 0, P0, 210 MHz, 1215 MHz, 0 %, 0 %, 53.66 W
2025/11/17 00:21:21.920, NVIDIA A100-SXM4-40GB, 0, P0, 210 MHz, 1215 MHz, 0 %, 0 %, 53.77 W
2025/11/17 00:21:22.123, NVIDIA A100-SXM4-40GB, 0, P0, 210 MHz, 1215 MHz, 0 %, 0 %, 53.61 W
2025/11/17 00:21:22.327, NVIDIA A100-SXM4-40GB, 0, P0, 210 MHz, 1215 MHz, 0 %, 0 %, 53.55 W
2025/11/17 00:21:22.530, NVIDIA A100-SXM4-40GB, 0, P0, 210 MHz, 1215 MHz, 0 %, 0 %, 53.61 W
2025/11/17 00:21:22.734, NVIDIA A100-SXM4-40GB, 0, P0, 210 MHz, 1215 MHz, 0 %, 0 %, 53.50 W
2025/11/17 00:21:22.939, NVIDIA A100-SXM4-40GB, 0, P0, 210 MHz, 1215 MHz, 0 %, 0 %, 53.72 W
2025/11/17 00:21:23.142, NVIDIA A100-SXM4-40GB, 0, P0, 210 MHz, 1215 MHz, 0 %, 0 %, 53.44 W
2025/11/17 00:21:23.345, NVIDIA A100-SXM4-40GB, 0, P0, 210 MHz, 1215 MHz, 0 %, 0 %, 53.61 W
2025/11/17 00:21:23.549, NVIDIA A100-SXM4-40GB, 0, P0, 210 MHz, 1215 MHz, 0 %, 0 %, 53.61 W
2025/11/17 00:21:23.752, NVIDIA A100-SXM4-40GB, 0, P0, 210 MHz, 1215 MHz, 0 %, 0 %, 53.50 W
2025/11/17 00:21:23.956, NVIDIA A100-SXM4-40GB, 0, P0, 210 MHz, 1215 MHz, 0 %, 0 %, 53.66 W
2025/11/17 00:21:24.159, NVIDIA A100-SXM4-40GB, 0, P0, 210 MHz, 1215 MHz, 0 %, 0 %, 53.44 W
2025/11/17 00:21:24.362, NVIDIA A100-SXM4-40GB, 0, P0, 210 MHz, 1215 MHz, 0 %, 0 %, 53.61 W
2025/11/17 00:21:24.567, NVIDIA A100-SXM4-40GB, 0, P0, 210 MHz, 1215 MHz, 0 %, 0 %, 53.66 W
2025/11/17 00:21:24.770, NVIDIA A100-SXM4-40GB, 0, P0, 210 MHz, 1215 MHz, 0 %, 0 %, 53.61 W
2025/11/17 00:21:24.974, NVIDIA A100-SXM4-40GB, 0, P0, 210 MHz, 1215 MHz, 0 %, 0 %, 53.77 W
2025/11/17 00:21:25.177, NVIDIA A100-SXM4-40GB, 0, P0, 210 MHz, 1215 MHz, 0 %, 0 %, 53.55 W
2025/11/17 00:21:25.381, NVIDIA A100-SXM4-40GB, 0, P0, 210 MHz, 1215 MHz, 0 %, 0 %, 53.77 W
2025/11/17 00:21:25.585, NVIDIA A100-SXM4-40GB, 0, P0, 210 MHz, 1215 MHz, 0 %, 0 %, 53.61 W
2025/11/17 00:21:25.788, NVIDIA A100-SXM4-40GB, 0, P0, 210 MHz, 1215 MHz, 0 %, 0 %, 53.72 W
2025/11/17 00:21:25.991, NVIDIA A100-SXM4-40GB, 0, P0, 210 MHz, 1215 MHz, 0 %, 0 %, 53.66 W
2025/11/17 00:21:26.196, NVIDIA A100-SXM4-40GB, 0, P0, 210 MHz, 1215 MHz, 0 %, 0 %, 53.61 W
2025/11/17 00:21:26.400, NVIDIA A100-SXM4-40GB, 0, P0, 210 MHz, 1215 MHz, 0 %, 0 %, 53.55 W
2025/11/17 00:21:26.604, NVIDIA A100-SXM4-40GB, 0, P0, 210 MHz, 1215 MHz, 0 %, 0 %, 53.38 W
2025/11/17 00:21:26.807, NVIDIA A100-SXM4-40GB, 0, P0, 210 MHz, 1215 MHz, 0 %, 0 %, 53.77 W
2025/11/17 00:21:27.010, NVIDIA A100-SXM4-40GB, 0, P0, 210 MHz, 1215 MHz, 0 %, 0 %, 53.50 W
2025/11/17 00:21:27.214, NVIDIA A100-SXM4-40GB, 0, P0, 210 MHz, 1215 MHz, 0 %, 0 %, 53.66 W
2025/11/17 00:21:27.417, NVIDIA A100-SXM4-40GB, 0, P0, 210 MHz, 1215 MHz, 0 %, 0 %, 53.50 W
2025/11/17 00:21:27.621, NVIDIA A100-SXM4-40GB, 0, P0, 210 MHz, 1215 MHz, 0 %, 0 %, 53.33 W
2025/11/17 00:21:27.824, NVIDIA A100-SXM4-40GB, 0, P0, 210 MHz, 1215 MHz, 0 %, 0 %, 54.00 W
2025/11/17 00:21:28.028, NVIDIA A100-SXM4-40GB, 0, P0, 210 MHz, 1215 MHz, 0 %, 0 %, 53.89 W
2025/11/17 00:21:28.233, NVIDIA A100-SXM4-40GB, 0, P0, 210 MHz, 1215 MHz, 0 %, 0 %, 53.89 W
2025/11/17 00:21:28.436, NVIDIA A100-SXM4-40GB, 0, P0, 210 MHz, 1215 MHz, 0 %, 0 %, 53.94 W
2025/11/17 00:21:28.640, NVIDIA A100-SXM4-40GB, 0, P0, 210 MHz, 1215 MHz, 0 %, 0 %, 53.38 W
2025/11/17 00:21:28.843, NVIDIA A100-SXM4-40GB, 0, P0, 210 MHz, 1215 MHz, 0 %, 0 %, 53.50 W
2025/11/17 00:21:29.047, NVIDIA A100-SXM4-40GB, 0, P0, 210 MHz, 1215 MHz, 0 %, 0 %, 53.77 W
2025/11/17 00:21:29.251, NVIDIA A100-SXM4-40GB, 0, P0, 210 MHz, 1215 MHz, 0 %, 0 %, 53.89 W
2025/11/17 00:21:29.454, NVIDIA A100-SXM4-40GB, 0, P0, 210 MHz, 1215 MHz, 0 %, 0 %, 53.55 W
2025/11/17 00:21:29.658, NVIDIA A100-SXM4-40GB, 0, P0, 210 MHz, 1215 MHz, 0 %, 0 %, 53.38 W
2025/11/17 00:21:29.863, NVIDIA A100-SXM4-40GB, 0, P0, 210 MHz, 1215 MHz, 0 %, 0 %, 53.44 W
2025/11/17 00:21:30.067, NVIDIA A100-SXM4-40GB, 0, P0, 210 MHz, 1215 MHz, 0 %, 0 %, 53.44 W
2025/11/17 00:21:30.271, NVIDIA A100-SXM4-40GB, 0, P0, 210 MHz, 1215 MHz, 0 %, 0 %, 53.61 W
2025/11/17 00:21:30.475, NVIDIA A100-SXM4-40GB, 0, P0, 210 MHz, 1215 MHz, 0 %, 0 %, 53.50 W
2025/11/17 00:21:30.679, NVIDIA A100-SXM4-40GB, 0, P0, 210 MHz, 1215 MHz, 0 %, 0 %, 53.50 W
2025/11/17 00:21:30.883, NVIDIA A100-SXM4-40GB, 0, P0, 210 MHz, 1215 MHz, 0 %, 0 %, 53.55 W
2025/11/17 00:21:31.086, NVIDIA A100-SXM4-40GB, 0, P0, 210 MHz, 1215 MHz, 0 %, 0 %, 53.55 W
2025/11/17 00:21:31.290, NVIDIA A100-SXM4-40GB, 0, P0, 210 MHz, 1215 MHz, 0 %, 0 %, 53.27 W
2025/11/17 00:21:31.494, NVIDIA A100-SXM4-40GB, 0, P0, 210 MHz, 1215 MHz, 0 %, 0 %, 53.55 W
2025/11/17 00:21:31.699, NVIDIA A100-SXM4-40GB, 0, P0, 210 MHz, 1215 MHz, 0 %, 0 %, 53.55 W
2025/11/17 00:21:31.902, NVIDIA A100-SXM4-40GB, 0, P0, 210 MHz, 1215 MHz, 0 %, 0 %, 53.66 W
2025/11/17 00:21:32.105, NVIDIA A100-SXM4-40GB, 0, P0, 210 MHz, 1215 MHz, 0 %, 0 %, 53.38 W
2025/11/17 00:21:32.309, NVIDIA A100-SXM4-40GB, 0, P0, 210 MHz, 1215 MHz, 0 %, 0 %, 53.61 W
2025/11/17 00:21:32.512, NVIDIA A100-SXM4-40GB, 0, P0, 210 MHz, 1215 MHz, 0 %, 0 %, 53.61 W
2025/11/17 00:21:32.716, NVIDIA A100-SXM4-40GB, 0, P0, 210 MHz, 1215 MHz, 0 %, 0 %, 53.61 W
2025/11/17 00:21:32.919, NVIDIA A100-SXM4-40GB, 0, P0, 210 MHz, 1215 MHz, 0 %, 0 %, 53.61 W
2025/11/17 00:21:33.122, NVIDIA A100-SXM4-40GB, 0, P0, 210 MHz, 1215 MHz, 0 %, 0 %, 53.55 W
2025/11/17 00:21:33.327, NVIDIA A100-SXM4-40GB, 0, P0, 210 MHz, 1215 MHz, 0 %, 0 %, 53.72 W
2025/11/17 00:21:33.531, NVIDIA A100-SXM4-40GB, 0, P0, 210 MHz, 1215 MHz, 0 %, 0 %, 53.61 W
2025/11/17 00:21:33.734, NVIDIA A100-SXM4-40GB, 0, P0, 210 MHz, 1215 MHz, 0 %, 0 %, 53.50 W
2025/11/17 00:21:33.938, NVIDIA A100-SXM4-40GB, 0, P0, 210 MHz, 1215 MHz, 0 %, 0 %, 53.66 W
2025/11/17 00:21:34.142, NVIDIA A100-SXM4-40GB, 0, P0, 210 MHz, 1215 MHz, 0 %, 0 %, 53.72 W
2025/11/17 00:21:34.345, NVIDIA A100-SXM4-40GB, 0, P0, 210 MHz, 1215 MHz, 0 %, 0 %, 53.66 W
2025/11/17 00:21:34.549, NVIDIA A100-SXM4-40GB, 0, P0, 210 MHz, 1215 MHz, 0 %, 0 %, 53.61 W
2025/11/17 00:21:34.753, NVIDIA A100-SXM4-40GB, 0, P0, 210 MHz, 1215 MHz, 0 %, 0 %, 53.66 W
2025/11/17 00:21:34.957, NVIDIA A100-SXM4-40GB, 0, P0, 210 MHz, 1215 MHz, 0 %, 0 %, 53.61 W
2025/11/17 00:21:35.161, NVIDIA A100-SXM4-40GB, 0, P0, 210 MHz, 1215 MHz, 0 %, 0 %, 53.55 W
2025/11/17 00:21:35.364, NVIDIA A100-SXM4-40GB, 0, P0, 210 MHz, 1215 MHz, 0 %, 0 %, 53.44 W
2025/11/17 00:21:35.568, NVIDIA A100-SXM4-40GB, 0, P0, 210 MHz, 1215 MHz, 0 %, 0 %, 53.72 W
2025/11/17 00:21:35.771, NVIDIA A100-SXM4-40GB, 0, P0, 210 MHz, 1215 MHz, 0 %, 0 %, 53.44 W
2025/11/17 00:21:35.975, NVIDIA A100-SXM4-40GB, 0, P0, 210 MHz, 1215 MHz, 0 %, 0 %, 53.55 W
2025/11/17 00:21:36.178, NVIDIA A100-SXM4-40GB, 0, P0, 210 MHz, 1215 MHz, 0 %, 0 %, 53.61 W
2025/11/17 00:21:36.381, NVIDIA A100-SXM4-40GB, 0, P0, 210 MHz, 1215 MHz, 0 %, 0 %, 53.89 W
2025/11/17 00:21:36.585, NVIDIA A100-SXM4-40GB, 0, P0, 210 MHz, 1215 MHz, 0 %, 0 %, 53.89 W
2025/11/17 00:21:36.789, NVIDIA A100-SXM4-40GB, 0, P0, 210 MHz, 1215 MHz, 0 %, 0 %, 53.94 W
2025/11/17 00:21:36.993, NVIDIA A100-SXM4-40GB, 0, P0, 210 MHz, 1215 MHz, 0 %, 0 %, 53.89 W
2025/11/17 00:21:37.196, NVIDIA A100-SXM4-40GB, 0, P0, 210 MHz, 1215 MHz, 0 %, 0 %, 54.00 W
2025/11/17 00:21:37.401, NVIDIA A100-SXM4-40GB, 0, P0, 210 MHz, 1215 MHz, 0 %, 0 %, 54.00 W
2025/11/17 00:21:37.604, NVIDIA A100-SXM4-40GB, 0, P0, 210 MHz, 1215 MHz, 0 %, 0 %, 53.89 W
2025/11/17 00:21:37.808, NVIDIA A100-SXM4-40GB, 0, P0, 210 MHz, 1215 MHz, 0 %, 0 %, 53.83 W
2025/11/17 00:21:38.011, NVIDIA A100-SXM4-40GB, 0, P0, 210 MHz, 1215 MHz, 0 %, 0 %, 53.44 W
2025/11/17 00:21:38.215, NVIDIA A100-SXM4-40GB, 0, P0, 210 MHz, 1215 MHz, 0 %, 0 %, 53.38 W
2025/11/17 00:21:38.419, NVIDIA A100-SXM4-40GB, 0, P0, 210 MHz, 1215 MHz, 0 %, 0 %, 53.66 W
2025/11/17 00:21:38.624, NVIDIA A100-SXM4-40GB, 0, P0, 210 MHz, 1215 MHz, 0 %, 0 %, 53.55 W
2025/11/17 00:21:38.827, NVIDIA A100-SXM4-40GB, 0, P0, 210 MHz, 1215 MHz, 0 %, 0 %, 53.77 W
2025/11/17 00:21:39.030, NVIDIA A100-SXM4-40GB, 0, P0, 210 MHz, 1215 MHz, 0 %, 0 %, 53.44 W
2025/11/17 00:21:39.234, NVIDIA A100-SXM4-40GB, 0, P0, 210 MHz, 1215 MHz, 0 %, 0 %, 53.44 W
2025/11/17 00:21:39.437, NVIDIA A100-SXM4-40GB, 0, P0, 210 MHz, 1215 MHz, 0 %, 0 %, 53.72 W
2025/11/17 00:21:39.641, NVIDIA A100-SXM4-40GB, 0, P0, 210 MHz, 1215 MHz, 0 %, 0 %, 53.55 W
2025/11/17 00:21:39.844, NVIDIA A100-SXM4-40GB, 0, P0, 210 MHz, 1215 MHz, 0 %, 0 %, 53.66 W
2025/11/17 00:21:40.047, NVIDIA A100-SXM4-40GB, 0, P0, 210 MHz, 1215 MHz, 0 %, 0 %, 53.44 W
2025/11/17 00:21:40.252, NVIDIA A100-SXM4-40GB, 0, P0, 210 MHz, 1215 MHz, 0 %, 0 %, 53.66 W
2025/11/17 00:21:40.456, NVIDIA A100-SXM4-40GB, 0, P0, 210 MHz, 1215 MHz, 0 %, 0 %, 53.66 W
2025/11/17 00:21:40.659, NVIDIA A100-SXM4-40GB, 0, P0, 210 MHz, 1215 MHz, 0 %, 0 %, 53.55 W
2025/11/17 00:21:40.863, NVIDIA A100-SXM4-40GB, 0, P0, 210 MHz, 1215 MHz, 0 %, 0 %, 53.55 W
2025/11/17 00:21:41.066, NVIDIA A100-SXM4-40GB, 0, P0, 210 MHz, 1215 MHz, 0 %, 0 %, 53.38 W
2025/11/17 00:21:41.269, NVIDIA A100-SXM4-40GB, 0, P0, 210 MHz, 1215 MHz, 0 %, 0 %, 53.44 W
2025/11/17 00:21:41.473, NVIDIA A100-SXM4-40GB, 0, P0, 210 MHz, 1215 MHz, 0 %, 0 %, 53.38 W
2025/11/17 00:21:41.676, NVIDIA A100-SXM4-40GB, 0, P0, 210 MHz, 1215 MHz, 0 %, 0 %, 53.55 W
2025/11/17 00:21:41.880, NVIDIA A100-SXM4-40GB, 0, P0, 210 MHz, 1215 MHz, 0 %, 0 %, 53.50 W
2025/11/17 00:21:42.084, NVIDIA A100-SXM4-40GB, 0, P0, 210 MHz, 1215 MHz, 0 %, 0 %, 53.55 W
2025/11/17 00:21:42.288, NVIDIA A100-SXM4-40GB, 0, P0, 210 MHz, 1215 MHz, 0 %, 0 %, 53.50 W
2025/11/17 00:21:42.492, NVIDIA A100-SXM4-40GB, 0, P0, 210 MHz, 1215 MHz, 0 %, 0 %, 53.55 W
2025/11/17 00:21:42.695, NVIDIA A100-SXM4-40GB, 0, P0, 210 MHz, 1215 MHz, 0 %, 0 %, 53.55 W
2025/11/17 00:21:42.898, NVIDIA A100-SXM4-40GB, 0, P0, 210 MHz, 1215 MHz, 0 %, 0 %, 53.55 W
2025/11/17 00:21:43.102, NVIDIA A100-SXM4-40GB, 0, P0, 210 MHz, 1215 MHz, 0 %, 0 %, 53.44 W
2025/11/17 00:21:43.305, NVIDIA A100-SXM4-40GB, 0, P0, 210 MHz, 1215 MHz, 0 %, 0 %, 53.44 W
2025/11/17 00:21:43.509, NVIDIA A100-SXM4-40GB, 0, P0, 210 MHz, 1215 MHz, 0 %, 0 %, 53.50 W
2025/11/17 00:21:43.713, NVIDIA A100-SXM4-40GB, 0, P0, 210 MHz, 1215 MHz, 0 %, 0 %, 53.44 W
2025/11/17 00:21:43.917, NVIDIA A100-SXM4-40GB, 0, P0, 210 MHz, 1215 MHz, 0 %, 0 %, 53.27 W
2025/11/17 00:21:44.121, NVIDIA A100-SXM4-40GB, 0, P0, 210 MHz, 1215 MHz, 0 %, 0 %, 53.38 W
2025/11/17 00:21:44.324, NVIDIA A100-SXM4-40GB, 0, P0, 210 MHz, 1215 MHz, 0 %, 0 %, 53.55 W
2025/11/17 00:21:44.528, NVIDIA A100-SXM4-40GB, 0, P0, 210 MHz, 1215 MHz, 0 %, 0 %, 54.00 W
2025/11/17 00:21:44.731, NVIDIA A100-SXM4-40GB, 0, P0, 210 MHz, 1215 MHz, 0 %, 0 %, 53.61 W
2025/11/17 00:21:44.935, NVIDIA A100-SXM4-40GB, 0, P0, 210 MHz, 1215 MHz, 0 %, 0 %, 53.50 W
2025/11/17 00:21:45.138, NVIDIA A100-SXM4-40GB, 0, P0, 210 MHz, 1215 MHz, 0 %, 0 %, 53.66 W
2025/11/17 00:21:45.341, NVIDIA A100-SXM4-40GB, 0, P0, 210 MHz, 1215 MHz, 0 %, 0 %, 53.83 W
2025/11/17 00:21:45.546, NVIDIA A100-SXM4-40GB, 0, P0, 210 MHz, 1215 MHz, 0 %, 0 %, 53.89 W
2025/11/17 00:21:45.750, NVIDIA A100-SXM4-40GB, 0, P0, 210 MHz, 1215 MHz, 0 %, 0 %, 53.44 W
2025/11/17 00:21:45.954, NVIDIA A100-SXM4-40GB, 0, P0, 210 MHz, 1215 MHz, 0 %, 0 %, 53.72 W
2025/11/17 00:21:46.157, NVIDIA A100-SXM4-40GB, 0, P0, 210 MHz, 1215 MHz, 0 %, 0 %, 53.72 W
2025/11/17 00:21:46.361, NVIDIA A100-SXM4-40GB, 0, P0, 210 MHz, 1215 MHz, 0 %, 0 %, 53.83 W
2025/11/17 00:21:46.564, NVIDIA A100-SXM4-40GB, 0, P0, 210 MHz, 1215 MHz, 0 %, 0 %, 53.72 W
2025/11/17 00:21:46.767, NVIDIA A100-SXM4-40GB, 0, P0, 210 MHz, 1215 MHz, 0 %, 0 %, 53.33 W
2025/11/17 00:21:46.971, NVIDIA A100-SXM4-40GB, 0, P0, 210 MHz, 1215 MHz, 0 %, 0 %, 54.00 W
2025/11/17 00:21:47.174, NVIDIA A100-SXM4-40GB, 0, P0, 210 MHz, 1215 MHz, 0 %, 0 %, 53.61 W
2025/11/17 00:21:47.379, NVIDIA A100-SXM4-40GB, 0, P0, 210 MHz, 1215 MHz, 0 %, 0 %, 53.94 W
2025/11/17 00:21:47.583, NVIDIA A100-SXM4-40GB, 0, P0, 210 MHz, 1215 MHz, 0 %, 0 %, 53.83 W
2025/11/17 00:21:47.787, NVIDIA A100-SXM4-40GB, 0, P0, 210 MHz, 1215 MHz, 0 %, 0 %, 53.61 W
2025/11/17 00:21:47.990, NVIDIA A100-SXM4-40GB, 0, P0, 210 MHz, 1215 MHz, 0 %, 0 %, 53.50 W
2025/11/17 00:21:48.193, NVIDIA A100-SXM4-40GB, 0, P0, 210 MHz, 1215 MHz, 0 %, 0 %, 53.61 W
2025/11/17 00:21:48.397, NVIDIA A100-SXM4-40GB, 0, P0, 210 MHz, 1215 MHz, 0 %, 0 %, 53.38 W
2025/11/17 00:21:48.601, NVIDIA A100-SXM4-40GB, 0, P0, 210 MHz, 1215 MHz, 0 %, 0 %, 53.55 W
2025/11/17 00:21:48.805, NVIDIA A100-SXM4-40GB, 0, P0, 210 MHz, 1215 MHz, 0 %, 0 %, 53.44 W
2025/11/17 00:21:49.010, NVIDIA A100-SXM4-40GB, 0, P0, 210 MHz, 1215 MHz, 0 %, 0 %, 53.55 W
2025/11/17 00:21:49.215, NVIDIA A100-SXM4-40GB, 0, P0, 210 MHz, 1215 MHz, 0 %, 0 %, 53.61 W
2025/11/17 00:21:49.419, NVIDIA A100-SXM4-40GB, 0, P0, 210 MHz, 1215 MHz, 0 %, 0 %, 53.61 W
2025/11/17 00:21:49.623, NVIDIA A100-SXM4-40GB, 0, P0, 210 MHz, 1215 MHz, 0 %, 0 %, 53.55 W
2025/11/17 00:21:49.827, NVIDIA A100-SXM4-40GB, 0, P0, 210 MHz, 1215 MHz, 0 %, 0 %, 53.55 W
2025/11/17 00:21:50.031, NVIDIA A100-SXM4-40GB, 0, P0, 210 MHz, 1215 MHz, 0 %, 0 %, 53.50 W
2025/11/17 00:21:50.234, NVIDIA A100-SXM4-40GB, 0, P0, 210 MHz, 1215 MHz, 0 %, 0 %, 53.66 W
2025/11/17 00:21:50.437, NVIDIA A100-SXM4-40GB, 0, P0, 210 MHz, 1215 MHz, 0 %, 0 %, 53.38 W
2025/11/17 00:21:50.642, NVIDIA A100-SXM4-40GB, 0, P0, 210 MHz, 1215 MHz, 0 %, 0 %, 53.55 W
2025/11/17 00:21:50.846, NVIDIA A100-SXM4-40GB, 0, P0, 210 MHz, 1215 MHz, 0 %, 0 %, 53.33 W
2025/11/17 00:21:51.049, NVIDIA A100-SXM4-40GB, 0, P0, 210 MHz, 1215 MHz, 0 %, 0 %, 53.66 W
2025/11/17 00:21:51.253, NVIDIA A100-SXM4-40GB, 0, P0, 210 MHz, 1215 MHz, 0 %, 0 %, 53.38 W
2025/11/17 00:21:51.457, NVIDIA A100-SXM4-40GB, 0, P0, 210 MHz, 1215 MHz, 0 %, 0 %, 53.55 W
2025/11/17 00:21:51.660, NVIDIA A100-SXM4-40GB, 0, P0, 210 MHz, 1215 MHz, 0 %, 0 %, 53.61 W
2025/11/17 00:21:51.863, NVIDIA A100-SXM4-40GB, 0, P0, 210 MHz, 1215 MHz, 0 %, 0 %, 53.55 W
2025/11/17 00:21:52.066, NVIDIA A100-SXM4-40GB, 0, P0, 210 MHz, 1215 MHz, 0 %, 0 %, 53.61 W
2025/11/17 00:21:52.270, NVIDIA A100-SXM4-40GB, 0, P0, 210 MHz, 1215 MHz, 0 %, 0 %, 53.44 W
2025/11/17 00:21:52.475, NVIDIA A100-SXM4-40GB, 0, P0, 210 MHz, 1215 MHz, 0 %, 0 %, 53.66 W
2025/11/17 00:21:52.679, NVIDIA A100-SXM4-40GB, 0, P0, 210 MHz, 1215 MHz, 0 %, 0 %, 53.55 W
2025/11/17 00:21:52.882, NVIDIA A100-SXM4-40GB, 0, P0, 210 MHz, 1215 MHz, 0 %, 0 %, 53.94 W
2025/11/17 00:21:53.085, NVIDIA A100-SXM4-40GB, 0, P0, 210 MHz, 1215 MHz, 0 %, 0 %, 53.55 W
2025/11/17 00:21:53.289, NVIDIA A100-SXM4-40GB, 0, P0, 210 MHz, 1215 MHz, 0 %, 0 %, 53.61 W
2025/11/17 00:21:53.492, NVIDIA A100-SXM4-40GB, 0, P0, 210 MHz, 1215 MHz, 0 %, 0 %, 53.94 W
2025/11/17 00:21:53.695, NVIDIA A100-SXM4-40GB, 0, P0, 210 MHz, 1215 MHz, 0 %, 0 %, 53.77 W
2025/11/17 00:21:53.899, NVIDIA A100-SXM4-40GB, 0, P0, 210 MHz, 1215 MHz, 0 %, 0 %, 53.94 W
2025/11/17 00:21:54.103, NVIDIA A100-SXM4-40GB, 0, P0, 210 MHz, 1215 MHz, 0 %, 0 %, 53.77 W
2025/11/17 00:21:54.308, NVIDIA A100-SXM4-40GB, 0, P0, 210 MHz, 1215 MHz, 0 %, 0 %, 53.94 W
2025/11/17 00:21:54.511, NVIDIA A100-SXM4-40GB, 0, P0, 210 MHz, 1215 MHz, 0 %, 0 %, 53.89 W
2025/11/17 00:21:54.715, NVIDIA A100-SXM4-40GB, 0, P0, 210 MHz, 1215 MHz, 0 %, 0 %, 53.77 W
2025/11/17 00:21:54.918, NVIDIA A100-SXM4-40GB, 0, P0, 210 MHz, 1215 MHz, 0 %, 0 %, 53.33 W
2025/11/17 00:21:55.122, NVIDIA A100-SXM4-40GB, 0, P0, 210 MHz, 1215 MHz, 0 %, 0 %, 53.77 W
2025/11/17 00:21:55.325, NVIDIA A100-SXM4-40GB, 0, P0, 210 MHz, 1215 MHz, 0 %, 0 %, 53.94 W
2025/11/17 00:21:55.528, NVIDIA A100-SXM4-40GB, 0, P0, 210 MHz, 1215 MHz, 0 %, 0 %, 53.44 W
2025/11/17 00:21:55.732, NVIDIA A100-SXM4-40GB, 0, P0, 210 MHz, 1215 MHz, 0 %, 0 %, 53.33 W
2025/11/17 00:21:55.936, NVIDIA A100-SXM4-40GB, 0, P0, 210 MHz, 1215 MHz, 0 %, 0 %, 53.72 W
2025/11/17 00:21:56.140, NVIDIA A100-SXM4-40GB, 0, P0, 210 MHz, 1215 MHz, 0 %, 0 %, 53.44 W
2025/11/17 00:21:56.343, NVIDIA A100-SXM4-40GB, 0, P0, 210 MHz, 1215 MHz, 0 %, 0 %, 53.55 W
2025/11/17 00:21:56.546, NVIDIA A100-SXM4-40GB, 0, P0, 210 MHz, 1215 MHz, 0 %, 0 %, 53.55 W
2025/11/17 00:21:56.750, NVIDIA A100-SXM4-40GB, 0, P0, 210 MHz, 1215 MHz, 0 %, 0 %, 53.61 W
2025/11/17 00:21:56.953, NVIDIA A100-SXM4-40GB, 0, P0, 210 MHz, 1215 MHz, 0 %, 0 %, 53.61 W
2025/11/17 00:21:57.156, NVIDIA A100-SXM4-40GB, 0, P0, 210 MHz, 1215 MHz, 0 %, 0 %, 53.55 W
2025/11/17 00:21:57.360, NVIDIA A100-SXM4-40GB, 0, P0, 210 MHz, 1215 MHz, 0 %, 0 %, 53.61 W
2025/11/17 00:21:57.563, NVIDIA A100-SXM4-40GB, 0, P0, 210 MHz, 1215 MHz, 0 %, 0 %, 53.27 W
2025/11/17 00:21:57.767, NVIDIA A100-SXM4-40GB, 0, P0, 210 MHz, 1215 MHz, 0 %, 0 %, 53.55 W
2025/11/17 00:21:57.972, NVIDIA A100-SXM4-40GB, 0, P0, 210 MHz, 1215 MHz, 0 %, 0 %, 53.50 W
2025/11/17 00:21:58.175, NVIDIA A100-SXM4-40GB, 0, P0, 210 MHz, 1215 MHz, 0 %, 0 %, 53.55 W
2025/11/17 00:21:58.378, NVIDIA A100-SXM4-40GB, 0, P0, 210 MHz, 1215 MHz, 0 %, 0 %, 53.61 W
2025/11/17 00:21:58.581, NVIDIA A100-SXM4-40GB, 0, P0, 210 MHz, 1215 MHz, 0 %, 0 %, 53.61 W
2025/11/17 00:21:58.785, NVIDIA A100-SXM4-40GB, 0, P0, 210 MHz, 1215 MHz, 0 %, 0 %, 53.44 W
2025/11/17 00:21:58.988, NVIDIA A100-SXM4-40GB, 0, P0, 210 MHz, 1215 MHz, 0 %, 0 %, 53.44 W
2025/11/17 00:21:59.192, NVIDIA A100-SXM4-40GB, 0, P0, 210 MHz, 1215 MHz, 0 %, 0 %, 53.55 W
2025/11/17 00:21:59.395, NVIDIA A100-SXM4-40GB, 0, P0, 210 MHz, 1215 MHz, 0 %, 0 %, 53.55 W
2025/11/17 00:21:59.599, NVIDIA A100-SXM4-40GB, 0, P0, 210 MHz, 1215 MHz, 0 %, 0 %, 53.66 W
2025/11/17 00:21:59.804, NVIDIA A100-SXM4-40GB, 0, P0, 210 MHz, 1215 MHz, 0 %, 0 %, 53.55 W
2025/11/17 00:22:00.008, NVIDIA A100-SXM4-40GB, 0, P0, 210 MHz, 1215 MHz, 0 %, 0 %, 53.55 W
